-- phpMyAdmin SQL Dump
-- version 5.2.0
-- https://www.phpmyadmin.net/
--
-- Host: localhost
-- Generation Time: Jun 05, 2023 at 05:08 AM
-- Server version: 10.4.25-MariaDB
-- PHP Version: 8.1.10

SET SQL_MODE = "NO_AUTO_VALUE_ON_ZERO";
START TRANSACTION;
SET time_zone = "+00:00";


/*!40101 SET @OLD_CHARACTER_SET_CLIENT=@@CHARACTER_SET_CLIENT */;
/*!40101 SET @OLD_CHARACTER_SET_RESULTS=@@CHARACTER_SET_RESULTS */;
/*!40101 SET @OLD_COLLATION_CONNECTION=@@COLLATION_CONNECTION */;
/*!40101 SET NAMES utf8mb4 */;

--
-- Database: `shop`
--

-- --------------------------------------------------------

--
-- Table structure for table `admin_permissions`
--

CREATE TABLE `admin_permissions` (
  `id` int(10) UNSIGNED NOT NULL,
  `action` varchar(255) DEFAULT NULL,
  `subject` varchar(255) DEFAULT NULL,
  `properties` longtext CHARACTER SET utf8mb4 COLLATE utf8mb4_bin DEFAULT NULL CHECK (json_valid(`properties`)),
  `conditions` longtext CHARACTER SET utf8mb4 COLLATE utf8mb4_bin DEFAULT NULL CHECK (json_valid(`conditions`)),
  `created_at` datetime(6) DEFAULT NULL,
  `updated_at` datetime(6) DEFAULT NULL,
  `created_by_id` int(10) UNSIGNED DEFAULT NULL,
  `updated_by_id` int(10) UNSIGNED DEFAULT NULL
) ENGINE=InnoDB DEFAULT CHARSET=utf8mb4;

--
-- Dumping data for table `admin_permissions`
--

INSERT INTO `admin_permissions` (`id`, `action`, `subject`, `properties`, `conditions`, `created_at`, `updated_at`, `created_by_id`, `updated_by_id`) VALUES
(1, 'plugin::upload.read', NULL, '{}', '[]', '2023-04-10 22:14:43.154000', '2023-04-10 22:14:43.154000', NULL, NULL),
(2, 'plugin::upload.configure-view', NULL, '{}', '[]', '2023-04-10 22:14:43.163000', '2023-04-10 22:14:43.163000', NULL, NULL),
(3, 'plugin::upload.assets.create', NULL, '{}', '[]', '2023-04-10 22:14:43.175000', '2023-04-10 22:14:43.175000', NULL, NULL),
(4, 'plugin::upload.assets.update', NULL, '{}', '[]', '2023-04-10 22:14:43.185000', '2023-04-10 22:14:43.185000', NULL, NULL),
(5, 'plugin::upload.assets.download', NULL, '{}', '[]', '2023-04-10 22:14:43.193000', '2023-04-10 22:14:43.193000', NULL, NULL),
(6, 'plugin::upload.assets.copy-link', NULL, '{}', '[]', '2023-04-10 22:14:43.203000', '2023-04-10 22:14:43.203000', NULL, NULL),
(7, 'plugin::upload.read', NULL, '{}', '[\"admin::is-creator\"]', '2023-04-10 22:14:43.213000', '2023-04-10 22:14:43.213000', NULL, NULL),
(8, 'plugin::upload.configure-view', NULL, '{}', '[]', '2023-04-10 22:14:43.224000', '2023-04-10 22:14:43.224000', NULL, NULL),
(9, 'plugin::upload.assets.create', NULL, '{}', '[]', '2023-04-10 22:14:43.233000', '2023-04-10 22:14:43.233000', NULL, NULL),
(10, 'plugin::upload.assets.update', NULL, '{}', '[\"admin::is-creator\"]', '2023-04-10 22:14:43.242000', '2023-04-10 22:14:43.242000', NULL, NULL),
(11, 'plugin::upload.assets.download', NULL, '{}', '[]', '2023-04-10 22:14:43.251000', '2023-04-10 22:14:43.251000', NULL, NULL),
(12, 'plugin::upload.assets.copy-link', NULL, '{}', '[]', '2023-04-10 22:14:43.260000', '2023-04-10 22:14:43.260000', NULL, NULL),
(16, 'plugin::content-manager.explorer.delete', 'plugin::users-permissions.user', '{}', '[]', '2023-04-10 22:14:43.317000', '2023-04-10 22:14:43.317000', NULL, NULL),
(17, 'plugin::content-manager.single-types.configure-view', NULL, '{}', '[]', '2023-04-10 22:14:43.326000', '2023-04-10 22:14:43.326000', NULL, NULL),
(18, 'plugin::content-manager.collection-types.configure-view', NULL, '{}', '[]', '2023-04-10 22:14:43.335000', '2023-04-10 22:14:43.335000', NULL, NULL),
(19, 'plugin::content-manager.components.configure-layout', NULL, '{}', '[]', '2023-04-10 22:14:43.344000', '2023-04-10 22:14:43.344000', NULL, NULL),
(20, 'plugin::content-type-builder.read', NULL, '{}', '[]', '2023-04-10 22:14:43.355000', '2023-04-10 22:14:43.355000', NULL, NULL),
(21, 'plugin::email.settings.read', NULL, '{}', '[]', '2023-04-10 22:14:43.364000', '2023-04-10 22:14:43.364000', NULL, NULL),
(22, 'plugin::upload.read', NULL, '{}', '[]', '2023-04-10 22:14:43.374000', '2023-04-10 22:14:43.374000', NULL, NULL),
(23, 'plugin::upload.assets.create', NULL, '{}', '[]', '2023-04-10 22:14:43.383000', '2023-04-10 22:14:43.383000', NULL, NULL),
(24, 'plugin::upload.assets.update', NULL, '{}', '[]', '2023-04-10 22:14:43.391000', '2023-04-10 22:14:43.391000', NULL, NULL),
(25, 'plugin::upload.assets.download', NULL, '{}', '[]', '2023-04-10 22:14:43.400000', '2023-04-10 22:14:43.400000', NULL, NULL),
(26, 'plugin::upload.assets.copy-link', NULL, '{}', '[]', '2023-04-10 22:14:43.410000', '2023-04-10 22:14:43.410000', NULL, NULL),
(27, 'plugin::upload.configure-view', NULL, '{}', '[]', '2023-04-10 22:14:43.419000', '2023-04-10 22:14:43.419000', NULL, NULL),
(28, 'plugin::upload.settings.read', NULL, '{}', '[]', '2023-04-10 22:14:43.428000', '2023-04-10 22:14:43.428000', NULL, NULL),
(29, 'plugin::users-permissions.roles.create', NULL, '{}', '[]', '2023-04-10 22:14:43.436000', '2023-04-10 22:14:43.436000', NULL, NULL),
(30, 'plugin::users-permissions.roles.read', NULL, '{}', '[]', '2023-04-10 22:14:43.445000', '2023-04-10 22:14:43.445000', NULL, NULL),
(31, 'plugin::users-permissions.roles.update', NULL, '{}', '[]', '2023-04-10 22:14:43.454000', '2023-04-10 22:14:43.454000', NULL, NULL),
(32, 'plugin::users-permissions.roles.delete', NULL, '{}', '[]', '2023-04-10 22:14:43.467000', '2023-04-10 22:14:43.467000', NULL, NULL),
(33, 'plugin::users-permissions.providers.read', NULL, '{}', '[]', '2023-04-10 22:14:43.524000', '2023-04-10 22:14:43.524000', NULL, NULL),
(34, 'plugin::users-permissions.providers.update', NULL, '{}', '[]', '2023-04-10 22:14:43.539000', '2023-04-10 22:14:43.539000', NULL, NULL),
(35, 'plugin::users-permissions.email-templates.read', NULL, '{}', '[]', '2023-04-10 22:14:43.552000', '2023-04-10 22:14:43.552000', NULL, NULL),
(36, 'plugin::users-permissions.email-templates.update', NULL, '{}', '[]', '2023-04-10 22:14:43.564000', '2023-04-10 22:14:43.564000', NULL, NULL),
(37, 'plugin::users-permissions.advanced-settings.read', NULL, '{}', '[]', '2023-04-10 22:14:43.575000', '2023-04-10 22:14:43.575000', NULL, NULL),
(38, 'plugin::users-permissions.advanced-settings.update', NULL, '{}', '[]', '2023-04-10 22:14:43.587000', '2023-04-10 22:14:43.587000', NULL, NULL),
(39, 'plugin::i18n.locale.create', NULL, '{}', '[]', '2023-04-10 22:14:43.599000', '2023-04-10 22:14:43.599000', NULL, NULL),
(40, 'plugin::i18n.locale.read', NULL, '{}', '[]', '2023-04-10 22:14:43.610000', '2023-04-10 22:14:43.610000', NULL, NULL),
(41, 'plugin::i18n.locale.update', NULL, '{}', '[]', '2023-04-10 22:14:43.621000', '2023-04-10 22:14:43.621000', NULL, NULL),
(42, 'plugin::i18n.locale.delete', NULL, '{}', '[]', '2023-04-10 22:14:43.632000', '2023-04-10 22:14:43.632000', NULL, NULL),
(43, 'admin::marketplace.read', NULL, '{}', '[]', '2023-04-10 22:14:43.642000', '2023-04-10 22:14:43.642000', NULL, NULL),
(44, 'admin::webhooks.create', NULL, '{}', '[]', '2023-04-10 22:14:43.651000', '2023-04-10 22:14:43.651000', NULL, NULL),
(45, 'admin::webhooks.read', NULL, '{}', '[]', '2023-04-10 22:14:43.659000', '2023-04-10 22:14:43.659000', NULL, NULL),
(46, 'admin::webhooks.update', NULL, '{}', '[]', '2023-04-10 22:14:43.667000', '2023-04-10 22:14:43.667000', NULL, NULL),
(47, 'admin::webhooks.delete', NULL, '{}', '[]', '2023-04-10 22:14:43.677000', '2023-04-10 22:14:43.677000', NULL, NULL),
(48, 'admin::users.create', NULL, '{}', '[]', '2023-04-10 22:14:43.685000', '2023-04-10 22:14:43.685000', NULL, NULL),
(49, 'admin::users.read', NULL, '{}', '[]', '2023-04-10 22:14:43.693000', '2023-04-10 22:14:43.693000', NULL, NULL),
(50, 'admin::users.update', NULL, '{}', '[]', '2023-04-10 22:14:43.701000', '2023-04-10 22:14:43.701000', NULL, NULL),
(51, 'admin::users.delete', NULL, '{}', '[]', '2023-04-10 22:14:43.710000', '2023-04-10 22:14:43.710000', NULL, NULL),
(52, 'admin::roles.create', NULL, '{}', '[]', '2023-04-10 22:14:43.718000', '2023-04-10 22:14:43.718000', NULL, NULL),
(53, 'admin::roles.read', NULL, '{}', '[]', '2023-04-10 22:14:43.727000', '2023-04-10 22:14:43.727000', NULL, NULL),
(54, 'admin::roles.update', NULL, '{}', '[]', '2023-04-10 22:14:43.736000', '2023-04-10 22:14:43.736000', NULL, NULL),
(55, 'admin::roles.delete', NULL, '{}', '[]', '2023-04-10 22:14:43.744000', '2023-04-10 22:14:43.744000', NULL, NULL),
(56, 'admin::api-tokens.access', NULL, '{}', '[]', '2023-04-10 22:14:43.753000', '2023-04-10 22:14:43.753000', NULL, NULL),
(57, 'admin::api-tokens.create', NULL, '{}', '[]', '2023-04-10 22:14:43.762000', '2023-04-10 22:14:43.762000', NULL, NULL),
(58, 'admin::api-tokens.read', NULL, '{}', '[]', '2023-04-10 22:14:43.770000', '2023-04-10 22:14:43.770000', NULL, NULL),
(59, 'admin::api-tokens.update', NULL, '{}', '[]', '2023-04-10 22:14:43.778000', '2023-04-10 22:14:43.778000', NULL, NULL),
(60, 'admin::api-tokens.regenerate', NULL, '{}', '[]', '2023-04-10 22:14:43.786000', '2023-04-10 22:14:43.786000', NULL, NULL),
(61, 'admin::api-tokens.delete', NULL, '{}', '[]', '2023-04-10 22:14:43.796000', '2023-04-10 22:14:43.796000', NULL, NULL),
(62, 'admin::project-settings.update', NULL, '{}', '[]', '2023-04-10 22:14:43.806000', '2023-04-10 22:14:43.806000', NULL, NULL),
(63, 'admin::project-settings.read', NULL, '{}', '[]', '2023-04-10 22:14:43.814000', '2023-04-10 22:14:43.814000', NULL, NULL),
(64, 'admin::transfer.tokens.access', NULL, '{}', '[]', '2023-04-10 22:14:43.823000', '2023-04-10 22:14:43.823000', NULL, NULL),
(65, 'admin::transfer.tokens.create', NULL, '{}', '[]', '2023-04-10 22:14:43.832000', '2023-04-10 22:14:43.832000', NULL, NULL),
(66, 'admin::transfer.tokens.read', NULL, '{}', '[]', '2023-04-10 22:14:43.840000', '2023-04-10 22:14:43.840000', NULL, NULL),
(67, 'admin::transfer.tokens.update', NULL, '{}', '[]', '2023-04-10 22:14:43.850000', '2023-04-10 22:14:43.850000', NULL, NULL),
(68, 'admin::transfer.tokens.regenerate', NULL, '{}', '[]', '2023-04-10 22:14:43.860000', '2023-04-10 22:14:43.860000', NULL, NULL),
(69, 'admin::transfer.tokens.delete', NULL, '{}', '[]', '2023-04-10 22:14:43.868000', '2023-04-10 22:14:43.868000', NULL, NULL),
(73, 'plugin::content-manager.explorer.delete', 'api::product.product', '{}', '[]', '2023-04-10 22:23:22.580000', '2023-04-10 22:23:22.580000', NULL, NULL),
(74, 'plugin::content-manager.explorer.publish', 'api::product.product', '{}', '[]', '2023-04-10 22:23:22.589000', '2023-04-10 22:23:22.589000', NULL, NULL),
(75, 'plugin::content-manager.explorer.create', 'api::category.category', '{\"fields\":[\"name\",\"slug\",\"products\"]}', '[]', '2023-04-10 22:24:46.943000', '2023-04-10 22:24:46.943000', NULL, NULL),
(77, 'plugin::content-manager.explorer.read', 'api::category.category', '{\"fields\":[\"name\",\"slug\",\"products\"]}', '[]', '2023-04-10 22:24:46.963000', '2023-04-10 22:24:46.963000', NULL, NULL),
(79, 'plugin::content-manager.explorer.update', 'api::category.category', '{\"fields\":[\"name\",\"slug\",\"products\"]}', '[]', '2023-04-10 22:24:46.981000', '2023-04-10 22:24:46.981000', NULL, NULL),
(81, 'plugin::content-manager.explorer.delete', 'api::category.category', '{}', '[]', '2023-04-10 22:24:47.000000', '2023-04-10 22:24:47.000000', NULL, NULL),
(82, 'plugin::content-manager.explorer.publish', 'api::category.category', '{}', '[]', '2023-04-10 22:24:47.010000', '2023-04-10 22:24:47.010000', NULL, NULL),
(86, 'plugin::content-manager.explorer.delete', 'api::order.order', '{}', '[]', '2023-04-10 22:26:31.897000', '2023-04-10 22:26:31.897000', NULL, NULL),
(87, 'plugin::content-manager.explorer.publish', 'api::order.order', '{}', '[]', '2023-04-10 22:26:31.909000', '2023-04-10 22:26:31.909000', NULL, NULL),
(100, 'plugin::documentation.read', NULL, '{}', '[]', '2023-04-11 19:50:25.008000', '2023-04-11 19:50:25.008000', NULL, NULL),
(101, 'plugin::documentation.settings.update', NULL, '{}', '[]', '2023-04-11 19:50:25.019000', '2023-04-11 19:50:25.019000', NULL, NULL),
(102, 'plugin::documentation.settings.regenerate', NULL, '{}', '[]', '2023-04-11 19:50:25.028000', '2023-04-11 19:50:25.028000', NULL, NULL),
(103, 'plugin::documentation.settings.read', NULL, '{}', '[]', '2023-04-11 19:50:25.040000', '2023-04-11 19:50:25.040000', NULL, NULL),
(130, 'plugin::content-manager.explorer.create', 'api::product.product', '{\"fields\":[\"name\",\"subtitle\",\"price\",\"description\",\"image\",\"thumbnail\",\"original_price\",\"slug\",\"categories\",\"sizes.name\",\"sizes.stock\",\"cards\"]}', '[]', '2023-04-16 04:27:18.789000', '2023-04-16 04:27:18.789000', NULL, NULL),
(133, 'plugin::content-manager.explorer.read', 'api::product.product', '{\"fields\":[\"name\",\"subtitle\",\"price\",\"description\",\"image\",\"thumbnail\",\"original_price\",\"slug\",\"categories\",\"sizes.name\",\"sizes.stock\",\"cards\"]}', '[]', '2023-04-16 04:27:18.840000', '2023-04-16 04:27:18.840000', NULL, NULL),
(136, 'plugin::content-manager.explorer.update', 'api::product.product', '{\"fields\":[\"name\",\"subtitle\",\"price\",\"description\",\"image\",\"thumbnail\",\"original_price\",\"slug\",\"categories\",\"sizes.name\",\"sizes.stock\",\"cards\"]}', '[]', '2023-04-16 04:27:18.940000', '2023-04-16 04:27:18.940000', NULL, NULL),
(137, 'plugin::content-manager.explorer.delete', 'api::card.card', '{}', '[]', '2023-04-16 04:27:18.955000', '2023-04-16 04:27:18.955000', NULL, NULL),
(169, 'plugin::content-manager.explorer.create', 'api::card.card', '{\"fields\":[\"products\",\"users_permissions_user\",\"listProduct.products\",\"listProduct.size.name\",\"listProduct.size.stock\",\"productId\",\"size\",\"stock\",\"userId\",\"oneQuantityPrice\"]}', '[]', '2023-04-18 20:11:38.813000', '2023-04-18 20:11:38.813000', NULL, NULL),
(170, 'plugin::content-manager.explorer.read', 'api::card.card', '{\"fields\":[\"products\",\"users_permissions_user\",\"listProduct.products\",\"listProduct.size.name\",\"listProduct.size.stock\",\"productId\",\"size\",\"stock\",\"userId\",\"oneQuantityPrice\"]}', '[]', '2023-04-18 20:11:38.827000', '2023-04-18 20:11:38.827000', NULL, NULL),
(171, 'plugin::content-manager.explorer.update', 'api::card.card', '{\"fields\":[\"products\",\"users_permissions_user\",\"listProduct.products\",\"listProduct.size.name\",\"listProduct.size.stock\",\"productId\",\"size\",\"stock\",\"userId\",\"oneQuantityPrice\"]}', '[]', '2023-04-18 20:11:38.841000', '2023-04-18 20:11:38.841000', NULL, NULL),
(178, 'plugin::content-manager.explorer.create', 'api::address.address', '{\"fields\":[\"userId\",\"address\"]}', '[]', '2023-04-23 17:50:06.444000', '2023-04-23 17:50:06.444000', NULL, NULL),
(179, 'plugin::content-manager.explorer.read', 'api::address.address', '{\"fields\":[\"userId\",\"address\"]}', '[]', '2023-04-23 17:50:06.702000', '2023-04-23 17:50:06.702000', NULL, NULL),
(180, 'plugin::content-manager.explorer.update', 'api::address.address', '{\"fields\":[\"userId\",\"address\"]}', '[]', '2023-04-23 17:50:06.731000', '2023-04-23 17:50:06.731000', NULL, NULL),
(181, 'plugin::content-manager.explorer.delete', 'api::address.address', '{}', '[]', '2023-04-23 17:50:06.747000', '2023-04-23 17:50:06.747000', NULL, NULL),
(182, 'plugin::content-manager.explorer.publish', 'api::address.address', '{}', '[]', '2023-04-23 17:50:06.767000', '2023-04-23 17:50:06.767000', NULL, NULL),
(192, 'plugin::content-manager.explorer.create', 'api::order.order', '{\"fields\":[\"user\",\"totalPrice\",\"address\",\"paymentMethod\",\"product.count\",\"product.price\",\"product.product\",\"status\",\"listProducts\",\"name\",\"email\",\"phone\",\"orderId\",\"userId\"]}', '[]', '2023-05-03 01:33:41.443000', '2023-05-03 01:33:41.443000', NULL, NULL),
(193, 'plugin::content-manager.explorer.read', 'api::order.order', '{\"fields\":[\"user\",\"totalPrice\",\"address\",\"paymentMethod\",\"product.count\",\"product.price\",\"product.product\",\"status\",\"listProducts\",\"name\",\"email\",\"phone\",\"orderId\",\"userId\"]}', '[]', '2023-05-03 01:33:41.454000', '2023-05-03 01:33:41.454000', NULL, NULL),
(194, 'plugin::content-manager.explorer.update', 'api::order.order', '{\"fields\":[\"user\",\"totalPrice\",\"address\",\"paymentMethod\",\"product.count\",\"product.price\",\"product.product\",\"status\",\"listProducts\",\"name\",\"email\",\"phone\",\"orderId\",\"userId\"]}', '[]', '2023-05-03 01:33:41.464000', '2023-05-03 01:33:41.464000', NULL, NULL),
(195, 'plugin::content-manager.explorer.create', 'api::favorite-product.favorite-product', '{\"fields\":[\"userId\",\"productId\"]}', '[]', '2023-05-04 14:08:10.282000', '2023-05-04 14:08:10.282000', NULL, NULL),
(196, 'plugin::content-manager.explorer.read', 'api::favorite-product.favorite-product', '{\"fields\":[\"userId\",\"productId\"]}', '[]', '2023-05-04 14:08:10.294000', '2023-05-04 14:08:10.294000', NULL, NULL),
(197, 'plugin::content-manager.explorer.update', 'api::favorite-product.favorite-product', '{\"fields\":[\"userId\",\"productId\"]}', '[]', '2023-05-04 14:08:10.304000', '2023-05-04 14:08:10.304000', NULL, NULL),
(198, 'plugin::content-manager.explorer.delete', 'api::favorite-product.favorite-product', '{}', '[]', '2023-05-04 14:08:10.315000', '2023-05-04 14:08:10.315000', NULL, NULL),
(203, 'plugin::content-manager.explorer.delete', 'api::comment.comment', '{}', '[]', '2023-05-10 22:23:43.497000', '2023-05-10 22:23:43.497000', NULL, NULL),
(204, 'plugin::content-manager.explorer.publish', 'api::comment.comment', '{}', '[]', '2023-05-10 22:23:43.511000', '2023-05-10 22:23:43.511000', NULL, NULL),
(211, 'plugin::content-manager.explorer.create', 'plugin::users-permissions.user', '{\"fields\":[\"username\",\"email\",\"provider\",\"password\",\"resetPasswordToken\",\"confirmationToken\",\"confirmed\",\"blocked\",\"role\",\"userRole\",\"phone\",\"address\"]}', '[]', '2023-05-11 22:14:58.136000', '2023-05-11 22:14:58.136000', NULL, NULL),
(212, 'plugin::content-manager.explorer.create', 'api::comment.comment', '{\"fields\":[\"productId\",\"userId\",\"comment\",\"users_permissions_user\"]}', '[]', '2023-05-11 22:14:58.154000', '2023-05-11 22:14:58.154000', NULL, NULL),
(213, 'plugin::content-manager.explorer.read', 'plugin::users-permissions.user', '{\"fields\":[\"username\",\"email\",\"provider\",\"password\",\"resetPasswordToken\",\"confirmationToken\",\"confirmed\",\"blocked\",\"role\",\"userRole\",\"phone\",\"address\"]}', '[]', '2023-05-11 22:14:58.167000', '2023-05-11 22:14:58.167000', NULL, NULL),
(214, 'plugin::content-manager.explorer.read', 'api::comment.comment', '{\"fields\":[\"productId\",\"userId\",\"comment\",\"users_permissions_user\"]}', '[]', '2023-05-11 22:14:58.185000', '2023-05-11 22:14:58.185000', NULL, NULL),
(215, 'plugin::content-manager.explorer.update', 'plugin::users-permissions.user', '{\"fields\":[\"username\",\"email\",\"provider\",\"password\",\"resetPasswordToken\",\"confirmationToken\",\"confirmed\",\"blocked\",\"role\",\"userRole\",\"phone\",\"address\"]}', '[]', '2023-05-11 22:14:58.202000', '2023-05-11 22:14:58.202000', NULL, NULL),
(216, 'plugin::content-manager.explorer.update', 'api::comment.comment', '{\"fields\":[\"productId\",\"userId\",\"comment\",\"users_permissions_user\"]}', '[]', '2023-05-11 22:14:58.223000', '2023-05-11 22:14:58.223000', NULL, NULL);

-- --------------------------------------------------------

--
-- Table structure for table `admin_permissions_role_links`
--

CREATE TABLE `admin_permissions_role_links` (
  `id` int(10) UNSIGNED NOT NULL,
  `permission_id` int(10) UNSIGNED DEFAULT NULL,
  `role_id` int(10) UNSIGNED DEFAULT NULL,
  `permission_order` double UNSIGNED DEFAULT NULL
) ENGINE=InnoDB DEFAULT CHARSET=utf8mb4;

--
-- Dumping data for table `admin_permissions_role_links`
--

INSERT INTO `admin_permissions_role_links` (`id`, `permission_id`, `role_id`, `permission_order`) VALUES
(1, 1, 2, 1),
(2, 2, 2, 2),
(3, 3, 2, 3),
(4, 4, 2, 4),
(5, 5, 2, 5),
(6, 6, 2, 6),
(7, 7, 3, 1),
(8, 8, 3, 2),
(9, 9, 3, 3),
(10, 10, 3, 4),
(11, 11, 3, 5),
(12, 12, 3, 6),
(16, 16, 1, 4),
(17, 17, 1, 5),
(18, 18, 1, 6),
(19, 19, 1, 7),
(20, 20, 1, 8),
(21, 21, 1, 9),
(22, 22, 1, 10),
(23, 23, 1, 11),
(24, 24, 1, 12),
(25, 25, 1, 13),
(26, 26, 1, 14),
(27, 27, 1, 15),
(28, 28, 1, 16),
(29, 29, 1, 17),
(30, 30, 1, 18),
(31, 31, 1, 19),
(32, 32, 1, 20),
(33, 33, 1, 21),
(34, 34, 1, 22),
(35, 35, 1, 23),
(36, 36, 1, 24),
(37, 37, 1, 25),
(38, 38, 1, 26),
(39, 39, 1, 27),
(40, 40, 1, 28),
(41, 41, 1, 29),
(42, 42, 1, 30),
(43, 43, 1, 31),
(44, 44, 1, 32),
(45, 45, 1, 33),
(46, 46, 1, 34),
(47, 47, 1, 35),
(48, 48, 1, 36),
(49, 49, 1, 37),
(50, 50, 1, 38),
(51, 51, 1, 39),
(52, 52, 1, 40),
(53, 53, 1, 41),
(54, 54, 1, 42),
(55, 55, 1, 43),
(56, 56, 1, 44),
(57, 57, 1, 45),
(58, 58, 1, 46),
(59, 59, 1, 47),
(60, 60, 1, 48),
(61, 61, 1, 49),
(62, 62, 1, 50),
(63, 63, 1, 51),
(64, 64, 1, 52),
(65, 65, 1, 53),
(66, 66, 1, 54),
(67, 67, 1, 55),
(68, 68, 1, 56),
(69, 69, 1, 57),
(73, 73, 1, 61),
(74, 74, 1, 62),
(75, 75, 1, 63),
(77, 77, 1, 65),
(79, 79, 1, 67),
(81, 81, 1, 69),
(82, 82, 1, 70),
(86, 86, 1, 74),
(87, 87, 1, 75),
(100, 100, 1, 82),
(101, 101, 1, 83),
(102, 102, 1, 84),
(103, 103, 1, 85),
(130, 130, 1, 94),
(133, 133, 1, 97),
(136, 136, 1, 100),
(137, 137, 1, 101),
(169, 169, 1, 108),
(170, 170, 1, 109),
(171, 171, 1, 110),
(178, 178, 1, 117),
(179, 179, 1, 118),
(180, 180, 1, 119),
(181, 181, 1, 120),
(182, 182, 1, 121),
(192, 192, 1, 128),
(193, 193, 1, 129),
(194, 194, 1, 130),
(195, 195, 1, 131),
(196, 196, 1, 132),
(197, 197, 1, 133),
(198, 198, 1, 134),
(203, 203, 1, 138),
(204, 204, 1, 139),
(211, 211, 1, 140),
(212, 212, 1, 141),
(213, 213, 1, 142),
(214, 214, 1, 143),
(215, 215, 1, 144),
(216, 216, 1, 145);

-- --------------------------------------------------------

--
-- Table structure for table `admin_roles`
--

CREATE TABLE `admin_roles` (
  `id` int(10) UNSIGNED NOT NULL,
  `name` varchar(255) DEFAULT NULL,
  `code` varchar(255) DEFAULT NULL,
  `description` varchar(255) DEFAULT NULL,
  `created_at` datetime(6) DEFAULT NULL,
  `updated_at` datetime(6) DEFAULT NULL,
  `created_by_id` int(10) UNSIGNED DEFAULT NULL,
  `updated_by_id` int(10) UNSIGNED DEFAULT NULL
) ENGINE=InnoDB DEFAULT CHARSET=utf8mb4;

--
-- Dumping data for table `admin_roles`
--

INSERT INTO `admin_roles` (`id`, `name`, `code`, `description`, `created_at`, `updated_at`, `created_by_id`, `updated_by_id`) VALUES
(1, 'Super Admin', 'strapi-super-admin', 'Super Admins can access and manage all features and settings.', '2023-04-10 22:14:43.131000', '2023-04-10 22:14:43.131000', NULL, NULL),
(2, 'Editor', 'strapi-editor', 'Editors can manage and publish contents including those of other users.', '2023-04-10 22:14:43.139000', '2023-04-10 22:14:43.139000', NULL, NULL),
(3, 'Author', 'strapi-author', 'Authors can manage the content they have created.', '2023-04-10 22:14:43.148000', '2023-04-10 22:14:43.148000', NULL, NULL);

-- --------------------------------------------------------

--
-- Table structure for table `admin_users`
--

CREATE TABLE `admin_users` (
  `id` int(10) UNSIGNED NOT NULL,
  `firstname` varchar(255) DEFAULT NULL,
  `lastname` varchar(255) DEFAULT NULL,
  `username` varchar(255) DEFAULT NULL,
  `email` varchar(255) DEFAULT NULL,
  `password` varchar(255) DEFAULT NULL,
  `reset_password_token` varchar(255) DEFAULT NULL,
  `registration_token` varchar(255) DEFAULT NULL,
  `is_active` tinyint(1) DEFAULT NULL,
  `blocked` tinyint(1) DEFAULT NULL,
  `prefered_language` varchar(255) DEFAULT NULL,
  `created_at` datetime(6) DEFAULT NULL,
  `updated_at` datetime(6) DEFAULT NULL,
  `created_by_id` int(10) UNSIGNED DEFAULT NULL,
  `updated_by_id` int(10) UNSIGNED DEFAULT NULL
) ENGINE=InnoDB DEFAULT CHARSET=utf8mb4;

--
-- Dumping data for table `admin_users`
--

INSERT INTO `admin_users` (`id`, `firstname`, `lastname`, `username`, `email`, `password`, `reset_password_token`, `registration_token`, `is_active`, `blocked`, `prefered_language`, `created_at`, `updated_at`, `created_by_id`, `updated_by_id`) VALUES
(1, 'tuan', 'nguyen', NULL, 'nbtuan59k3cntt.dhv@gmail.com', '$2a$10$qgsgSV12/Ydf6Sej4cyBhucLxQPOEQhP9O4L0ngveLn.MY2URQoPS', NULL, NULL, 1, 0, NULL, '2023-04-10 22:14:55.971000', '2023-04-10 22:14:55.971000', NULL, NULL);

-- --------------------------------------------------------

--
-- Table structure for table `admin_users_roles_links`
--

CREATE TABLE `admin_users_roles_links` (
  `id` int(10) UNSIGNED NOT NULL,
  `user_id` int(10) UNSIGNED DEFAULT NULL,
  `role_id` int(10) UNSIGNED DEFAULT NULL,
  `role_order` double UNSIGNED DEFAULT NULL,
  `user_order` double UNSIGNED DEFAULT NULL
) ENGINE=InnoDB DEFAULT CHARSET=utf8mb4;

--
-- Dumping data for table `admin_users_roles_links`
--

INSERT INTO `admin_users_roles_links` (`id`, `user_id`, `role_id`, `role_order`, `user_order`) VALUES
(1, 1, 1, 1, 1);

-- --------------------------------------------------------

--
-- Table structure for table `cards`
--

CREATE TABLE `cards` (
  `id` int(10) UNSIGNED NOT NULL,
  `created_at` datetime(6) DEFAULT NULL,
  `updated_at` datetime(6) DEFAULT NULL,
  `created_by_id` int(10) UNSIGNED DEFAULT NULL,
  `updated_by_id` int(10) UNSIGNED DEFAULT NULL,
  `product_id` varchar(255) DEFAULT NULL,
  `size` varchar(255) DEFAULT NULL,
  `stock` varchar(255) DEFAULT NULL,
  `user_id` varchar(255) DEFAULT NULL,
  `one_quantity_price` varchar(255) DEFAULT NULL
) ENGINE=InnoDB DEFAULT CHARSET=utf8mb4;

--
-- Dumping data for table `cards`
--

INSERT INTO `cards` (`id`, `created_at`, `updated_at`, `created_by_id`, `updated_by_id`, `product_id`, `size`, `stock`, `user_id`, `one_quantity_price`) VALUES
(177, NULL, NULL, NULL, NULL, '34', '38', '1', '5', NULL);

-- --------------------------------------------------------

--
-- Table structure for table `cards_components`
--

CREATE TABLE `cards_components` (
  `id` int(10) UNSIGNED NOT NULL,
  `entity_id` int(10) UNSIGNED DEFAULT NULL,
  `component_id` int(10) UNSIGNED DEFAULT NULL,
  `component_type` varchar(255) DEFAULT NULL,
  `field` varchar(255) DEFAULT NULL,
  `order` double UNSIGNED DEFAULT NULL
) ENGINE=InnoDB DEFAULT CHARSET=utf8mb4;

-- --------------------------------------------------------

--
-- Table structure for table `cards_products_links`
--

CREATE TABLE `cards_products_links` (
  `id` int(10) UNSIGNED NOT NULL,
  `card_id` int(10) UNSIGNED DEFAULT NULL,
  `product_id` int(10) UNSIGNED DEFAULT NULL,
  `product_order` double UNSIGNED DEFAULT NULL,
  `card_order` double UNSIGNED DEFAULT NULL
) ENGINE=InnoDB DEFAULT CHARSET=utf8mb4;

-- --------------------------------------------------------

--
-- Table structure for table `cards_users_permissions_user_links`
--

CREATE TABLE `cards_users_permissions_user_links` (
  `id` int(10) UNSIGNED NOT NULL,
  `card_id` int(10) UNSIGNED DEFAULT NULL,
  `user_id` int(10) UNSIGNED DEFAULT NULL
) ENGINE=InnoDB DEFAULT CHARSET=utf8mb4;

-- --------------------------------------------------------

--
-- Table structure for table `categories`
--

CREATE TABLE `categories` (
  `id` int(10) UNSIGNED NOT NULL,
  `name` varchar(255) DEFAULT NULL,
  `slug` varchar(255) DEFAULT NULL,
  `created_at` datetime(6) DEFAULT NULL,
  `updated_at` datetime(6) DEFAULT NULL,
  `published_at` datetime(6) DEFAULT NULL,
  `created_by_id` int(10) UNSIGNED DEFAULT NULL,
  `updated_by_id` int(10) UNSIGNED DEFAULT NULL
) ENGINE=InnoDB DEFAULT CHARSET=utf8mb4;

--
-- Dumping data for table `categories`
--

INSERT INTO `categories` (`id`, `name`, `slug`, `created_at`, `updated_at`, `published_at`, `created_by_id`, `updated_by_id`) VALUES
(1, 'Jordan', 'jordan', '2023-04-10 22:34:36.502000', '2023-04-10 22:34:38.713000', '2023-04-10 22:34:38.710000', 1, 1),
(2, 'Nike', 'football-shoes', '2023-04-10 22:35:35.994000', '2023-05-12 04:06:37.344000', '2023-04-10 22:35:36.655000', 1, 1),
(3, 'Adidas', 'sneakers', '2023-04-10 22:35:56.810000', '2023-05-12 04:06:44.463000', '2023-04-10 22:35:57.497000', 1, 1),
(4, 'Lining', 'running-shoes', '2023-04-10 22:36:18.091000', '2023-05-12 04:07:50.240000', '2023-04-10 22:36:23.381000', 1, 1);

-- --------------------------------------------------------

--
-- Table structure for table `components_cart_data_cart_data`
--

CREATE TABLE `components_cart_data_cart_data` (
  `id` int(10) UNSIGNED NOT NULL,
  `product_id` varchar(255) DEFAULT NULL
) ENGINE=InnoDB DEFAULT CHARSET=utf8mb4;

--
-- Dumping data for table `components_cart_data_cart_data`
--

INSERT INTO `components_cart_data_cart_data` (`id`, `product_id`) VALUES
(1, '1');

-- --------------------------------------------------------

--
-- Table structure for table `components_cart_data_cart_data_components`
--

CREATE TABLE `components_cart_data_cart_data_components` (
  `id` int(10) UNSIGNED NOT NULL,
  `entity_id` int(10) UNSIGNED DEFAULT NULL,
  `component_id` int(10) UNSIGNED DEFAULT NULL,
  `component_type` varchar(255) DEFAULT NULL,
  `field` varchar(255) DEFAULT NULL,
  `order` double UNSIGNED DEFAULT NULL
) ENGINE=InnoDB DEFAULT CHARSET=utf8mb4;

--
-- Dumping data for table `components_cart_data_cart_data_components`
--

INSERT INTO `components_cart_data_cart_data_components` (`id`, `entity_id`, `component_id`, `component_type`, `field`, `order`) VALUES
(1, 1, 35, 'size.sizes', 'size', NULL);

-- --------------------------------------------------------

--
-- Table structure for table `components_cart_product_cart_products`
--

CREATE TABLE `components_cart_product_cart_products` (
  `id` int(10) UNSIGNED NOT NULL
) ENGINE=InnoDB DEFAULT CHARSET=utf8mb4;

--
-- Dumping data for table `components_cart_product_cart_products`
--

INSERT INTO `components_cart_product_cart_products` (`id`) VALUES
(1),
(2),
(3),
(4),
(7),
(8),
(9),
(10);

-- --------------------------------------------------------

--
-- Table structure for table `components_cart_product_cart_products_components`
--

CREATE TABLE `components_cart_product_cart_products_components` (
  `id` int(10) UNSIGNED NOT NULL,
  `entity_id` int(10) UNSIGNED DEFAULT NULL,
  `component_id` int(10) UNSIGNED DEFAULT NULL,
  `component_type` varchar(255) DEFAULT NULL,
  `field` varchar(255) DEFAULT NULL,
  `order` double UNSIGNED DEFAULT NULL
) ENGINE=InnoDB DEFAULT CHARSET=utf8mb4;

--
-- Dumping data for table `components_cart_product_cart_products_components`
--

INSERT INTO `components_cart_product_cart_products_components` (`id`, `entity_id`, `component_id`, `component_type`, `field`, `order`) VALUES
(1, 1, 29, 'size.sizes', 'size', 1),
(2, 1, 30, 'size.sizes', 'size', 2),
(3, 2, 31, 'size.sizes', 'size', 1),
(4, 2, 32, 'size.sizes', 'size', 2),
(45, 3, 36, 'size.sizes', 'size', 1),
(46, 3, 37, 'size.sizes', 'size', 2),
(47, 4, 38, 'size.sizes', 'size', 1),
(48, 4, 39, 'size.sizes', 'size', 2),
(57, 7, 44, 'size.sizes', 'size', 1),
(58, 7, 45, 'size.sizes', 'size', 2),
(59, 8, 46, 'size.sizes', 'size', 1),
(60, 8, 47, 'size.sizes', 'size', 2),
(61, 9, 48, 'size.sizes', 'size', 1),
(62, 9, 49, 'size.sizes', 'size', 2),
(63, 10, 50, 'size.sizes', 'size', 1),
(64, 10, 51, 'size.sizes', 'size', 2);

-- --------------------------------------------------------

--
-- Table structure for table `components_cart_product_cart_products_products_links`
--

CREATE TABLE `components_cart_product_cart_products_products_links` (
  `id` int(10) UNSIGNED NOT NULL,
  `cart_product_id` int(10) UNSIGNED DEFAULT NULL,
  `product_id` int(10) UNSIGNED DEFAULT NULL,
  `product_order` double UNSIGNED DEFAULT NULL
) ENGINE=InnoDB DEFAULT CHARSET=utf8mb4;

--
-- Dumping data for table `components_cart_product_cart_products_products_links`
--

INSERT INTO `components_cart_product_cart_products_products_links` (`id`, `cart_product_id`, `product_id`, `product_order`) VALUES
(1, 1, 1, 0),
(2, 2, 2, 0);

-- --------------------------------------------------------

--
-- Table structure for table `components_product_list_products`
--

CREATE TABLE `components_product_list_products` (
  `id` int(10) UNSIGNED NOT NULL,
  `count` int(11) DEFAULT NULL,
  `price` decimal(10,2) DEFAULT NULL
) ENGINE=InnoDB DEFAULT CHARSET=utf8mb4;

-- --------------------------------------------------------

--
-- Table structure for table `components_product_list_products_product_links`
--

CREATE TABLE `components_product_list_products_product_links` (
  `id` int(10) UNSIGNED NOT NULL,
  `list_products_id` int(10) UNSIGNED DEFAULT NULL,
  `product_id` int(10) UNSIGNED DEFAULT NULL
) ENGINE=InnoDB DEFAULT CHARSET=utf8mb4;

-- --------------------------------------------------------

--
-- Table structure for table `components_size_sizes`
--

CREATE TABLE `components_size_sizes` (
  `id` int(10) UNSIGNED NOT NULL,
  `name` varchar(255) DEFAULT NULL,
  `stock` int(11) DEFAULT NULL
) ENGINE=InnoDB DEFAULT CHARSET=utf8mb4;

--
-- Dumping data for table `components_size_sizes`
--

INSERT INTO `components_size_sizes` (`id`, `name`, `stock`) VALUES
(1, '41', 3),
(2, '42', 100),
(3, 'M', 100),
(4, 'L', 100),
(5, 'M', 100),
(6, 'L', 100),
(7, 'S', 100),
(8, 'XL', 100),
(9, 'SM', 100),
(10, 'XS', 100),
(16, '31', 100),
(17, '41', 100),
(29, '41', 100),
(30, '42', 100),
(31, '21', 100),
(32, '12', 100),
(33, '31', 100),
(34, '41', 100),
(35, '31', 100),
(36, '41', 100),
(37, '42', 100),
(38, '21', 99),
(39, '12', 100),
(44, '41', 100),
(45, '42', 3),
(46, '21', 100),
(47, '12', 100),
(48, '41', 100),
(49, '42', 100),
(50, '21', 100),
(51, '12', 100),
(52, '40', 100),
(53, '41', 100),
(54, '41', 100),
(55, '39', 100),
(56, '42', 100),
(57, '37', 100),
(58, '39', 100),
(59, '42', 100),
(60, '37', 100),
(61, '39', 100),
(62, '42', 100),
(63, '37', 100),
(64, '36', 100),
(65, '42', 100),
(66, '37', 100),
(67, '42', 100),
(68, '37', 100),
(69, '40', 100),
(70, '42', 100),
(71, '37', 100),
(72, '40', 100),
(73, '38', 100),
(74, '42', 100),
(75, '37', 100),
(76, '40', 100),
(77, '38', 100),
(78, '45', 100),
(79, '42', 100),
(80, '37', 100),
(81, '40', 100),
(82, '38', 100),
(83, '45', 100),
(84, '39', 100),
(85, '42', 100),
(86, '40', 100),
(87, '39', 100),
(88, '41', 100),
(89, '38', 100),
(90, '38', 98),
(91, '35', 100),
(92, '38', 100),
(93, '35', 100),
(94, '43', 100),
(95, '38', 100),
(96, '35', 100),
(97, '43', 100),
(98, '38', 100),
(99, '43', 100),
(100, '39', 100),
(101, '38', 100),
(102, '43', 100),
(103, '39', 100),
(104, '40', 100),
(105, '38', 100),
(106, '40', 100),
(107, '35', 100),
(108, '38', 0),
(109, '40', 96),
(110, '35', 97),
(111, '37', 100),
(112, '38', 99),
(113, '35', 100),
(114, '37', 98),
(115, '43', 100),
(116, '38', 0),
(117, '35', 99),
(118, '43', 100),
(119, '36', 98);

-- --------------------------------------------------------

--
-- Table structure for table `files`
--

CREATE TABLE `files` (
  `id` int(10) UNSIGNED NOT NULL,
  `name` varchar(255) DEFAULT NULL,
  `alternative_text` varchar(255) DEFAULT NULL,
  `caption` varchar(255) DEFAULT NULL,
  `width` int(11) DEFAULT NULL,
  `height` int(11) DEFAULT NULL,
  `formats` longtext CHARACTER SET utf8mb4 COLLATE utf8mb4_bin DEFAULT NULL CHECK (json_valid(`formats`)),
  `hash` varchar(255) DEFAULT NULL,
  `ext` varchar(255) DEFAULT NULL,
  `mime` varchar(255) DEFAULT NULL,
  `size` decimal(10,2) DEFAULT NULL,
  `url` varchar(255) DEFAULT NULL,
  `preview_url` varchar(255) DEFAULT NULL,
  `provider` varchar(255) DEFAULT NULL,
  `provider_metadata` longtext CHARACTER SET utf8mb4 COLLATE utf8mb4_bin DEFAULT NULL CHECK (json_valid(`provider_metadata`)),
  `folder_path` varchar(255) DEFAULT NULL,
  `created_at` datetime(6) DEFAULT NULL,
  `updated_at` datetime(6) DEFAULT NULL,
  `created_by_id` int(10) UNSIGNED DEFAULT NULL,
  `updated_by_id` int(10) UNSIGNED DEFAULT NULL
) ENGINE=InnoDB DEFAULT CHARSET=utf8mb4;

--
-- Dumping data for table `files`
--

INSERT INTO `files` (`id`, `name`, `alternative_text`, `caption`, `width`, `height`, `formats`, `hash`, `ext`, `mime`, `size`, `url`, `preview_url`, `provider`, `provider_metadata`, `folder_path`, `created_at`, `updated_at`, `created_by_id`, `updated_by_id`) VALUES
(1, 'thumbnail.webp', NULL, NULL, 592, 592, '{\"thumbnail\":{\"name\":\"thumbnail_thumbnail.webp\",\"hash\":\"thumbnail_thumbnail_f2a4d6d988\",\"ext\":\".webp\",\"mime\":\"image/webp\",\"path\":null,\"width\":156,\"height\":156,\"size\":1.75,\"url\":\"/uploads/thumbnail_thumbnail_f2a4d6d988.webp\"},\"small\":{\"name\":\"small_thumbnail.webp\",\"hash\":\"small_thumbnail_f2a4d6d988\",\"ext\":\".webp\",\"mime\":\"image/webp\",\"path\":null,\"width\":500,\"height\":500,\"size\":9.92,\"url\":\"/uploads/small_thumbnail_f2a4d6d988.webp\"}}', 'thumbnail_f2a4d6d988', '.webp', 'image/webp', '15.38', '/uploads/thumbnail_f2a4d6d988.webp', NULL, 'local', NULL, '/', '2023-04-10 22:32:18.419000', '2023-04-15 04:50:24.004000', 1, 1),
(2, '672537b9-5384-49e0-8128-5dedd538c208.webp', NULL, NULL, 864, 1080, '{\"thumbnail\":{\"name\":\"thumbnail_672537b9-5384-49e0-8128-5dedd538c208.webp\",\"hash\":\"thumbnail_672537b9_5384_49e0_8128_5dedd538c208_37238b6728\",\"ext\":\".webp\",\"mime\":\"image/webp\",\"path\":null,\"width\":125,\"height\":156,\"size\":0.7,\"url\":\"/uploads/thumbnail_672537b9_5384_49e0_8128_5dedd538c208_37238b6728.webp\"},\"large\":{\"name\":\"large_672537b9-5384-49e0-8128-5dedd538c208.webp\",\"hash\":\"large_672537b9_5384_49e0_8128_5dedd538c208_37238b6728\",\"ext\":\".webp\",\"mime\":\"image/webp\",\"path\":null,\"width\":800,\"height\":1000,\"size\":8.11,\"url\":\"/uploads/large_672537b9_5384_49e0_8128_5dedd538c208_37238b6728.webp\"},\"small\":{\"name\":\"small_672537b9-5384-49e0-8128-5dedd538c208.webp\",\"hash\":\"small_672537b9_5384_49e0_8128_5dedd538c208_37238b6728\",\"ext\":\".webp\",\"mime\":\"image/webp\",\"path\":null,\"width\":400,\"height\":500,\"size\":3.18,\"url\":\"/uploads/small_672537b9_5384_49e0_8128_5dedd538c208_37238b6728.webp\"},\"medium\":{\"name\":\"medium_672537b9-5384-49e0-8128-5dedd538c208.webp\",\"hash\":\"medium_672537b9_5384_49e0_8128_5dedd538c208_37238b6728\",\"ext\":\".webp\",\"mime\":\"image/webp\",\"path\":null,\"width\":600,\"height\":750,\"size\":5.66,\"url\":\"/uploads/medium_672537b9_5384_49e0_8128_5dedd538c208_37238b6728.webp\"}}', '672537b9_5384_49e0_8128_5dedd538c208_37238b6728', '.webp', 'image/webp', '10.34', '/uploads/672537b9_5384_49e0_8128_5dedd538c208_37238b6728.webp', NULL, 'local', NULL, '/', '2023-04-10 22:32:18.511000', '2023-04-10 22:32:18.511000', 1, 1),
(3, '0d6a88ca-7ff8-4ad9-991b-b2e2a33cf66e.webp', NULL, NULL, 864, 1080, '{\"thumbnail\":{\"name\":\"thumbnail_0d6a88ca-7ff8-4ad9-991b-b2e2a33cf66e.webp\",\"hash\":\"thumbnail_0d6a88ca_7ff8_4ad9_991b_b2e2a33cf66e_e498b69fcc\",\"ext\":\".webp\",\"mime\":\"image/webp\",\"path\":null,\"width\":125,\"height\":156,\"size\":1.37,\"url\":\"/uploads/thumbnail_0d6a88ca_7ff8_4ad9_991b_b2e2a33cf66e_e498b69fcc.webp\"},\"large\":{\"name\":\"large_0d6a88ca-7ff8-4ad9-991b-b2e2a33cf66e.webp\",\"hash\":\"large_0d6a88ca_7ff8_4ad9_991b_b2e2a33cf66e_e498b69fcc\",\"ext\":\".webp\",\"mime\":\"image/webp\",\"path\":null,\"width\":800,\"height\":1000,\"size\":21.95,\"url\":\"/uploads/large_0d6a88ca_7ff8_4ad9_991b_b2e2a33cf66e_e498b69fcc.webp\"},\"medium\":{\"name\":\"medium_0d6a88ca-7ff8-4ad9-991b-b2e2a33cf66e.webp\",\"hash\":\"medium_0d6a88ca_7ff8_4ad9_991b_b2e2a33cf66e_e498b69fcc\",\"ext\":\".webp\",\"mime\":\"image/webp\",\"path\":null,\"width\":600,\"height\":750,\"size\":14.34,\"url\":\"/uploads/medium_0d6a88ca_7ff8_4ad9_991b_b2e2a33cf66e_e498b69fcc.webp\"},\"small\":{\"name\":\"small_0d6a88ca-7ff8-4ad9-991b-b2e2a33cf66e.webp\",\"hash\":\"small_0d6a88ca_7ff8_4ad9_991b_b2e2a33cf66e_e498b69fcc\",\"ext\":\".webp\",\"mime\":\"image/webp\",\"path\":null,\"width\":400,\"height\":500,\"size\":7.59,\"url\":\"/uploads/small_0d6a88ca_7ff8_4ad9_991b_b2e2a33cf66e_e498b69fcc.webp\"}}', '0d6a88ca_7ff8_4ad9_991b_b2e2a33cf66e_e498b69fcc', '.webp', 'image/webp', '30.06', '/uploads/0d6a88ca_7ff8_4ad9_991b_b2e2a33cf66e_e498b69fcc.webp', NULL, 'local', NULL, '/', '2023-04-10 22:32:18.644000', '2023-04-10 22:32:18.644000', 1, 1),
(4, 'ca113e5f-2165-476a-8dcf-ce7a0d85356c.webp', NULL, NULL, 864, 1080, '{\"thumbnail\":{\"name\":\"thumbnail_ca113e5f-2165-476a-8dcf-ce7a0d85356c.webp\",\"hash\":\"thumbnail_ca113e5f_2165_476a_8dcf_ce7a0d85356c_207abacbe0\",\"ext\":\".webp\",\"mime\":\"image/webp\",\"path\":null,\"width\":125,\"height\":156,\"size\":1.4,\"url\":\"/uploads/thumbnail_ca113e5f_2165_476a_8dcf_ce7a0d85356c_207abacbe0.webp\"},\"large\":{\"name\":\"large_ca113e5f-2165-476a-8dcf-ce7a0d85356c.webp\",\"hash\":\"large_ca113e5f_2165_476a_8dcf_ce7a0d85356c_207abacbe0\",\"ext\":\".webp\",\"mime\":\"image/webp\",\"path\":null,\"width\":800,\"height\":1000,\"size\":23.45,\"url\":\"/uploads/large_ca113e5f_2165_476a_8dcf_ce7a0d85356c_207abacbe0.webp\"},\"medium\":{\"name\":\"medium_ca113e5f-2165-476a-8dcf-ce7a0d85356c.webp\",\"hash\":\"medium_ca113e5f_2165_476a_8dcf_ce7a0d85356c_207abacbe0\",\"ext\":\".webp\",\"mime\":\"image/webp\",\"path\":null,\"width\":600,\"height\":750,\"size\":15.26,\"url\":\"/uploads/medium_ca113e5f_2165_476a_8dcf_ce7a0d85356c_207abacbe0.webp\"},\"small\":{\"name\":\"small_ca113e5f-2165-476a-8dcf-ce7a0d85356c.webp\",\"hash\":\"small_ca113e5f_2165_476a_8dcf_ce7a0d85356c_207abacbe0\",\"ext\":\".webp\",\"mime\":\"image/webp\",\"path\":null,\"width\":400,\"height\":500,\"size\":7.99,\"url\":\"/uploads/small_ca113e5f_2165_476a_8dcf_ce7a0d85356c_207abacbe0.webp\"}}', 'ca113e5f_2165_476a_8dcf_ce7a0d85356c_207abacbe0', '.webp', 'image/webp', '30.64', '/uploads/ca113e5f_2165_476a_8dcf_ce7a0d85356c_207abacbe0.webp', NULL, 'local', NULL, '/', '2023-04-10 22:32:18.662000', '2023-04-10 22:32:18.662000', 1, 1),
(5, '266f9922-ec59-41e3-9b36-85c5fab5c1ec.webp', NULL, NULL, 864, 1080, '{\"thumbnail\":{\"name\":\"thumbnail_266f9922-ec59-41e3-9b36-85c5fab5c1ec.webp\",\"hash\":\"thumbnail_266f9922_ec59_41e3_9b36_85c5fab5c1ec_b00de598ef\",\"ext\":\".webp\",\"mime\":\"image/webp\",\"path\":null,\"width\":125,\"height\":156,\"size\":2.52,\"url\":\"/uploads/thumbnail_266f9922_ec59_41e3_9b36_85c5fab5c1ec_b00de598ef.webp\"},\"large\":{\"name\":\"large_266f9922-ec59-41e3-9b36-85c5fab5c1ec.webp\",\"hash\":\"large_266f9922_ec59_41e3_9b36_85c5fab5c1ec_b00de598ef\",\"ext\":\".webp\",\"mime\":\"image/webp\",\"path\":null,\"width\":800,\"height\":1000,\"size\":35.85,\"url\":\"/uploads/large_266f9922_ec59_41e3_9b36_85c5fab5c1ec_b00de598ef.webp\"},\"medium\":{\"name\":\"medium_266f9922-ec59-41e3-9b36-85c5fab5c1ec.webp\",\"hash\":\"medium_266f9922_ec59_41e3_9b36_85c5fab5c1ec_b00de598ef\",\"ext\":\".webp\",\"mime\":\"image/webp\",\"path\":null,\"width\":600,\"height\":750,\"size\":24.62,\"url\":\"/uploads/medium_266f9922_ec59_41e3_9b36_85c5fab5c1ec_b00de598ef.webp\"},\"small\":{\"name\":\"small_266f9922-ec59-41e3-9b36-85c5fab5c1ec.webp\",\"hash\":\"small_266f9922_ec59_41e3_9b36_85c5fab5c1ec_b00de598ef\",\"ext\":\".webp\",\"mime\":\"image/webp\",\"path\":null,\"width\":400,\"height\":500,\"size\":13.53,\"url\":\"/uploads/small_266f9922_ec59_41e3_9b36_85c5fab5c1ec_b00de598ef.webp\"}}', '266f9922_ec59_41e3_9b36_85c5fab5c1ec_b00de598ef', '.webp', 'image/webp', '49.94', '/uploads/266f9922_ec59_41e3_9b36_85c5fab5c1ec_b00de598ef.webp', NULL, 'local', NULL, '/', '2023-04-10 22:32:18.665000', '2023-04-10 22:32:18.665000', 1, 1),
(6, 'Screenshot from 2023-04-14 14-38-36.png', NULL, NULL, 998, 295, '{\"thumbnail\":{\"name\":\"thumbnail_Screenshot from 2023-04-14 14-38-36.png\",\"hash\":\"thumbnail_Screenshot_from_2023_04_14_14_38_36_cbc96b985c\",\"ext\":\".png\",\"mime\":\"image/png\",\"path\":null,\"width\":245,\"height\":72,\"size\":16.4,\"url\":\"/uploads/thumbnail_Screenshot_from_2023_04_14_14_38_36_cbc96b985c.png\"},\"small\":{\"name\":\"small_Screenshot from 2023-04-14 14-38-36.png\",\"hash\":\"small_Screenshot_from_2023_04_14_14_38_36_cbc96b985c\",\"ext\":\".png\",\"mime\":\"image/png\",\"path\":null,\"width\":500,\"height\":148,\"size\":50.89,\"url\":\"/uploads/small_Screenshot_from_2023_04_14_14_38_36_cbc96b985c.png\"},\"medium\":{\"name\":\"medium_Screenshot from 2023-04-14 14-38-36.png\",\"hash\":\"medium_Screenshot_from_2023_04_14_14_38_36_cbc96b985c\",\"ext\":\".png\",\"mime\":\"image/png\",\"path\":null,\"width\":750,\"height\":222,\"size\":89.88,\"url\":\"/uploads/medium_Screenshot_from_2023_04_14_14_38_36_cbc96b985c.png\"}}', 'Screenshot_from_2023_04_14_14_38_36_cbc96b985c', '.png', 'image/png', '22.23', '/uploads/Screenshot_from_2023_04_14_14_38_36_cbc96b985c.png', NULL, 'local', NULL, '/', '2023-04-15 00:37:13.493000', '2023-04-15 00:37:13.493000', 1, 1),
(12, 'Screenshot from 2023-04-14 15-09-36.png', NULL, NULL, 749, 688, '{\"thumbnail\":{\"name\":\"thumbnail_Screenshot from 2023-04-14 15-09-36.png\",\"hash\":\"thumbnail_Screenshot_from_2023_04_14_15_09_36_ec3c72da69\",\"ext\":\".png\",\"mime\":\"image/png\",\"path\":null,\"width\":170,\"height\":156,\"size\":12.64,\"url\":\"/uploads/thumbnail_Screenshot_from_2023_04_14_15_09_36_ec3c72da69.png\"},\"small\":{\"name\":\"small_Screenshot from 2023-04-14 15-09-36.png\",\"hash\":\"small_Screenshot_from_2023_04_14_15_09_36_ec3c72da69\",\"ext\":\".png\",\"mime\":\"image/png\",\"path\":null,\"width\":500,\"height\":459,\"size\":73.92,\"url\":\"/uploads/small_Screenshot_from_2023_04_14_15_09_36_ec3c72da69.png\"}}', 'Screenshot_from_2023_04_14_15_09_36_ec3c72da69', '.png', 'image/png', '22.42', '/uploads/Screenshot_from_2023_04_14_15_09_36_ec3c72da69.png', NULL, 'local', NULL, '/1', '2023-04-15 00:50:06.953000', '2023-04-15 00:50:06.953000', NULL, NULL),
(13, 'Screenshot from 2023-04-14 15-09-36.png', NULL, NULL, 749, 688, '{\"thumbnail\":{\"name\":\"thumbnail_Screenshot from 2023-04-14 15-09-36.png\",\"hash\":\"thumbnail_Screenshot_from_2023_04_14_15_09_36_3c5f614b63\",\"ext\":\".png\",\"mime\":\"image/png\",\"path\":null,\"width\":170,\"height\":156,\"size\":12.64,\"url\":\"/uploads/thumbnail_Screenshot_from_2023_04_14_15_09_36_3c5f614b63.png\"},\"small\":{\"name\":\"small_Screenshot from 2023-04-14 15-09-36.png\",\"hash\":\"small_Screenshot_from_2023_04_14_15_09_36_3c5f614b63\",\"ext\":\".png\",\"mime\":\"image/png\",\"path\":null,\"width\":500,\"height\":459,\"size\":73.92,\"url\":\"/uploads/small_Screenshot_from_2023_04_14_15_09_36_3c5f614b63.png\"}}', 'Screenshot_from_2023_04_14_15_09_36_3c5f614b63', '.png', 'image/png', '22.42', '/uploads/Screenshot_from_2023_04_14_15_09_36_3c5f614b63.png', NULL, 'local', NULL, '/1', '2023-04-15 00:51:40.879000', '2023-04-15 00:51:40.879000', NULL, NULL),
(14, 'Screenshot from 2023-04-14 15-09-36.png', NULL, NULL, 749, 688, '{\"thumbnail\":{\"name\":\"thumbnail_Screenshot from 2023-04-14 15-09-36.png\",\"hash\":\"thumbnail_Screenshot_from_2023_04_14_15_09_36_21ce764564\",\"ext\":\".png\",\"mime\":\"image/png\",\"path\":null,\"width\":170,\"height\":156,\"size\":12.64,\"url\":\"/uploads/thumbnail_Screenshot_from_2023_04_14_15_09_36_21ce764564.png\"},\"small\":{\"name\":\"small_Screenshot from 2023-04-14 15-09-36.png\",\"hash\":\"small_Screenshot_from_2023_04_14_15_09_36_21ce764564\",\"ext\":\".png\",\"mime\":\"image/png\",\"path\":null,\"width\":500,\"height\":459,\"size\":73.92,\"url\":\"/uploads/small_Screenshot_from_2023_04_14_15_09_36_21ce764564.png\"}}', 'Screenshot_from_2023_04_14_15_09_36_21ce764564', '.png', 'image/png', '22.42', '/uploads/Screenshot_from_2023_04_14_15_09_36_21ce764564.png', NULL, 'local', NULL, '/1', '2023-04-15 05:32:20.397000', '2023-04-15 05:32:20.397000', NULL, NULL),
(15, 'template-avatar-ex.png', NULL, NULL, 130, 130, NULL, 'template_avatar_ex_3001fd5067', '.png', 'image/png', '10.71', '/uploads/template_avatar_ex_3001fd5067.png', NULL, 'local', NULL, '/1', '2023-04-15 06:46:48.923000', '2023-04-15 06:46:48.923000', NULL, NULL),
(16, 'top-right-svg.svg', NULL, NULL, 205, 238, NULL, 'top_right_svg_24ff45aa49', '.svg', 'image/svg+xml', '0.71', '/uploads/top_right_svg_24ff45aa49.svg', NULL, 'local', NULL, '/1', '2023-04-15 06:47:40.556000', '2023-04-15 06:47:40.556000', NULL, NULL),
(17, 'top-right-svg.svg', NULL, NULL, 205, 238, NULL, 'top_right_svg_3d8a49ed8f', '.svg', 'image/svg+xml', '0.71', '/uploads/top_right_svg_3d8a49ed8f.svg', NULL, 'local', NULL, '/1', '2023-04-15 06:50:19.351000', '2023-04-15 06:50:19.351000', NULL, NULL),
(18, 'top-right-svg.svg', NULL, NULL, 205, 238, NULL, 'top_right_svg_288bc62157', '.svg', 'image/svg+xml', '0.71', '/uploads/top_right_svg_288bc62157.svg', NULL, 'local', NULL, '/1', '2023-04-15 06:50:55.814000', '2023-04-15 06:50:55.814000', NULL, NULL),
(19, 'Screenshot from 2023-04-14 15-09-36.png', NULL, NULL, 749, 688, '{\"thumbnail\":{\"name\":\"thumbnail_Screenshot from 2023-04-14 15-09-36.png\",\"hash\":\"thumbnail_Screenshot_from_2023_04_14_15_09_36_352b817fac\",\"ext\":\".png\",\"mime\":\"image/png\",\"path\":null,\"width\":170,\"height\":156,\"size\":12.64,\"url\":\"/uploads/thumbnail_Screenshot_from_2023_04_14_15_09_36_352b817fac.png\"},\"small\":{\"name\":\"small_Screenshot from 2023-04-14 15-09-36.png\",\"hash\":\"small_Screenshot_from_2023_04_14_15_09_36_352b817fac\",\"ext\":\".png\",\"mime\":\"image/png\",\"path\":null,\"width\":500,\"height\":459,\"size\":73.92,\"url\":\"/uploads/small_Screenshot_from_2023_04_14_15_09_36_352b817fac.png\"}}', 'Screenshot_from_2023_04_14_15_09_36_352b817fac', '.png', 'image/png', '22.42', '/uploads/Screenshot_from_2023_04_14_15_09_36_352b817fac.png', NULL, 'local', NULL, '/1', '2023-04-16 01:18:10.422000', '2023-04-16 01:18:10.422000', NULL, NULL),
(20, 'Screenshot from 2023-04-14 15-09-36.png', NULL, NULL, 749, 688, '{\"thumbnail\":{\"name\":\"thumbnail_Screenshot from 2023-04-14 15-09-36.png\",\"hash\":\"thumbnail_Screenshot_from_2023_04_14_15_09_36_24e5d9dc0b\",\"ext\":\".png\",\"mime\":\"image/png\",\"path\":null,\"width\":170,\"height\":156,\"size\":12.64,\"url\":\"/uploads/thumbnail_Screenshot_from_2023_04_14_15_09_36_24e5d9dc0b.png\"},\"small\":{\"name\":\"small_Screenshot from 2023-04-14 15-09-36.png\",\"hash\":\"small_Screenshot_from_2023_04_14_15_09_36_24e5d9dc0b\",\"ext\":\".png\",\"mime\":\"image/png\",\"path\":null,\"width\":500,\"height\":459,\"size\":73.92,\"url\":\"/uploads/small_Screenshot_from_2023_04_14_15_09_36_24e5d9dc0b.png\"}}', 'Screenshot_from_2023_04_14_15_09_36_24e5d9dc0b', '.png', 'image/png', '22.42', '/uploads/Screenshot_from_2023_04_14_15_09_36_24e5d9dc0b.png', NULL, 'local', NULL, '/1', '2023-04-16 01:25:28.358000', '2023-04-16 01:25:28.358000', NULL, NULL),
(21, 'Screenshot from 2023-04-14 14-38-36.png', NULL, NULL, 998, 295, '{\"thumbnail\":{\"name\":\"thumbnail_Screenshot from 2023-04-14 14-38-36.png\",\"hash\":\"thumbnail_Screenshot_from_2023_04_14_14_38_36_10d41743c0\",\"ext\":\".png\",\"mime\":\"image/png\",\"path\":null,\"width\":245,\"height\":72,\"size\":16.4,\"url\":\"/uploads/thumbnail_Screenshot_from_2023_04_14_14_38_36_10d41743c0.png\"},\"small\":{\"name\":\"small_Screenshot from 2023-04-14 14-38-36.png\",\"hash\":\"small_Screenshot_from_2023_04_14_14_38_36_10d41743c0\",\"ext\":\".png\",\"mime\":\"image/png\",\"path\":null,\"width\":500,\"height\":148,\"size\":50.89,\"url\":\"/uploads/small_Screenshot_from_2023_04_14_14_38_36_10d41743c0.png\"},\"medium\":{\"name\":\"medium_Screenshot from 2023-04-14 14-38-36.png\",\"hash\":\"medium_Screenshot_from_2023_04_14_14_38_36_10d41743c0\",\"ext\":\".png\",\"mime\":\"image/png\",\"path\":null,\"width\":750,\"height\":222,\"size\":89.88,\"url\":\"/uploads/medium_Screenshot_from_2023_04_14_14_38_36_10d41743c0.png\"}}', 'Screenshot_from_2023_04_14_14_38_36_10d41743c0', '.png', 'image/png', '22.23', '/uploads/Screenshot_from_2023_04_14_14_38_36_10d41743c0.png', NULL, 'local', NULL, '/1', '2023-04-16 02:00:42.839000', '2023-04-16 02:00:42.839000', NULL, NULL),
(22, 'Screencast from 04-05-2023 12:12:46.webm', NULL, NULL, NULL, NULL, NULL, 'Screencast_from_04_05_2023_12_12_46_8759e205f9', '.webm', 'video/webm', '2304.28', '/uploads/Screencast_from_04_05_2023_12_12_46_8759e205f9.webm', NULL, 'local', NULL, '/1', '2023-05-04 16:35:16.321000', '2023-05-04 16:35:16.321000', NULL, NULL),
(23, 'Screenshot from 2023-05-04 09-36-04.png', NULL, NULL, 1920, 1016, '{\"thumbnail\":{\"name\":\"thumbnail_Screenshot from 2023-05-04 09-36-04.png\",\"hash\":\"thumbnail_Screenshot_from_2023_05_04_09_36_04_d97afb6e67\",\"ext\":\".png\",\"mime\":\"image/png\",\"path\":null,\"width\":245,\"height\":130,\"size\":17.75,\"url\":\"/uploads/thumbnail_Screenshot_from_2023_05_04_09_36_04_d97afb6e67.png\"},\"small\":{\"name\":\"small_Screenshot from 2023-05-04 09-36-04.png\",\"hash\":\"small_Screenshot_from_2023_05_04_09_36_04_d97afb6e67\",\"ext\":\".png\",\"mime\":\"image/png\",\"path\":null,\"width\":500,\"height\":265,\"size\":46.48,\"url\":\"/uploads/small_Screenshot_from_2023_05_04_09_36_04_d97afb6e67.png\"},\"medium\":{\"name\":\"medium_Screenshot from 2023-05-04 09-36-04.png\",\"hash\":\"medium_Screenshot_from_2023_05_04_09_36_04_d97afb6e67\",\"ext\":\".png\",\"mime\":\"image/png\",\"path\":null,\"width\":750,\"height\":397,\"size\":90.51,\"url\":\"/uploads/medium_Screenshot_from_2023_05_04_09_36_04_d97afb6e67.png\"},\"large\":{\"name\":\"large_Screenshot from 2023-05-04 09-36-04.png\",\"hash\":\"large_Screenshot_from_2023_05_04_09_36_04_d97afb6e67\",\"ext\":\".png\",\"mime\":\"image/png\",\"path\":null,\"width\":1000,\"height\":529,\"size\":136.49,\"url\":\"/uploads/large_Screenshot_from_2023_05_04_09_36_04_d97afb6e67.png\"}}', 'Screenshot_from_2023_05_04_09_36_04_d97afb6e67', '.png', 'image/png', '63.72', '/uploads/Screenshot_from_2023_05_04_09_36_04_d97afb6e67.png', NULL, 'local', NULL, '/1', '2023-05-04 16:35:25.598000', '2023-05-04 16:35:25.598000', NULL, NULL),
(24, 'Screencast from 28-04-2023 18:28:35.webm', NULL, NULL, NULL, NULL, NULL, 'Screencast_from_28_04_2023_18_28_35_365caa2433', '.webm', 'video/webm', '3739.23', '/uploads/Screencast_from_28_04_2023_18_28_35_365caa2433.webm', NULL, 'local', NULL, '/1', '2023-05-04 16:37:49.509000', '2023-05-04 16:37:49.509000', NULL, NULL),
(25, 'Screenshot from 2023-04-28 17-39-22.png', NULL, NULL, 1911, 1015, '{\"thumbnail\":{\"name\":\"thumbnail_Screenshot from 2023-04-28 17-39-22.png\",\"hash\":\"thumbnail_Screenshot_from_2023_04_28_17_39_22_e014a814b2\",\"ext\":\".png\",\"mime\":\"image/png\",\"path\":null,\"width\":245,\"height\":130,\"size\":23.94,\"url\":\"/uploads/thumbnail_Screenshot_from_2023_04_28_17_39_22_e014a814b2.png\"},\"small\":{\"name\":\"small_Screenshot from 2023-04-28 17-39-22.png\",\"hash\":\"small_Screenshot_from_2023_04_28_17_39_22_e014a814b2\",\"ext\":\".png\",\"mime\":\"image/png\",\"path\":null,\"width\":500,\"height\":266,\"size\":66.73,\"url\":\"/uploads/small_Screenshot_from_2023_04_28_17_39_22_e014a814b2.png\"},\"medium\":{\"name\":\"medium_Screenshot from 2023-04-28 17-39-22.png\",\"hash\":\"medium_Screenshot_from_2023_04_28_17_39_22_e014a814b2\",\"ext\":\".png\",\"mime\":\"image/png\",\"path\":null,\"width\":750,\"height\":398,\"size\":129.02,\"url\":\"/uploads/medium_Screenshot_from_2023_04_28_17_39_22_e014a814b2.png\"},\"large\":{\"name\":\"large_Screenshot from 2023-04-28 17-39-22.png\",\"hash\":\"large_Screenshot_from_2023_04_28_17_39_22_e014a814b2\",\"ext\":\".png\",\"mime\":\"image/png\",\"path\":null,\"width\":1000,\"height\":531,\"size\":202.21,\"url\":\"/uploads/large_Screenshot_from_2023_04_28_17_39_22_e014a814b2.png\"}}', 'Screenshot_from_2023_04_28_17_39_22_e014a814b2', '.png', 'image/png', '133.72', '/uploads/Screenshot_from_2023_04_28_17_39_22_e014a814b2.png', NULL, 'local', NULL, '/1', '2023-05-04 16:37:56.223000', '2023-05-04 16:37:56.223000', NULL, NULL),
(26, 'vylm5031_ad2c7ac529984a57b80c338d2617422b_large.webp', NULL, NULL, 480, 480, '{\"thumbnail\":{\"name\":\"thumbnail_vylm5031_ad2c7ac529984a57b80c338d2617422b_large.webp\",\"hash\":\"thumbnail_vylm5031_ad2c7ac529984a57b80c338d2617422b_large_a14a64bd49\",\"ext\":\".webp\",\"mime\":\"image/webp\",\"path\":null,\"width\":156,\"height\":156,\"size\":2.94,\"url\":\"/uploads/thumbnail_vylm5031_ad2c7ac529984a57b80c338d2617422b_large_a14a64bd49.webp\"}}', 'vylm5031_ad2c7ac529984a57b80c338d2617422b_large_a14a64bd49', '.webp', 'image/webp', '18.57', '/uploads/vylm5031_ad2c7ac529984a57b80c338d2617422b_large_a14a64bd49.webp', NULL, 'local', NULL, '/1', '2023-05-07 20:30:28.372000', '2023-05-07 20:30:28.372000', NULL, NULL),
(27, '2022-09-24-13-04-29.013-VBoxSVC-25296.log', NULL, NULL, NULL, NULL, NULL, '2022_09_24_13_04_29_013_V_Box_SVC_25296_a7e71ec80a', '.log', 'text/x-log', '0.24', '/uploads/2022_09_24_13_04_29_013_V_Box_SVC_25296_a7e71ec80a.log', NULL, 'local', NULL, '/1', '2023-05-07 20:33:29.122000', '2023-05-07 20:33:29.122000', NULL, NULL),
(28, 'vylm9511_cd82adceaa734cbb9502f6417c9dfdcb_grande.webp', NULL, NULL, 600, 600, '{\"thumbnail\":{\"name\":\"thumbnail_vylm9511_cd82adceaa734cbb9502f6417c9dfdcb_grande.webp\",\"hash\":\"thumbnail_vylm9511_cd82adceaa734cbb9502f6417c9dfdcb_grande_9a38c75a3d\",\"ext\":\".webp\",\"mime\":\"image/webp\",\"path\":null,\"width\":156,\"height\":156,\"size\":1.29,\"url\":\"/uploads/thumbnail_vylm9511_cd82adceaa734cbb9502f6417c9dfdcb_grande_9a38c75a3d.webp\"},\"small\":{\"name\":\"small_vylm9511_cd82adceaa734cbb9502f6417c9dfdcb_grande.webp\",\"hash\":\"small_vylm9511_cd82adceaa734cbb9502f6417c9dfdcb_grande_9a38c75a3d\",\"ext\":\".webp\",\"mime\":\"image/webp\",\"path\":null,\"width\":500,\"height\":500,\"size\":6.84,\"url\":\"/uploads/small_vylm9511_cd82adceaa734cbb9502f6417c9dfdcb_grande_9a38c75a3d.webp\"}}', 'vylm9511_cd82adceaa734cbb9502f6417c9dfdcb_grande_9a38c75a3d', '.webp', 'image/webp', '10.86', '/uploads/vylm9511_cd82adceaa734cbb9502f6417c9dfdcb_grande_9a38c75a3d.webp', NULL, 'local', NULL, '/1', '2023-05-07 20:33:40.703000', '2023-05-07 20:33:40.703000', NULL, NULL),
(29, 'vylm9495_d00718bd6a2b4887b6c7395f31aec382_grande.webp', NULL, NULL, 600, 600, '{\"thumbnail\":{\"name\":\"thumbnail_vylm9495_d00718bd6a2b4887b6c7395f31aec382_grande.webp\",\"hash\":\"thumbnail_vylm9495_d00718bd6a2b4887b6c7395f31aec382_grande_a250fc08a3\",\"ext\":\".webp\",\"mime\":\"image/webp\",\"path\":null,\"width\":156,\"height\":156,\"size\":1.81,\"url\":\"/uploads/thumbnail_vylm9495_d00718bd6a2b4887b6c7395f31aec382_grande_a250fc08a3.webp\"},\"small\":{\"name\":\"small_vylm9495_d00718bd6a2b4887b6c7395f31aec382_grande.webp\",\"hash\":\"small_vylm9495_d00718bd6a2b4887b6c7395f31aec382_grande_a250fc08a3\",\"ext\":\".webp\",\"mime\":\"image/webp\",\"path\":null,\"width\":500,\"height\":500,\"size\":9.25,\"url\":\"/uploads/small_vylm9495_d00718bd6a2b4887b6c7395f31aec382_grande_a250fc08a3.webp\"}}', 'vylm9495_d00718bd6a2b4887b6c7395f31aec382_grande_a250fc08a3', '.webp', 'image/webp', '14.42', '/uploads/vylm9495_d00718bd6a2b4887b6c7395f31aec382_grande_a250fc08a3.webp', NULL, 'local', NULL, '/1', '2023-05-07 20:35:57.403000', '2023-05-07 20:35:57.403000', NULL, NULL),
(30, 'vylm9474_347f15729dc64d1e8e18aaf06655b874_grande.webp', NULL, NULL, 600, 600, '{\"thumbnail\":{\"name\":\"thumbnail_vylm9474_347f15729dc64d1e8e18aaf06655b874_grande.webp\",\"hash\":\"thumbnail_vylm9474_347f15729dc64d1e8e18aaf06655b874_grande_3994f890db\",\"ext\":\".webp\",\"mime\":\"image/webp\",\"path\":null,\"width\":156,\"height\":156,\"size\":1.76,\"url\":\"/uploads/thumbnail_vylm9474_347f15729dc64d1e8e18aaf06655b874_grande_3994f890db.webp\"},\"small\":{\"name\":\"small_vylm9474_347f15729dc64d1e8e18aaf06655b874_grande.webp\",\"hash\":\"small_vylm9474_347f15729dc64d1e8e18aaf06655b874_grande_3994f890db\",\"ext\":\".webp\",\"mime\":\"image/webp\",\"path\":null,\"width\":500,\"height\":500,\"size\":9.4,\"url\":\"/uploads/small_vylm9474_347f15729dc64d1e8e18aaf06655b874_grande_3994f890db.webp\"}}', 'vylm9474_347f15729dc64d1e8e18aaf06655b874_grande_3994f890db', '.webp', 'image/webp', '14.58', '/uploads/vylm9474_347f15729dc64d1e8e18aaf06655b874_grande_3994f890db.webp', NULL, 'local', NULL, '/1', '2023-05-07 20:37:56.180000', '2023-05-07 20:37:56.180000', NULL, NULL),
(31, 'img_7020_d1f260aabafd4e5594e543cb27bccd67_grande.webp', NULL, NULL, 600, 600, '{\"thumbnail\":{\"name\":\"thumbnail_img_7020_d1f260aabafd4e5594e543cb27bccd67_grande.webp\",\"hash\":\"thumbnail_img_7020_d1f260aabafd4e5594e543cb27bccd67_grande_4588278344\",\"ext\":\".webp\",\"mime\":\"image/webp\",\"path\":null,\"width\":156,\"height\":156,\"size\":1.57,\"url\":\"/uploads/thumbnail_img_7020_d1f260aabafd4e5594e543cb27bccd67_grande_4588278344.webp\"},\"small\":{\"name\":\"small_img_7020_d1f260aabafd4e5594e543cb27bccd67_grande.webp\",\"hash\":\"small_img_7020_d1f260aabafd4e5594e543cb27bccd67_grande_4588278344\",\"ext\":\".webp\",\"mime\":\"image/webp\",\"path\":null,\"width\":500,\"height\":500,\"size\":8.35,\"url\":\"/uploads/small_img_7020_d1f260aabafd4e5594e543cb27bccd67_grande_4588278344.webp\"}}', 'img_7020_d1f260aabafd4e5594e543cb27bccd67_grande_4588278344', '.webp', 'image/webp', '12.86', '/uploads/img_7020_d1f260aabafd4e5594e543cb27bccd67_grande_4588278344.webp', NULL, 'local', NULL, '/1', '2023-05-07 20:39:27.179000', '2023-05-07 20:39:27.179000', NULL, NULL),
(32, 'vylm5116_b9ec9a0ed8684f019c272152be1c8a70_grande.webp', NULL, NULL, 600, 600, '{\"thumbnail\":{\"name\":\"thumbnail_vylm5116_b9ec9a0ed8684f019c272152be1c8a70_grande.webp\",\"hash\":\"thumbnail_vylm5116_b9ec9a0ed8684f019c272152be1c8a70_grande_37b7e90bc3\",\"ext\":\".webp\",\"mime\":\"image/webp\",\"path\":null,\"width\":156,\"height\":156,\"size\":1.59,\"url\":\"/uploads/thumbnail_vylm5116_b9ec9a0ed8684f019c272152be1c8a70_grande_37b7e90bc3.webp\"},\"small\":{\"name\":\"small_vylm5116_b9ec9a0ed8684f019c272152be1c8a70_grande.webp\",\"hash\":\"small_vylm5116_b9ec9a0ed8684f019c272152be1c8a70_grande_37b7e90bc3\",\"ext\":\".webp\",\"mime\":\"image/webp\",\"path\":null,\"width\":500,\"height\":500,\"size\":7.43,\"url\":\"/uploads/small_vylm5116_b9ec9a0ed8684f019c272152be1c8a70_grande_37b7e90bc3.webp\"}}', 'vylm5116_b9ec9a0ed8684f019c272152be1c8a70_grande_37b7e90bc3', '.webp', 'image/webp', '11.63', '/uploads/vylm5116_b9ec9a0ed8684f019c272152be1c8a70_grande_37b7e90bc3.webp', NULL, 'local', NULL, '/1', '2023-05-07 20:40:52.700000', '2023-05-07 20:40:52.700000', NULL, NULL),
(33, 'vylm5126_1a8961beefe24914aa4f9564dad38fa0_grande.webp', NULL, NULL, 600, 600, '{\"thumbnail\":{\"name\":\"thumbnail_vylm5126_1a8961beefe24914aa4f9564dad38fa0_grande.webp\",\"hash\":\"thumbnail_vylm5126_1a8961beefe24914aa4f9564dad38fa0_grande_1f0110b9a8\",\"ext\":\".webp\",\"mime\":\"image/webp\",\"path\":null,\"width\":156,\"height\":156,\"size\":1.69,\"url\":\"/uploads/thumbnail_vylm5126_1a8961beefe24914aa4f9564dad38fa0_grande_1f0110b9a8.webp\"},\"small\":{\"name\":\"small_vylm5126_1a8961beefe24914aa4f9564dad38fa0_grande.webp\",\"hash\":\"small_vylm5126_1a8961beefe24914aa4f9564dad38fa0_grande_1f0110b9a8\",\"ext\":\".webp\",\"mime\":\"image/webp\",\"path\":null,\"width\":500,\"height\":500,\"size\":8.05,\"url\":\"/uploads/small_vylm5126_1a8961beefe24914aa4f9564dad38fa0_grande_1f0110b9a8.webp\"}}', 'vylm5126_1a8961beefe24914aa4f9564dad38fa0_grande_1f0110b9a8', '.webp', 'image/webp', '12.78', '/uploads/vylm5126_1a8961beefe24914aa4f9564dad38fa0_grande_1f0110b9a8.webp', NULL, 'local', NULL, '/1', '2023-05-07 20:42:24.215000', '2023-05-07 20:42:24.215000', NULL, NULL),
(34, 'vylm5126_1a8961beefe24914aa4f9564dad38fa0_grande.webp', NULL, NULL, 600, 600, '{\"thumbnail\":{\"name\":\"thumbnail_vylm5126_1a8961beefe24914aa4f9564dad38fa0_grande.webp\",\"hash\":\"thumbnail_vylm5126_1a8961beefe24914aa4f9564dad38fa0_grande_54f87d140e\",\"ext\":\".webp\",\"mime\":\"image/webp\",\"path\":null,\"width\":156,\"height\":156,\"size\":1.69,\"url\":\"/uploads/thumbnail_vylm5126_1a8961beefe24914aa4f9564dad38fa0_grande_54f87d140e.webp\"},\"small\":{\"name\":\"small_vylm5126_1a8961beefe24914aa4f9564dad38fa0_grande.webp\",\"hash\":\"small_vylm5126_1a8961beefe24914aa4f9564dad38fa0_grande_54f87d140e\",\"ext\":\".webp\",\"mime\":\"image/webp\",\"path\":null,\"width\":500,\"height\":500,\"size\":8.05,\"url\":\"/uploads/small_vylm5126_1a8961beefe24914aa4f9564dad38fa0_grande_54f87d140e.webp\"}}', 'vylm5126_1a8961beefe24914aa4f9564dad38fa0_grande_54f87d140e', '.webp', 'image/webp', '12.78', '/uploads/vylm5126_1a8961beefe24914aa4f9564dad38fa0_grande_54f87d140e.webp', NULL, 'local', NULL, '/1', '2023-05-07 20:43:15.951000', '2023-05-07 20:43:15.951000', NULL, NULL),
(35, 'vylm5074_c7405d90cd2c40cfa8e5f495449cd741_grande.webp', NULL, NULL, 600, 600, '{\"thumbnail\":{\"name\":\"thumbnail_vylm5074_c7405d90cd2c40cfa8e5f495449cd741_grande.webp\",\"hash\":\"thumbnail_vylm5074_c7405d90cd2c40cfa8e5f495449cd741_grande_db07218a13\",\"ext\":\".webp\",\"mime\":\"image/webp\",\"path\":null,\"width\":156,\"height\":156,\"size\":1.57,\"url\":\"/uploads/thumbnail_vylm5074_c7405d90cd2c40cfa8e5f495449cd741_grande_db07218a13.webp\"},\"small\":{\"name\":\"small_vylm5074_c7405d90cd2c40cfa8e5f495449cd741_grande.webp\",\"hash\":\"small_vylm5074_c7405d90cd2c40cfa8e5f495449cd741_grande_db07218a13\",\"ext\":\".webp\",\"mime\":\"image/webp\",\"path\":null,\"width\":500,\"height\":500,\"size\":8.11,\"url\":\"/uploads/small_vylm5074_c7405d90cd2c40cfa8e5f495449cd741_grande_db07218a13.webp\"}}', 'vylm5074_c7405d90cd2c40cfa8e5f495449cd741_grande_db07218a13', '.webp', 'image/webp', '12.98', '/uploads/vylm5074_c7405d90cd2c40cfa8e5f495449cd741_grande_db07218a13.webp', NULL, 'local', NULL, '/1', '2023-05-07 20:44:50.353000', '2023-05-07 20:44:50.353000', NULL, NULL),
(36, 'img_5820_9f4ce0c0b63041119d9aee36e220827b_grande.webp', NULL, NULL, 600, 600, '{\"thumbnail\":{\"name\":\"thumbnail_img_5820_9f4ce0c0b63041119d9aee36e220827b_grande.webp\",\"hash\":\"thumbnail_img_5820_9f4ce0c0b63041119d9aee36e220827b_grande_bb35e0ee4c\",\"ext\":\".webp\",\"mime\":\"image/webp\",\"path\":null,\"width\":156,\"height\":156,\"size\":2.03,\"url\":\"/uploads/thumbnail_img_5820_9f4ce0c0b63041119d9aee36e220827b_grande_bb35e0ee4c.webp\"},\"small\":{\"name\":\"small_img_5820_9f4ce0c0b63041119d9aee36e220827b_grande.webp\",\"hash\":\"small_img_5820_9f4ce0c0b63041119d9aee36e220827b_grande_bb35e0ee4c\",\"ext\":\".webp\",\"mime\":\"image/webp\",\"path\":null,\"width\":500,\"height\":500,\"size\":10.94,\"url\":\"/uploads/small_img_5820_9f4ce0c0b63041119d9aee36e220827b_grande_bb35e0ee4c.webp\"}}', 'img_5820_9f4ce0c0b63041119d9aee36e220827b_grande_bb35e0ee4c', '.webp', 'image/webp', '16.50', '/uploads/img_5820_9f4ce0c0b63041119d9aee36e220827b_grande_bb35e0ee4c.webp', NULL, 'local', NULL, '/1', '2023-05-07 20:47:03.147000', '2023-05-07 20:47:03.147000', NULL, NULL),
(37, 'img_5984_ae4f7de748624d9d96f3818810df2e88_grande.webp', NULL, NULL, 600, 600, '{\"thumbnail\":{\"name\":\"thumbnail_img_5984_ae4f7de748624d9d96f3818810df2e88_grande.webp\",\"hash\":\"thumbnail_img_5984_ae4f7de748624d9d96f3818810df2e88_grande_da0bd2d373\",\"ext\":\".webp\",\"mime\":\"image/webp\",\"path\":null,\"width\":156,\"height\":156,\"size\":1.87,\"url\":\"/uploads/thumbnail_img_5984_ae4f7de748624d9d96f3818810df2e88_grande_da0bd2d373.webp\"},\"small\":{\"name\":\"small_img_5984_ae4f7de748624d9d96f3818810df2e88_grande.webp\",\"hash\":\"small_img_5984_ae4f7de748624d9d96f3818810df2e88_grande_da0bd2d373\",\"ext\":\".webp\",\"mime\":\"image/webp\",\"path\":null,\"width\":500,\"height\":500,\"size\":10.4,\"url\":\"/uploads/small_img_5984_ae4f7de748624d9d96f3818810df2e88_grande_da0bd2d373.webp\"}}', 'img_5984_ae4f7de748624d9d96f3818810df2e88_grande_da0bd2d373', '.webp', 'image/webp', '16.00', '/uploads/img_5984_ae4f7de748624d9d96f3818810df2e88_grande_da0bd2d373.webp', NULL, 'local', NULL, '/1', '2023-05-07 20:48:05.502000', '2023-05-07 20:48:05.502000', NULL, NULL),
(38, 'img_5984_ae4f7de748624d9d96f3818810df2e88_grande.webp', NULL, NULL, 600, 600, '{\"thumbnail\":{\"name\":\"thumbnail_img_5984_ae4f7de748624d9d96f3818810df2e88_grande.webp\",\"hash\":\"thumbnail_img_5984_ae4f7de748624d9d96f3818810df2e88_grande_1f7fb2339f\",\"ext\":\".webp\",\"mime\":\"image/webp\",\"path\":null,\"width\":156,\"height\":156,\"size\":1.87,\"url\":\"/uploads/thumbnail_img_5984_ae4f7de748624d9d96f3818810df2e88_grande_1f7fb2339f.webp\"},\"small\":{\"name\":\"small_img_5984_ae4f7de748624d9d96f3818810df2e88_grande.webp\",\"hash\":\"small_img_5984_ae4f7de748624d9d96f3818810df2e88_grande_1f7fb2339f\",\"ext\":\".webp\",\"mime\":\"image/webp\",\"path\":null,\"width\":500,\"height\":500,\"size\":10.4,\"url\":\"/uploads/small_img_5984_ae4f7de748624d9d96f3818810df2e88_grande_1f7fb2339f.webp\"}}', 'img_5984_ae4f7de748624d9d96f3818810df2e88_grande_1f7fb2339f', '.webp', 'image/webp', '16.00', '/uploads/img_5984_ae4f7de748624d9d96f3818810df2e88_grande_1f7fb2339f.webp', NULL, 'local', NULL, '/1', '2023-05-07 20:49:01.128000', '2023-05-07 20:49:01.128000', NULL, NULL),
(39, 'vyll7290_8a31432d4c93415cb326741f4a1823a9_grande.webp', NULL, NULL, 600, 600, '{\"thumbnail\":{\"name\":\"thumbnail_vyll7290_8a31432d4c93415cb326741f4a1823a9_grande.webp\",\"hash\":\"thumbnail_vyll7290_8a31432d4c93415cb326741f4a1823a9_grande_c223183d72\",\"ext\":\".webp\",\"mime\":\"image/webp\",\"path\":null,\"width\":156,\"height\":156,\"size\":1.88,\"url\":\"/uploads/thumbnail_vyll7290_8a31432d4c93415cb326741f4a1823a9_grande_c223183d72.webp\"},\"small\":{\"name\":\"small_vyll7290_8a31432d4c93415cb326741f4a1823a9_grande.webp\",\"hash\":\"small_vyll7290_8a31432d4c93415cb326741f4a1823a9_grande_c223183d72\",\"ext\":\".webp\",\"mime\":\"image/webp\",\"path\":null,\"width\":500,\"height\":500,\"size\":13.24,\"url\":\"/uploads/small_vyll7290_8a31432d4c93415cb326741f4a1823a9_grande_c223183d72.webp\"}}', 'vyll7290_8a31432d4c93415cb326741f4a1823a9_grande_c223183d72', '.webp', 'image/webp', '21.68', '/uploads/vyll7290_8a31432d4c93415cb326741f4a1823a9_grande_c223183d72.webp', NULL, 'local', NULL, '/1', '2023-05-07 20:49:16.283000', '2023-05-07 20:49:16.283000', NULL, NULL),
(40, 'vylm3693_28f70ef8be1f43a2a49d917872b7f782_grande.webp', NULL, NULL, 600, 600, '{\"thumbnail\":{\"name\":\"thumbnail_vylm3693_28f70ef8be1f43a2a49d917872b7f782_grande.webp\",\"hash\":\"thumbnail_vylm3693_28f70ef8be1f43a2a49d917872b7f782_grande_59492c838c\",\"ext\":\".webp\",\"mime\":\"image/webp\",\"path\":null,\"width\":156,\"height\":156,\"size\":1.6,\"url\":\"/uploads/thumbnail_vylm3693_28f70ef8be1f43a2a49d917872b7f782_grande_59492c838c.webp\"},\"small\":{\"name\":\"small_vylm3693_28f70ef8be1f43a2a49d917872b7f782_grande.webp\",\"hash\":\"small_vylm3693_28f70ef8be1f43a2a49d917872b7f782_grande_59492c838c\",\"ext\":\".webp\",\"mime\":\"image/webp\",\"path\":null,\"width\":500,\"height\":500,\"size\":10.15,\"url\":\"/uploads/small_vylm3693_28f70ef8be1f43a2a49d917872b7f782_grande_59492c838c.webp\"}}', 'vylm3693_28f70ef8be1f43a2a49d917872b7f782_grande_59492c838c', '.webp', 'image/webp', '16.63', '/uploads/vylm3693_28f70ef8be1f43a2a49d917872b7f782_grande_59492c838c.webp', NULL, 'local', NULL, '/1', '2023-05-07 20:50:07.937000', '2023-05-07 20:50:07.937000', NULL, NULL),
(41, 'img_0145_77a4482541754a15b38995ad8fe5d4a5_grande.webp', NULL, NULL, 600, 600, '{\"thumbnail\":{\"name\":\"thumbnail_img_0145_77a4482541754a15b38995ad8fe5d4a5_grande.webp\",\"hash\":\"thumbnail_img_0145_77a4482541754a15b38995ad8fe5d4a5_grande_dacb3dda71\",\"ext\":\".webp\",\"mime\":\"image/webp\",\"path\":null,\"width\":156,\"height\":156,\"size\":1.42,\"url\":\"/uploads/thumbnail_img_0145_77a4482541754a15b38995ad8fe5d4a5_grande_dacb3dda71.webp\"},\"small\":{\"name\":\"small_img_0145_77a4482541754a15b38995ad8fe5d4a5_grande.webp\",\"hash\":\"small_img_0145_77a4482541754a15b38995ad8fe5d4a5_grande_dacb3dda71\",\"ext\":\".webp\",\"mime\":\"image/webp\",\"path\":null,\"width\":500,\"height\":500,\"size\":6.73,\"url\":\"/uploads/small_img_0145_77a4482541754a15b38995ad8fe5d4a5_grande_dacb3dda71.webp\"}}', 'img_0145_77a4482541754a15b38995ad8fe5d4a5_grande_dacb3dda71', '.webp', 'image/webp', '10.02', '/uploads/img_0145_77a4482541754a15b38995ad8fe5d4a5_grande_dacb3dda71.webp', NULL, 'local', NULL, '/1', '2023-05-07 20:51:04.599000', '2023-05-07 20:51:04.599000', NULL, NULL),
(42, 'img_4048_f32e5d2a406f4cf69df401a89b0c920f_grande.webp', NULL, NULL, 600, 600, '{\"thumbnail\":{\"name\":\"thumbnail_img_4048_f32e5d2a406f4cf69df401a89b0c920f_grande.webp\",\"hash\":\"thumbnail_img_4048_f32e5d2a406f4cf69df401a89b0c920f_grande_cc355e1a68\",\"ext\":\".webp\",\"mime\":\"image/webp\",\"path\":null,\"width\":156,\"height\":156,\"size\":1.77,\"url\":\"/uploads/thumbnail_img_4048_f32e5d2a406f4cf69df401a89b0c920f_grande_cc355e1a68.webp\"},\"small\":{\"name\":\"small_img_4048_f32e5d2a406f4cf69df401a89b0c920f_grande.webp\",\"hash\":\"small_img_4048_f32e5d2a406f4cf69df401a89b0c920f_grande_cc355e1a68\",\"ext\":\".webp\",\"mime\":\"image/webp\",\"path\":null,\"width\":500,\"height\":500,\"size\":9.64,\"url\":\"/uploads/small_img_4048_f32e5d2a406f4cf69df401a89b0c920f_grande_cc355e1a68.webp\"}}', 'img_4048_f32e5d2a406f4cf69df401a89b0c920f_grande_cc355e1a68', '.webp', 'image/webp', '14.70', '/uploads/img_4048_f32e5d2a406f4cf69df401a89b0c920f_grande_cc355e1a68.webp', NULL, 'local', NULL, '/1', '2023-05-07 20:52:04.627000', '2023-05-07 20:52:04.627000', NULL, NULL),
(43, 'vyls4865_c8015b9878004ca19ce30aaaf566c566_grande.webp', NULL, NULL, 600, 600, '{\"thumbnail\":{\"name\":\"thumbnail_vyls4865_c8015b9878004ca19ce30aaaf566c566_grande.webp\",\"hash\":\"thumbnail_vyls4865_c8015b9878004ca19ce30aaaf566c566_grande_1c4cfcd91b\",\"ext\":\".webp\",\"mime\":\"image/webp\",\"path\":null,\"width\":156,\"height\":156,\"size\":2.14,\"url\":\"/uploads/thumbnail_vyls4865_c8015b9878004ca19ce30aaaf566c566_grande_1c4cfcd91b.webp\"},\"small\":{\"name\":\"small_vyls4865_c8015b9878004ca19ce30aaaf566c566_grande.webp\",\"hash\":\"small_vyls4865_c8015b9878004ca19ce30aaaf566c566_grande_1c4cfcd91b\",\"ext\":\".webp\",\"mime\":\"image/webp\",\"path\":null,\"width\":500,\"height\":500,\"size\":11.14,\"url\":\"/uploads/small_vyls4865_c8015b9878004ca19ce30aaaf566c566_grande_1c4cfcd91b.webp\"}}', 'vyls4865_c8015b9878004ca19ce30aaaf566c566_grande_1c4cfcd91b', '.webp', 'image/webp', '17.00', '/uploads/vyls4865_c8015b9878004ca19ce30aaaf566c566_grande_1c4cfcd91b.webp', NULL, 'local', NULL, '/1', '2023-05-07 20:53:13.570000', '2023-05-07 20:53:13.570000', NULL, NULL),
(44, 'vylm9563_6b7b276fdc9d4b51b7158690a9aacaaa_grande.webp', NULL, NULL, 600, 600, '{\"thumbnail\":{\"name\":\"thumbnail_vylm9563_6b7b276fdc9d4b51b7158690a9aacaaa_grande.webp\",\"hash\":\"thumbnail_vylm9563_6b7b276fdc9d4b51b7158690a9aacaaa_grande_ba1de42a57\",\"ext\":\".webp\",\"mime\":\"image/webp\",\"path\":null,\"width\":156,\"height\":156,\"size\":1.92,\"url\":\"/uploads/thumbnail_vylm9563_6b7b276fdc9d4b51b7158690a9aacaaa_grande_ba1de42a57.webp\"},\"small\":{\"name\":\"small_vylm9563_6b7b276fdc9d4b51b7158690a9aacaaa_grande.webp\",\"hash\":\"small_vylm9563_6b7b276fdc9d4b51b7158690a9aacaaa_grande_ba1de42a57\",\"ext\":\".webp\",\"mime\":\"image/webp\",\"path\":null,\"width\":500,\"height\":500,\"size\":10.55,\"url\":\"/uploads/small_vylm9563_6b7b276fdc9d4b51b7158690a9aacaaa_grande_ba1de42a57.webp\"}}', 'vylm9563_6b7b276fdc9d4b51b7158690a9aacaaa_grande_ba1de42a57', '.webp', 'image/webp', '15.91', '/uploads/vylm9563_6b7b276fdc9d4b51b7158690a9aacaaa_grande_ba1de42a57.webp', NULL, 'local', NULL, '/1', '2023-05-07 20:54:01.913000', '2023-05-07 20:54:01.913000', NULL, NULL),
(45, 'vylm6166_8dea67fcb9d44f679f2e373745e56e08_grande.webp', NULL, NULL, 600, 600, '{\"thumbnail\":{\"name\":\"thumbnail_vylm6166_8dea67fcb9d44f679f2e373745e56e08_grande.webp\",\"hash\":\"thumbnail_vylm6166_8dea67fcb9d44f679f2e373745e56e08_grande_c94952bf79\",\"ext\":\".webp\",\"mime\":\"image/webp\",\"path\":null,\"width\":156,\"height\":156,\"size\":1.94,\"url\":\"/uploads/thumbnail_vylm6166_8dea67fcb9d44f679f2e373745e56e08_grande_c94952bf79.webp\"},\"small\":{\"name\":\"small_vylm6166_8dea67fcb9d44f679f2e373745e56e08_grande.webp\",\"hash\":\"small_vylm6166_8dea67fcb9d44f679f2e373745e56e08_grande_c94952bf79\",\"ext\":\".webp\",\"mime\":\"image/webp\",\"path\":null,\"width\":500,\"height\":500,\"size\":10.82,\"url\":\"/uploads/small_vylm6166_8dea67fcb9d44f679f2e373745e56e08_grande_c94952bf79.webp\"}}', 'vylm6166_8dea67fcb9d44f679f2e373745e56e08_grande_c94952bf79', '.webp', 'image/webp', '17.15', '/uploads/vylm6166_8dea67fcb9d44f679f2e373745e56e08_grande_c94952bf79.webp', NULL, 'local', NULL, '/1', '2023-05-07 20:56:01.471000', '2023-05-07 20:56:01.471000', NULL, NULL),
(46, 'vylm6166_8dea67fcb9d44f679f2e373745e56e08_grande.webp', NULL, NULL, 600, 600, '{\"thumbnail\":{\"name\":\"thumbnail_vylm6166_8dea67fcb9d44f679f2e373745e56e08_grande.webp\",\"hash\":\"thumbnail_vylm6166_8dea67fcb9d44f679f2e373745e56e08_grande_71bb05bca4\",\"ext\":\".webp\",\"mime\":\"image/webp\",\"path\":null,\"width\":156,\"height\":156,\"size\":1.94,\"url\":\"/uploads/thumbnail_vylm6166_8dea67fcb9d44f679f2e373745e56e08_grande_71bb05bca4.webp\"},\"small\":{\"name\":\"small_vylm6166_8dea67fcb9d44f679f2e373745e56e08_grande.webp\",\"hash\":\"small_vylm6166_8dea67fcb9d44f679f2e373745e56e08_grande_71bb05bca4\",\"ext\":\".webp\",\"mime\":\"image/webp\",\"path\":null,\"width\":500,\"height\":500,\"size\":10.82,\"url\":\"/uploads/small_vylm6166_8dea67fcb9d44f679f2e373745e56e08_grande_71bb05bca4.webp\"}}', 'vylm6166_8dea67fcb9d44f679f2e373745e56e08_grande_71bb05bca4', '.webp', 'image/webp', '17.15', '/uploads/vylm6166_8dea67fcb9d44f679f2e373745e56e08_grande_71bb05bca4.webp', NULL, 'local', NULL, '/1', '2023-05-07 20:57:18.048000', '2023-05-07 20:57:18.048000', NULL, NULL),
(47, 'img_4011_515742cba1c1490cb967fd8ab3eb261d_grande.webp', NULL, NULL, 600, 600, '{\"thumbnail\":{\"name\":\"thumbnail_img_4011_515742cba1c1490cb967fd8ab3eb261d_grande.webp\",\"hash\":\"thumbnail_img_4011_515742cba1c1490cb967fd8ab3eb261d_grande_1d3cc0293e\",\"ext\":\".webp\",\"mime\":\"image/webp\",\"path\":null,\"width\":156,\"height\":156,\"size\":0.85,\"url\":\"/uploads/thumbnail_img_4011_515742cba1c1490cb967fd8ab3eb261d_grande_1d3cc0293e.webp\"},\"small\":{\"name\":\"small_img_4011_515742cba1c1490cb967fd8ab3eb261d_grande.webp\",\"hash\":\"small_img_4011_515742cba1c1490cb967fd8ab3eb261d_grande_1d3cc0293e\",\"ext\":\".webp\",\"mime\":\"image/webp\",\"path\":null,\"width\":500,\"height\":500,\"size\":4.27,\"url\":\"/uploads/small_img_4011_515742cba1c1490cb967fd8ab3eb261d_grande_1d3cc0293e.webp\"}}', 'img_4011_515742cba1c1490cb967fd8ab3eb261d_grande_1d3cc0293e', '.webp', 'image/webp', '6.32', '/uploads/img_4011_515742cba1c1490cb967fd8ab3eb261d_grande_1d3cc0293e.webp', NULL, 'local', NULL, '/1', '2023-05-07 20:57:29.177000', '2023-05-07 20:57:29.177000', NULL, NULL);

-- --------------------------------------------------------

--
-- Table structure for table `files_folder_links`
--

CREATE TABLE `files_folder_links` (
  `id` int(10) UNSIGNED NOT NULL,
  `file_id` int(10) UNSIGNED DEFAULT NULL,
  `folder_id` int(10) UNSIGNED DEFAULT NULL,
  `file_order` double UNSIGNED DEFAULT NULL
) ENGINE=InnoDB DEFAULT CHARSET=utf8mb4;

--
-- Dumping data for table `files_folder_links`
--

INSERT INTO `files_folder_links` (`id`, `file_id`, `folder_id`, `file_order`) VALUES
(6, 12, 1, 1),
(7, 13, 1, 2),
(8, 14, 1, 3),
(9, 15, 1, 4),
(10, 16, 1, 5),
(11, 17, 1, 6),
(12, 18, 1, 7),
(13, 19, 1, 8),
(14, 20, 1, 9),
(15, 21, 1, 10),
(16, 22, 1, 11),
(17, 23, 1, 12),
(18, 24, 1, 13),
(19, 25, 1, 14),
(20, 26, 1, 15),
(21, 27, 1, 16),
(22, 28, 1, 17),
(23, 29, 1, 18),
(24, 30, 1, 19),
(25, 31, 1, 20),
(26, 32, 1, 21),
(27, 33, 1, 22),
(28, 34, 1, 23),
(29, 35, 1, 24),
(30, 36, 1, 25),
(31, 37, 1, 26),
(32, 38, 1, 27),
(33, 39, 1, 28),
(34, 40, 1, 29),
(35, 41, 1, 30),
(36, 42, 1, 31),
(37, 43, 1, 32),
(38, 44, 1, 33),
(39, 45, 1, 34),
(40, 46, 1, 35),
(41, 47, 1, 36);

-- --------------------------------------------------------

--
-- Table structure for table `files_related_morphs`
--

CREATE TABLE `files_related_morphs` (
  `id` int(10) UNSIGNED NOT NULL,
  `file_id` int(10) UNSIGNED DEFAULT NULL,
  `related_id` int(10) UNSIGNED DEFAULT NULL,
  `related_type` varchar(255) DEFAULT NULL,
  `field` varchar(255) DEFAULT NULL,
  `order` double UNSIGNED DEFAULT NULL
) ENGINE=InnoDB DEFAULT CHARSET=utf8mb4;

--
-- Dumping data for table `files_related_morphs`
--

INSERT INTO `files_related_morphs` (`id`, `file_id`, `related_id`, `related_type`, `field`, `order`) VALUES
(41, 5, 2, 'api::product.product', 'image', 1),
(42, 4, 2, 'api::product.product', 'image', 2),
(43, 3, 2, 'api::product.product', 'image', 3),
(44, 2, 2, 'api::product.product', 'image', 4),
(45, 1, 2, 'api::product.product', 'thumbnail', 1),
(46, 5, 4, 'api::product.product', 'image', 1),
(47, 4, 4, 'api::product.product', 'image', 2),
(48, 3, 4, 'api::product.product', 'image', 3),
(49, 2, 4, 'api::product.product', 'image', 4),
(50, 1, 4, 'api::product.product', 'thumbnail', 1),
(56, 3, 5, 'api::product.product', 'image', 1),
(57, 4, 5, 'api::product.product', 'image', 2),
(58, 5, 5, 'api::product.product', 'image', 3),
(59, 2, 5, 'api::product.product', 'image', 4),
(60, 1, 5, 'api::product.product', 'image', 5),
(61, 3, 5, 'api::product.product', 'thumbnail', 1),
(62, 1, 7, 'api::product.product', 'thumbnail', 1),
(64, 1, 10, 'api::product.product', 'thumbnail', 1),
(66, 14, 12, 'api::product.product', 'thumbnail', 1),
(67, 5, 3, 'api::product.product', 'image', 1),
(68, 4, 3, 'api::product.product', 'image', 2),
(69, 3, 3, 'api::product.product', 'image', 3),
(70, 2, 3, 'api::product.product', 'image', 4),
(71, 1, 3, 'api::product.product', 'thumbnail', 1),
(72, 19, 14, 'api::product.product', 'thumbnail', 1),
(74, 1, 9, 'api::product.product', 'thumbnail', 1),
(75, 1, 21, 'api::product.product', 'thumbnail', 1),
(81, 23, 22, 'api::product.product', 'thumbnail', 1),
(82, 25, 23, 'api::product.product', 'thumbnail', 1),
(83, 26, 24, 'api::product.product', 'thumbnail', 1),
(84, 28, 25, 'api::product.product', 'thumbnail', 1),
(85, 29, 26, 'api::product.product', 'thumbnail', 1),
(86, 30, 27, 'api::product.product', 'thumbnail', 1),
(87, 31, 28, 'api::product.product', 'thumbnail', 1),
(88, 32, 29, 'api::product.product', 'thumbnail', 1),
(89, 33, 30, 'api::product.product', 'thumbnail', 1),
(90, 34, 31, 'api::product.product', 'thumbnail', 1),
(91, 35, 32, 'api::product.product', 'thumbnail', 1),
(92, 36, 33, 'api::product.product', 'thumbnail', 1),
(93, 37, 34, 'api::product.product', 'thumbnail', 1),
(94, 39, 35, 'api::product.product', 'thumbnail', 1),
(95, 40, 36, 'api::product.product', 'thumbnail', 1),
(96, 41, 37, 'api::product.product', 'thumbnail', 1),
(97, 42, 38, 'api::product.product', 'thumbnail', 1),
(98, 43, 39, 'api::product.product', 'thumbnail', 1),
(99, 44, 40, 'api::product.product', 'thumbnail', 1),
(100, 45, 41, 'api::product.product', 'thumbnail', 1),
(102, 5, 1, 'api::product.product', 'image', 1),
(103, 4, 1, 'api::product.product', 'image', 2),
(104, 3, 1, 'api::product.product', 'image', 3),
(105, 2, 1, 'api::product.product', 'image', 4),
(106, 1, 1, 'api::product.product', 'thumbnail', 1),
(109, 47, 42, 'api::product.product', 'thumbnail', 1);

-- --------------------------------------------------------

--
-- Table structure for table `i18n_locale`
--

CREATE TABLE `i18n_locale` (
  `id` int(10) UNSIGNED NOT NULL,
  `name` varchar(255) DEFAULT NULL,
  `code` varchar(255) DEFAULT NULL,
  `created_at` datetime(6) DEFAULT NULL,
  `updated_at` datetime(6) DEFAULT NULL,
  `created_by_id` int(10) UNSIGNED DEFAULT NULL,
  `updated_by_id` int(10) UNSIGNED DEFAULT NULL
) ENGINE=InnoDB DEFAULT CHARSET=utf8mb4;

--
-- Dumping data for table `i18n_locale`
--

INSERT INTO `i18n_locale` (`id`, `name`, `code`, `created_at`, `updated_at`, `created_by_id`, `updated_by_id`) VALUES
(1, 'English (en)', 'en', '2023-04-10 22:14:43.098000', '2023-04-13 00:18:41.382000', NULL, 1),
(2, 'Vietnamese (vi)', 'vi', '2023-04-13 00:18:24.809000', '2023-04-13 00:18:30.721000', 1, 1);

-- --------------------------------------------------------

--
-- Table structure for table `orders`
--

CREATE TABLE `orders` (
  `id` int(10) UNSIGNED NOT NULL,
  `created_at` datetime(6) DEFAULT NULL,
  `updated_at` datetime(6) DEFAULT NULL,
  `published_at` datetime(6) DEFAULT NULL,
  `created_by_id` int(10) UNSIGNED DEFAULT NULL,
  `updated_by_id` int(10) UNSIGNED DEFAULT NULL,
  `total_price` decimal(10,2) DEFAULT NULL,
  `address` varchar(255) DEFAULT NULL,
  `payment_method` varchar(255) DEFAULT NULL,
  `status` varchar(255) DEFAULT NULL,
  `list_products` longtext CHARACTER SET utf8mb4 COLLATE utf8mb4_bin DEFAULT NULL CHECK (json_valid(`list_products`)),
  `name` varchar(255) DEFAULT NULL,
  `email` varchar(255) DEFAULT NULL,
  `phone` varchar(255) DEFAULT NULL,
  `order_id` varchar(255) DEFAULT NULL,
  `user_id` varchar(255) DEFAULT NULL
) ENGINE=InnoDB DEFAULT CHARSET=utf8mb4;

--
-- Dumping data for table `orders`
--

INSERT INTO `orders` (`id`, `created_at`, `updated_at`, `published_at`, `created_by_id`, `updated_by_id`, `total_price`, `address`, `payment_method`, `status`, `list_products`, `name`, `email`, `phone`, `order_id`, `user_id`) VALUES
(8, '2023-04-20 14:31:50.001000', '2023-05-12 11:53:44.554000', '2023-04-20 14:31:49.995000', NULL, NULL, '24590.00', 'ha tinh', 'cash', 'delivering', '[{\"id\":1,\"attributes\":{\"name\":\"Air Jordan 1 Mid SE\",\"subtitle\":\"Men\'s Shoes\",\"price\":12295,\"description\":\"\\\"Every time the AJ1 gets a remake, you get the classic sneaker in new colours and textures for an exciting, revamped look but with all the familiar comforts you know. Premium materials and accents give modern expression to an all-time favourite.\\n\\n- Colour Shown: White/Black/Ice Blue\\n- Style: DV1308-104\\\"\",\"original_price\":20000,\"slug\":\"air-jordan-1-mid-se\",\"createdAt\":\"2023-04-10T15:34:05.130Z\",\"updatedAt\":\"2023-04-18T14:40:13.422Z\",\"publishedAt\":\"2023-04-10T15:34:09.644Z\",\"image\":{\"data\":[{\"id\":5,\"attributes\":{\"name\":\"266f9922-ec59-41e3-9b36-85c5fab5c1ec.webp\",\"alternativeText\":null,\"caption\":null,\"width\":864,\"height\":1080,\"formats\":{\"thumbnail\":{\"name\":\"thumbnail_266f9922-ec59-41e3-9b36-85c5fab5c1ec.webp\",\"hash\":\"thumbnail_266f9922_ec59_41e3_9b36_85c5fab5c1ec_b00de598ef\",\"ext\":\".webp\",\"mime\":\"image/webp\",\"path\":null,\"width\":125,\"height\":156,\"size\":2.52,\"url\":\"/uploads/thumbnail_266f9922_ec59_41e3_9b36_85c5fab5c1ec_b00de598ef.webp\"},\"large\":{\"name\":\"large_266f9922-ec59-41e3-9b36-85c5fab5c1ec.webp\",\"hash\":\"large_266f9922_ec59_41e3_9b36_85c5fab5c1ec_b00de598ef\",\"ext\":\".webp\",\"mime\":\"image/webp\",\"path\":null,\"width\":800,\"height\":1000,\"size\":35.85,\"url\":\"/uploads/large_266f9922_ec59_41e3_9b36_85c5fab5c1ec_b00de598ef.webp\"},\"medium\":{\"name\":\"medium_266f9922-ec59-41e3-9b36-85c5fab5c1ec.webp\",\"hash\":\"medium_266f9922_ec59_41e3_9b36_85c5fab5c1ec_b00de598ef\",\"ext\":\".webp\",\"mime\":\"image/webp\",\"path\":null,\"width\":600,\"height\":750,\"size\":24.62,\"url\":\"/uploads/medium_266f9922_ec59_41e3_9b36_85c5fab5c1ec_b00de598ef.webp\"},\"small\":{\"name\":\"small_266f9922-ec59-41e3-9b36-85c5fab5c1ec.webp\",\"hash\":\"small_266f9922_ec59_41e3_9b36_85c5fab5c1ec_b00de598ef\",\"ext\":\".webp\",\"mime\":\"image/webp\",\"path\":null,\"width\":400,\"height\":500,\"size\":13.53,\"url\":\"/uploads/small_266f9922_ec59_41e3_9b36_85c5fab5c1ec_b00de598ef.webp\"}},\"hash\":\"266f9922_ec59_41e3_9b36_85c5fab5c1ec_b00de598ef\",\"ext\":\".webp\",\"mime\":\"image/webp\",\"size\":49.94,\"url\":\"/uploads/266f9922_ec59_41e3_9b36_85c5fab5c1ec_b00de598ef.webp\",\"previewUrl\":null,\"provider\":\"local\",\"provider_metadata\":null,\"createdAt\":\"2023-04-10T15:32:18.665Z\",\"updatedAt\":\"2023-04-10T15:32:18.665Z\"}},{\"id\":4,\"attributes\":{\"name\":\"ca113e5f-2165-476a-8dcf-ce7a0d85356c.webp\",\"alternativeText\":null,\"caption\":null,\"width\":864,\"height\":1080,\"formats\":{\"thumbnail\":{\"name\":\"thumbnail_ca113e5f-2165-476a-8dcf-ce7a0d85356c.webp\",\"hash\":\"thumbnail_ca113e5f_2165_476a_8dcf_ce7a0d85356c_207abacbe0\",\"ext\":\".webp\",\"mime\":\"image/webp\",\"path\":null,\"width\":125,\"height\":156,\"size\":1.4,\"url\":\"/uploads/thumbnail_ca113e5f_2165_476a_8dcf_ce7a0d85356c_207abacbe0.webp\"},\"large\":{\"name\":\"large_ca113e5f-2165-476a-8dcf-ce7a0d85356c.webp\",\"hash\":\"large_ca113e5f_2165_476a_8dcf_ce7a0d85356c_207abacbe0\",\"ext\":\".webp\",\"mime\":\"image/webp\",\"path\":null,\"width\":800,\"height\":1000,\"size\":23.45,\"url\":\"/uploads/large_ca113e5f_2165_476a_8dcf_ce7a0d85356c_207abacbe0.webp\"},\"medium\":{\"name\":\"medium_ca113e5f-2165-476a-8dcf-ce7a0d85356c.webp\",\"hash\":\"medium_ca113e5f_2165_476a_8dcf_ce7a0d85356c_207abacbe0\",\"ext\":\".webp\",\"mime\":\"image/webp\",\"path\":null,\"width\":600,\"height\":750,\"size\":15.26,\"url\":\"/uploads/medium_ca113e5f_2165_476a_8dcf_ce7a0d85356c_207abacbe0.webp\"},\"small\":{\"name\":\"small_ca113e5f-2165-476a-8dcf-ce7a0d85356c.webp\",\"hash\":\"small_ca113e5f_2165_476a_8dcf_ce7a0d85356c_207abacbe0\",\"ext\":\".webp\",\"mime\":\"image/webp\",\"path\":null,\"width\":400,\"height\":500,\"size\":7.99,\"url\":\"/uploads/small_ca113e5f_2165_476a_8dcf_ce7a0d85356c_207abacbe0.webp\"}},\"hash\":\"ca113e5f_2165_476a_8dcf_ce7a0d85356c_207abacbe0\",\"ext\":\".webp\",\"mime\":\"image/webp\",\"size\":30.64,\"url\":\"/uploads/ca113e5f_2165_476a_8dcf_ce7a0d85356c_207abacbe0.webp\",\"previewUrl\":null,\"provider\":\"local\",\"provider_metadata\":null,\"createdAt\":\"2023-04-10T15:32:18.662Z\",\"updatedAt\":\"2023-04-10T15:32:18.662Z\"}},{\"id\":3,\"attributes\":{\"name\":\"0d6a88ca-7ff8-4ad9-991b-b2e2a33cf66e.webp\",\"alternativeText\":null,\"caption\":null,\"width\":864,\"height\":1080,\"formats\":{\"thumbnail\":{\"name\":\"thumbnail_0d6a88ca-7ff8-4ad9-991b-b2e2a33cf66e.webp\",\"hash\":\"thumbnail_0d6a88ca_7ff8_4ad9_991b_b2e2a33cf66e_e498b69fcc\",\"ext\":\".webp\",\"mime\":\"image/webp\",\"path\":null,\"width\":125,\"height\":156,\"size\":1.37,\"url\":\"/uploads/thumbnail_0d6a88ca_7ff8_4ad9_991b_b2e2a33cf66e_e498b69fcc.webp\"},\"large\":{\"name\":\"large_0d6a88ca-7ff8-4ad9-991b-b2e2a33cf66e.webp\",\"hash\":\"large_0d6a88ca_7ff8_4ad9_991b_b2e2a33cf66e_e498b69fcc\",\"ext\":\".webp\",\"mime\":\"image/webp\",\"path\":null,\"width\":800,\"height\":1000,\"size\":21.95,\"url\":\"/uploads/large_0d6a88ca_7ff8_4ad9_991b_b2e2a33cf66e_e498b69fcc.webp\"},\"medium\":{\"name\":\"medium_0d6a88ca-7ff8-4ad9-991b-b2e2a33cf66e.webp\",\"hash\":\"medium_0d6a88ca_7ff8_4ad9_991b_b2e2a33cf66e_e498b69fcc\",\"ext\":\".webp\",\"mime\":\"image/webp\",\"path\":null,\"width\":600,\"height\":750,\"size\":14.34,\"url\":\"/uploads/medium_0d6a88ca_7ff8_4ad9_991b_b2e2a33cf66e_e498b69fcc.webp\"},\"small\":{\"name\":\"small_0d6a88ca-7ff8-4ad9-991b-b2e2a33cf66e.webp\",\"hash\":\"small_0d6a88ca_7ff8_4ad9_991b_b2e2a33cf66e_e498b69fcc\",\"ext\":\".webp\",\"mime\":\"image/webp\",\"path\":null,\"width\":400,\"height\":500,\"size\":7.59,\"url\":\"/uploads/small_0d6a88ca_7ff8_4ad9_991b_b2e2a33cf66e_e498b69fcc.webp\"}},\"hash\":\"0d6a88ca_7ff8_4ad9_991b_b2e2a33cf66e_e498b69fcc\",\"ext\":\".webp\",\"mime\":\"image/webp\",\"size\":30.06,\"url\":\"/uploads/0d6a88ca_7ff8_4ad9_991b_b2e2a33cf66e_e498b69fcc.webp\",\"previewUrl\":null,\"provider\":\"local\",\"provider_metadata\":null,\"createdAt\":\"2023-04-10T15:32:18.644Z\",\"updatedAt\":\"2023-04-10T15:32:18.644Z\"}},{\"id\":2,\"attributes\":{\"name\":\"672537b9-5384-49e0-8128-5dedd538c208.webp\",\"alternativeText\":null,\"caption\":null,\"width\":864,\"height\":1080,\"formats\":{\"thumbnail\":{\"name\":\"thumbnail_672537b9-5384-49e0-8128-5dedd538c208.webp\",\"hash\":\"thumbnail_672537b9_5384_49e0_8128_5dedd538c208_37238b6728\",\"ext\":\".webp\",\"mime\":\"image/webp\",\"path\":null,\"width\":125,\"height\":156,\"size\":0.7,\"url\":\"/uploads/thumbnail_672537b9_5384_49e0_8128_5dedd538c208_37238b6728.webp\"},\"large\":{\"name\":\"large_672537b9-5384-49e0-8128-5dedd538c208.webp\",\"hash\":\"large_672537b9_5384_49e0_8128_5dedd538c208_37238b6728\",\"ext\":\".webp\",\"mime\":\"image/webp\",\"path\":null,\"width\":800,\"height\":1000,\"size\":8.11,\"url\":\"/uploads/large_672537b9_5384_49e0_8128_5dedd538c208_37238b6728.webp\"},\"small\":{\"name\":\"small_672537b9-5384-49e0-8128-5dedd538c208.webp\",\"hash\":\"small_672537b9_5384_49e0_8128_5dedd538c208_37238b6728\",\"ext\":\".webp\",\"mime\":\"image/webp\",\"path\":null,\"width\":400,\"height\":500,\"size\":3.18,\"url\":\"/uploads/small_672537b9_5384_49e0_8128_5dedd538c208_37238b6728.webp\"},\"medium\":{\"name\":\"medium_672537b9-5384-49e0-8128-5dedd538c208.webp\",\"hash\":\"medium_672537b9_5384_49e0_8128_5dedd538c208_37238b6728\",\"ext\":\".webp\",\"mime\":\"image/webp\",\"path\":null,\"width\":600,\"height\":750,\"size\":5.66,\"url\":\"/uploads/medium_672537b9_5384_49e0_8128_5dedd538c208_37238b6728.webp\"}},\"hash\":\"672537b9_5384_49e0_8128_5dedd538c208_37238b6728\",\"ext\":\".webp\",\"mime\":\"image/webp\",\"size\":10.34,\"url\":\"/uploads/672537b9_5384_49e0_8128_5dedd538c208_37238b6728.webp\",\"previewUrl\":null,\"provider\":\"local\",\"provider_metadata\":null,\"createdAt\":\"2023-04-10T15:32:18.511Z\",\"updatedAt\":\"2023-04-10T15:32:18.511Z\"}}]},\"thumbnail\":{\"data\":{\"id\":1,\"attributes\":{\"name\":\"thumbnail.webp\",\"alternativeText\":null,\"caption\":null,\"width\":592,\"height\":592,\"formats\":{\"thumbnail\":{\"name\":\"thumbnail_thumbnail.webp\",\"hash\":\"thumbnail_thumbnail_f2a4d6d988\",\"ext\":\".webp\",\"mime\":\"image/webp\",\"path\":null,\"width\":156,\"height\":156,\"size\":1.75,\"url\":\"/uploads/thumbnail_thumbnail_f2a4d6d988.webp\"},\"small\":{\"name\":\"small_thumbnail.webp\",\"hash\":\"small_thumbnail_f2a4d6d988\",\"ext\":\".webp\",\"mime\":\"image/webp\",\"path\":null,\"width\":500,\"height\":500,\"size\":9.92,\"url\":\"/uploads/small_thumbnail_f2a4d6d988.webp\"}},\"hash\":\"thumbnail_f2a4d6d988\",\"ext\":\".webp\",\"mime\":\"image/webp\",\"size\":15.38,\"url\":\"/uploads/thumbnail_f2a4d6d988.webp\",\"previewUrl\":null,\"provider\":\"local\",\"provider_metadata\":null,\"createdAt\":\"2023-04-10T15:32:18.419Z\",\"updatedAt\":\"2023-04-14T21:50:24.004Z\"}}},\"sizes\":[{\"id\":1,\"name\":\"41\",\"stock\":2},{\"id\":2,\"name\":\"42\",\"stock\":21}],\"cards\":{\"data\":[]}},\"size\":\"41\",\"count\":2}]', 'Nguyn B Tun', 'nbtuan59k3cntt.dhv@gmail.com', '+10854041709', NULL, NULL),
(9, '2023-04-20 14:31:58.441000', '2023-04-20 15:41:19.436000', '2023-04-20 14:31:58.438000', NULL, NULL, '24590.00', 'ha tinh', 'cash', 'delivering', '[{\"id\":1,\"attributes\":{\"name\":\"Air Jordan 1 Mid SE\",\"subtitle\":\"Men\'s Shoes\",\"price\":12295,\"description\":\"\\\"Every time the AJ1 gets a remake, you get the classic sneaker in new colours and textures for an exciting, revamped look but with all the familiar comforts you know. Premium materials and accents give modern expression to an all-time favourite.\\n\\n- Colour Shown: White/Black/Ice Blue\\n- Style: DV1308-104\\\"\",\"original_price\":20000,\"slug\":\"air-jordan-1-mid-se\",\"createdAt\":\"2023-04-10T15:34:05.130Z\",\"updatedAt\":\"2023-04-18T14:40:13.422Z\",\"publishedAt\":\"2023-04-10T15:34:09.644Z\",\"image\":{\"data\":[{\"id\":5,\"attributes\":{\"name\":\"266f9922-ec59-41e3-9b36-85c5fab5c1ec.webp\",\"alternativeText\":null,\"caption\":null,\"width\":864,\"height\":1080,\"formats\":{\"thumbnail\":{\"name\":\"thumbnail_266f9922-ec59-41e3-9b36-85c5fab5c1ec.webp\",\"hash\":\"thumbnail_266f9922_ec59_41e3_9b36_85c5fab5c1ec_b00de598ef\",\"ext\":\".webp\",\"mime\":\"image/webp\",\"path\":null,\"width\":125,\"height\":156,\"size\":2.52,\"url\":\"/uploads/thumbnail_266f9922_ec59_41e3_9b36_85c5fab5c1ec_b00de598ef.webp\"},\"large\":{\"name\":\"large_266f9922-ec59-41e3-9b36-85c5fab5c1ec.webp\",\"hash\":\"large_266f9922_ec59_41e3_9b36_85c5fab5c1ec_b00de598ef\",\"ext\":\".webp\",\"mime\":\"image/webp\",\"path\":null,\"width\":800,\"height\":1000,\"size\":35.85,\"url\":\"/uploads/large_266f9922_ec59_41e3_9b36_85c5fab5c1ec_b00de598ef.webp\"},\"medium\":{\"name\":\"medium_266f9922-ec59-41e3-9b36-85c5fab5c1ec.webp\",\"hash\":\"medium_266f9922_ec59_41e3_9b36_85c5fab5c1ec_b00de598ef\",\"ext\":\".webp\",\"mime\":\"image/webp\",\"path\":null,\"width\":600,\"height\":750,\"size\":24.62,\"url\":\"/uploads/medium_266f9922_ec59_41e3_9b36_85c5fab5c1ec_b00de598ef.webp\"},\"small\":{\"name\":\"small_266f9922-ec59-41e3-9b36-85c5fab5c1ec.webp\",\"hash\":\"small_266f9922_ec59_41e3_9b36_85c5fab5c1ec_b00de598ef\",\"ext\":\".webp\",\"mime\":\"image/webp\",\"path\":null,\"width\":400,\"height\":500,\"size\":13.53,\"url\":\"/uploads/small_266f9922_ec59_41e3_9b36_85c5fab5c1ec_b00de598ef.webp\"}},\"hash\":\"266f9922_ec59_41e3_9b36_85c5fab5c1ec_b00de598ef\",\"ext\":\".webp\",\"mime\":\"image/webp\",\"size\":49.94,\"url\":\"/uploads/266f9922_ec59_41e3_9b36_85c5fab5c1ec_b00de598ef.webp\",\"previewUrl\":null,\"provider\":\"local\",\"provider_metadata\":null,\"createdAt\":\"2023-04-10T15:32:18.665Z\",\"updatedAt\":\"2023-04-10T15:32:18.665Z\"}},{\"id\":4,\"attributes\":{\"name\":\"ca113e5f-2165-476a-8dcf-ce7a0d85356c.webp\",\"alternativeText\":null,\"caption\":null,\"width\":864,\"height\":1080,\"formats\":{\"thumbnail\":{\"name\":\"thumbnail_ca113e5f-2165-476a-8dcf-ce7a0d85356c.webp\",\"hash\":\"thumbnail_ca113e5f_2165_476a_8dcf_ce7a0d85356c_207abacbe0\",\"ext\":\".webp\",\"mime\":\"image/webp\",\"path\":null,\"width\":125,\"height\":156,\"size\":1.4,\"url\":\"/uploads/thumbnail_ca113e5f_2165_476a_8dcf_ce7a0d85356c_207abacbe0.webp\"},\"large\":{\"name\":\"large_ca113e5f-2165-476a-8dcf-ce7a0d85356c.webp\",\"hash\":\"large_ca113e5f_2165_476a_8dcf_ce7a0d85356c_207abacbe0\",\"ext\":\".webp\",\"mime\":\"image/webp\",\"path\":null,\"width\":800,\"height\":1000,\"size\":23.45,\"url\":\"/uploads/large_ca113e5f_2165_476a_8dcf_ce7a0d85356c_207abacbe0.webp\"},\"medium\":{\"name\":\"medium_ca113e5f-2165-476a-8dcf-ce7a0d85356c.webp\",\"hash\":\"medium_ca113e5f_2165_476a_8dcf_ce7a0d85356c_207abacbe0\",\"ext\":\".webp\",\"mime\":\"image/webp\",\"path\":null,\"width\":600,\"height\":750,\"size\":15.26,\"url\":\"/uploads/medium_ca113e5f_2165_476a_8dcf_ce7a0d85356c_207abacbe0.webp\"},\"small\":{\"name\":\"small_ca113e5f-2165-476a-8dcf-ce7a0d85356c.webp\",\"hash\":\"small_ca113e5f_2165_476a_8dcf_ce7a0d85356c_207abacbe0\",\"ext\":\".webp\",\"mime\":\"image/webp\",\"path\":null,\"width\":400,\"height\":500,\"size\":7.99,\"url\":\"/uploads/small_ca113e5f_2165_476a_8dcf_ce7a0d85356c_207abacbe0.webp\"}},\"hash\":\"ca113e5f_2165_476a_8dcf_ce7a0d85356c_207abacbe0\",\"ext\":\".webp\",\"mime\":\"image/webp\",\"size\":30.64,\"url\":\"/uploads/ca113e5f_2165_476a_8dcf_ce7a0d85356c_207abacbe0.webp\",\"previewUrl\":null,\"provider\":\"local\",\"provider_metadata\":null,\"createdAt\":\"2023-04-10T15:32:18.662Z\",\"updatedAt\":\"2023-04-10T15:32:18.662Z\"}},{\"id\":3,\"attributes\":{\"name\":\"0d6a88ca-7ff8-4ad9-991b-b2e2a33cf66e.webp\",\"alternativeText\":null,\"caption\":null,\"width\":864,\"height\":1080,\"formats\":{\"thumbnail\":{\"name\":\"thumbnail_0d6a88ca-7ff8-4ad9-991b-b2e2a33cf66e.webp\",\"hash\":\"thumbnail_0d6a88ca_7ff8_4ad9_991b_b2e2a33cf66e_e498b69fcc\",\"ext\":\".webp\",\"mime\":\"image/webp\",\"path\":null,\"width\":125,\"height\":156,\"size\":1.37,\"url\":\"/uploads/thumbnail_0d6a88ca_7ff8_4ad9_991b_b2e2a33cf66e_e498b69fcc.webp\"},\"large\":{\"name\":\"large_0d6a88ca-7ff8-4ad9-991b-b2e2a33cf66e.webp\",\"hash\":\"large_0d6a88ca_7ff8_4ad9_991b_b2e2a33cf66e_e498b69fcc\",\"ext\":\".webp\",\"mime\":\"image/webp\",\"path\":null,\"width\":800,\"height\":1000,\"size\":21.95,\"url\":\"/uploads/large_0d6a88ca_7ff8_4ad9_991b_b2e2a33cf66e_e498b69fcc.webp\"},\"medium\":{\"name\":\"medium_0d6a88ca-7ff8-4ad9-991b-b2e2a33cf66e.webp\",\"hash\":\"medium_0d6a88ca_7ff8_4ad9_991b_b2e2a33cf66e_e498b69fcc\",\"ext\":\".webp\",\"mime\":\"image/webp\",\"path\":null,\"width\":600,\"height\":750,\"size\":14.34,\"url\":\"/uploads/medium_0d6a88ca_7ff8_4ad9_991b_b2e2a33cf66e_e498b69fcc.webp\"},\"small\":{\"name\":\"small_0d6a88ca-7ff8-4ad9-991b-b2e2a33cf66e.webp\",\"hash\":\"small_0d6a88ca_7ff8_4ad9_991b_b2e2a33cf66e_e498b69fcc\",\"ext\":\".webp\",\"mime\":\"image/webp\",\"path\":null,\"width\":400,\"height\":500,\"size\":7.59,\"url\":\"/uploads/small_0d6a88ca_7ff8_4ad9_991b_b2e2a33cf66e_e498b69fcc.webp\"}},\"hash\":\"0d6a88ca_7ff8_4ad9_991b_b2e2a33cf66e_e498b69fcc\",\"ext\":\".webp\",\"mime\":\"image/webp\",\"size\":30.06,\"url\":\"/uploads/0d6a88ca_7ff8_4ad9_991b_b2e2a33cf66e_e498b69fcc.webp\",\"previewUrl\":null,\"provider\":\"local\",\"provider_metadata\":null,\"createdAt\":\"2023-04-10T15:32:18.644Z\",\"updatedAt\":\"2023-04-10T15:32:18.644Z\"}},{\"id\":2,\"attributes\":{\"name\":\"672537b9-5384-49e0-8128-5dedd538c208.webp\",\"alternativeText\":null,\"caption\":null,\"width\":864,\"height\":1080,\"formats\":{\"thumbnail\":{\"name\":\"thumbnail_672537b9-5384-49e0-8128-5dedd538c208.webp\",\"hash\":\"thumbnail_672537b9_5384_49e0_8128_5dedd538c208_37238b6728\",\"ext\":\".webp\",\"mime\":\"image/webp\",\"path\":null,\"width\":125,\"height\":156,\"size\":0.7,\"url\":\"/uploads/thumbnail_672537b9_5384_49e0_8128_5dedd538c208_37238b6728.webp\"},\"large\":{\"name\":\"large_672537b9-5384-49e0-8128-5dedd538c208.webp\",\"hash\":\"large_672537b9_5384_49e0_8128_5dedd538c208_37238b6728\",\"ext\":\".webp\",\"mime\":\"image/webp\",\"path\":null,\"width\":800,\"height\":1000,\"size\":8.11,\"url\":\"/uploads/large_672537b9_5384_49e0_8128_5dedd538c208_37238b6728.webp\"},\"small\":{\"name\":\"small_672537b9-5384-49e0-8128-5dedd538c208.webp\",\"hash\":\"small_672537b9_5384_49e0_8128_5dedd538c208_37238b6728\",\"ext\":\".webp\",\"mime\":\"image/webp\",\"path\":null,\"width\":400,\"height\":500,\"size\":3.18,\"url\":\"/uploads/small_672537b9_5384_49e0_8128_5dedd538c208_37238b6728.webp\"},\"medium\":{\"name\":\"medium_672537b9-5384-49e0-8128-5dedd538c208.webp\",\"hash\":\"medium_672537b9_5384_49e0_8128_5dedd538c208_37238b6728\",\"ext\":\".webp\",\"mime\":\"image/webp\",\"path\":null,\"width\":600,\"height\":750,\"size\":5.66,\"url\":\"/uploads/medium_672537b9_5384_49e0_8128_5dedd538c208_37238b6728.webp\"}},\"hash\":\"672537b9_5384_49e0_8128_5dedd538c208_37238b6728\",\"ext\":\".webp\",\"mime\":\"image/webp\",\"size\":10.34,\"url\":\"/uploads/672537b9_5384_49e0_8128_5dedd538c208_37238b6728.webp\",\"previewUrl\":null,\"provider\":\"local\",\"provider_metadata\":null,\"createdAt\":\"2023-04-10T15:32:18.511Z\",\"updatedAt\":\"2023-04-10T15:32:18.511Z\"}}]},\"thumbnail\":{\"data\":{\"id\":1,\"attributes\":{\"name\":\"thumbnail.webp\",\"alternativeText\":null,\"caption\":null,\"width\":592,\"height\":592,\"formats\":{\"thumbnail\":{\"name\":\"thumbnail_thumbnail.webp\",\"hash\":\"thumbnail_thumbnail_f2a4d6d988\",\"ext\":\".webp\",\"mime\":\"image/webp\",\"path\":null,\"width\":156,\"height\":156,\"size\":1.75,\"url\":\"/uploads/thumbnail_thumbnail_f2a4d6d988.webp\"},\"small\":{\"name\":\"small_thumbnail.webp\",\"hash\":\"small_thumbnail_f2a4d6d988\",\"ext\":\".webp\",\"mime\":\"image/webp\",\"path\":null,\"width\":500,\"height\":500,\"size\":9.92,\"url\":\"/uploads/small_thumbnail_f2a4d6d988.webp\"}},\"hash\":\"thumbnail_f2a4d6d988\",\"ext\":\".webp\",\"mime\":\"image/webp\",\"size\":15.38,\"url\":\"/uploads/thumbnail_f2a4d6d988.webp\",\"previewUrl\":null,\"provider\":\"local\",\"provider_metadata\":null,\"createdAt\":\"2023-04-10T15:32:18.419Z\",\"updatedAt\":\"2023-04-14T21:50:24.004Z\"}}},\"sizes\":[{\"id\":1,\"name\":\"41\",\"stock\":2},{\"id\":2,\"name\":\"42\",\"stock\":21}],\"cards\":{\"data\":[]}},\"size\":\"41\",\"count\":2}]', 'Nguyn B Tun', 'nbtuan59k3cntt.dhv@gmail.com', '+10854041709', NULL, NULL),
(10, '2023-04-20 14:41:37.909000', '2023-05-03 01:42:33.094000', '2023-04-20 14:41:37.904000', NULL, 1, '24590.00', 'afasdfasd', 'cash', 'paid', '[{\"id\":1,\"attributes\":{\"name\":\"Air Jordan 1 Mid SE\",\"subtitle\":\"Men\'s Shoes\",\"price\":12295,\"description\":\"\\\"Every time the AJ1 gets a remake, you get the classic sneaker in new colours and textures for an exciting, revamped look but with all the familiar comforts you know. Premium materials and accents give modern expression to an all-time favourite.\\n\\n- Colour Shown: White/Black/Ice Blue\\n- Style: DV1308-104\\\"\",\"original_price\":20000,\"slug\":\"air-jordan-1-mid-se\",\"createdAt\":\"2023-04-10T15:34:05.130Z\",\"updatedAt\":\"2023-04-18T14:40:13.422Z\",\"publishedAt\":\"2023-04-10T15:34:09.644Z\",\"image\":{\"data\":[{\"id\":5,\"attributes\":{\"name\":\"266f9922-ec59-41e3-9b36-85c5fab5c1ec.webp\",\"alternativeText\":null,\"caption\":null,\"width\":864,\"height\":1080,\"formats\":{\"thumbnail\":{\"name\":\"thumbnail_266f9922-ec59-41e3-9b36-85c5fab5c1ec.webp\",\"hash\":\"thumbnail_266f9922_ec59_41e3_9b36_85c5fab5c1ec_b00de598ef\",\"ext\":\".webp\",\"mime\":\"image/webp\",\"path\":null,\"width\":125,\"height\":156,\"size\":2.52,\"url\":\"/uploads/thumbnail_266f9922_ec59_41e3_9b36_85c5fab5c1ec_b00de598ef.webp\"},\"large\":{\"name\":\"large_266f9922-ec59-41e3-9b36-85c5fab5c1ec.webp\",\"hash\":\"large_266f9922_ec59_41e3_9b36_85c5fab5c1ec_b00de598ef\",\"ext\":\".webp\",\"mime\":\"image/webp\",\"path\":null,\"width\":800,\"height\":1000,\"size\":35.85,\"url\":\"/uploads/large_266f9922_ec59_41e3_9b36_85c5fab5c1ec_b00de598ef.webp\"},\"medium\":{\"name\":\"medium_266f9922-ec59-41e3-9b36-85c5fab5c1ec.webp\",\"hash\":\"medium_266f9922_ec59_41e3_9b36_85c5fab5c1ec_b00de598ef\",\"ext\":\".webp\",\"mime\":\"image/webp\",\"path\":null,\"width\":600,\"height\":750,\"size\":24.62,\"url\":\"/uploads/medium_266f9922_ec59_41e3_9b36_85c5fab5c1ec_b00de598ef.webp\"},\"small\":{\"name\":\"small_266f9922-ec59-41e3-9b36-85c5fab5c1ec.webp\",\"hash\":\"small_266f9922_ec59_41e3_9b36_85c5fab5c1ec_b00de598ef\",\"ext\":\".webp\",\"mime\":\"image/webp\",\"path\":null,\"width\":400,\"height\":500,\"size\":13.53,\"url\":\"/uploads/small_266f9922_ec59_41e3_9b36_85c5fab5c1ec_b00de598ef.webp\"}},\"hash\":\"266f9922_ec59_41e3_9b36_85c5fab5c1ec_b00de598ef\",\"ext\":\".webp\",\"mime\":\"image/webp\",\"size\":49.94,\"url\":\"/uploads/266f9922_ec59_41e3_9b36_85c5fab5c1ec_b00de598ef.webp\",\"previewUrl\":null,\"provider\":\"local\",\"provider_metadata\":null,\"createdAt\":\"2023-04-10T15:32:18.665Z\",\"updatedAt\":\"2023-04-10T15:32:18.665Z\"}},{\"id\":4,\"attributes\":{\"name\":\"ca113e5f-2165-476a-8dcf-ce7a0d85356c.webp\",\"alternativeText\":null,\"caption\":null,\"width\":864,\"height\":1080,\"formats\":{\"thumbnail\":{\"name\":\"thumbnail_ca113e5f-2165-476a-8dcf-ce7a0d85356c.webp\",\"hash\":\"thumbnail_ca113e5f_2165_476a_8dcf_ce7a0d85356c_207abacbe0\",\"ext\":\".webp\",\"mime\":\"image/webp\",\"path\":null,\"width\":125,\"height\":156,\"size\":1.4,\"url\":\"/uploads/thumbnail_ca113e5f_2165_476a_8dcf_ce7a0d85356c_207abacbe0.webp\"},\"large\":{\"name\":\"large_ca113e5f-2165-476a-8dcf-ce7a0d85356c.webp\",\"hash\":\"large_ca113e5f_2165_476a_8dcf_ce7a0d85356c_207abacbe0\",\"ext\":\".webp\",\"mime\":\"image/webp\",\"path\":null,\"width\":800,\"height\":1000,\"size\":23.45,\"url\":\"/uploads/large_ca113e5f_2165_476a_8dcf_ce7a0d85356c_207abacbe0.webp\"},\"medium\":{\"name\":\"medium_ca113e5f-2165-476a-8dcf-ce7a0d85356c.webp\",\"hash\":\"medium_ca113e5f_2165_476a_8dcf_ce7a0d85356c_207abacbe0\",\"ext\":\".webp\",\"mime\":\"image/webp\",\"path\":null,\"width\":600,\"height\":750,\"size\":15.26,\"url\":\"/uploads/medium_ca113e5f_2165_476a_8dcf_ce7a0d85356c_207abacbe0.webp\"},\"small\":{\"name\":\"small_ca113e5f-2165-476a-8dcf-ce7a0d85356c.webp\",\"hash\":\"small_ca113e5f_2165_476a_8dcf_ce7a0d85356c_207abacbe0\",\"ext\":\".webp\",\"mime\":\"image/webp\",\"path\":null,\"width\":400,\"height\":500,\"size\":7.99,\"url\":\"/uploads/small_ca113e5f_2165_476a_8dcf_ce7a0d85356c_207abacbe0.webp\"}},\"hash\":\"ca113e5f_2165_476a_8dcf_ce7a0d85356c_207abacbe0\",\"ext\":\".webp\",\"mime\":\"image/webp\",\"size\":30.64,\"url\":\"/uploads/ca113e5f_2165_476a_8dcf_ce7a0d85356c_207abacbe0.webp\",\"previewUrl\":null,\"provider\":\"local\",\"provider_metadata\":null,\"createdAt\":\"2023-04-10T15:32:18.662Z\",\"updatedAt\":\"2023-04-10T15:32:18.662Z\"}},{\"id\":3,\"attributes\":{\"name\":\"0d6a88ca-7ff8-4ad9-991b-b2e2a33cf66e.webp\",\"alternativeText\":null,\"caption\":null,\"width\":864,\"height\":1080,\"formats\":{\"thumbnail\":{\"name\":\"thumbnail_0d6a88ca-7ff8-4ad9-991b-b2e2a33cf66e.webp\",\"hash\":\"thumbnail_0d6a88ca_7ff8_4ad9_991b_b2e2a33cf66e_e498b69fcc\",\"ext\":\".webp\",\"mime\":\"image/webp\",\"path\":null,\"width\":125,\"height\":156,\"size\":1.37,\"url\":\"/uploads/thumbnail_0d6a88ca_7ff8_4ad9_991b_b2e2a33cf66e_e498b69fcc.webp\"},\"large\":{\"name\":\"large_0d6a88ca-7ff8-4ad9-991b-b2e2a33cf66e.webp\",\"hash\":\"large_0d6a88ca_7ff8_4ad9_991b_b2e2a33cf66e_e498b69fcc\",\"ext\":\".webp\",\"mime\":\"image/webp\",\"path\":null,\"width\":800,\"height\":1000,\"size\":21.95,\"url\":\"/uploads/large_0d6a88ca_7ff8_4ad9_991b_b2e2a33cf66e_e498b69fcc.webp\"},\"medium\":{\"name\":\"medium_0d6a88ca-7ff8-4ad9-991b-b2e2a33cf66e.webp\",\"hash\":\"medium_0d6a88ca_7ff8_4ad9_991b_b2e2a33cf66e_e498b69fcc\",\"ext\":\".webp\",\"mime\":\"image/webp\",\"path\":null,\"width\":600,\"height\":750,\"size\":14.34,\"url\":\"/uploads/medium_0d6a88ca_7ff8_4ad9_991b_b2e2a33cf66e_e498b69fcc.webp\"},\"small\":{\"name\":\"small_0d6a88ca-7ff8-4ad9-991b-b2e2a33cf66e.webp\",\"hash\":\"small_0d6a88ca_7ff8_4ad9_991b_b2e2a33cf66e_e498b69fcc\",\"ext\":\".webp\",\"mime\":\"image/webp\",\"path\":null,\"width\":400,\"height\":500,\"size\":7.59,\"url\":\"/uploads/small_0d6a88ca_7ff8_4ad9_991b_b2e2a33cf66e_e498b69fcc.webp\"}},\"hash\":\"0d6a88ca_7ff8_4ad9_991b_b2e2a33cf66e_e498b69fcc\",\"ext\":\".webp\",\"mime\":\"image/webp\",\"size\":30.06,\"url\":\"/uploads/0d6a88ca_7ff8_4ad9_991b_b2e2a33cf66e_e498b69fcc.webp\",\"previewUrl\":null,\"provider\":\"local\",\"provider_metadata\":null,\"createdAt\":\"2023-04-10T15:32:18.644Z\",\"updatedAt\":\"2023-04-10T15:32:18.644Z\"}},{\"id\":2,\"attributes\":{\"name\":\"672537b9-5384-49e0-8128-5dedd538c208.webp\",\"alternativeText\":null,\"caption\":null,\"width\":864,\"height\":1080,\"formats\":{\"thumbnail\":{\"name\":\"thumbnail_672537b9-5384-49e0-8128-5dedd538c208.webp\",\"hash\":\"thumbnail_672537b9_5384_49e0_8128_5dedd538c208_37238b6728\",\"ext\":\".webp\",\"mime\":\"image/webp\",\"path\":null,\"width\":125,\"height\":156,\"size\":0.7,\"url\":\"/uploads/thumbnail_672537b9_5384_49e0_8128_5dedd538c208_37238b6728.webp\"},\"large\":{\"name\":\"large_672537b9-5384-49e0-8128-5dedd538c208.webp\",\"hash\":\"large_672537b9_5384_49e0_8128_5dedd538c208_37238b6728\",\"ext\":\".webp\",\"mime\":\"image/webp\",\"path\":null,\"width\":800,\"height\":1000,\"size\":8.11,\"url\":\"/uploads/large_672537b9_5384_49e0_8128_5dedd538c208_37238b6728.webp\"},\"small\":{\"name\":\"small_672537b9-5384-49e0-8128-5dedd538c208.webp\",\"hash\":\"small_672537b9_5384_49e0_8128_5dedd538c208_37238b6728\",\"ext\":\".webp\",\"mime\":\"image/webp\",\"path\":null,\"width\":400,\"height\":500,\"size\":3.18,\"url\":\"/uploads/small_672537b9_5384_49e0_8128_5dedd538c208_37238b6728.webp\"},\"medium\":{\"name\":\"medium_672537b9-5384-49e0-8128-5dedd538c208.webp\",\"hash\":\"medium_672537b9_5384_49e0_8128_5dedd538c208_37238b6728\",\"ext\":\".webp\",\"mime\":\"image/webp\",\"path\":null,\"width\":600,\"height\":750,\"size\":5.66,\"url\":\"/uploads/medium_672537b9_5384_49e0_8128_5dedd538c208_37238b6728.webp\"}},\"hash\":\"672537b9_5384_49e0_8128_5dedd538c208_37238b6728\",\"ext\":\".webp\",\"mime\":\"image/webp\",\"size\":10.34,\"url\":\"/uploads/672537b9_5384_49e0_8128_5dedd538c208_37238b6728.webp\",\"previewUrl\":null,\"provider\":\"local\",\"provider_metadata\":null,\"createdAt\":\"2023-04-10T15:32:18.511Z\",\"updatedAt\":\"2023-04-10T15:32:18.511Z\"}}]},\"thumbnail\":{\"data\":{\"id\":1,\"attributes\":{\"name\":\"thumbnail.webp\",\"alternativeText\":null,\"caption\":null,\"width\":592,\"height\":592,\"formats\":{\"thumbnail\":{\"name\":\"thumbnail_thumbnail.webp\",\"hash\":\"thumbnail_thumbnail_f2a4d6d988\",\"ext\":\".webp\",\"mime\":\"image/webp\",\"path\":null,\"width\":156,\"height\":156,\"size\":1.75,\"url\":\"/uploads/thumbnail_thumbnail_f2a4d6d988.webp\"},\"small\":{\"name\":\"small_thumbnail.webp\",\"hash\":\"small_thumbnail_f2a4d6d988\",\"ext\":\".webp\",\"mime\":\"image/webp\",\"path\":null,\"width\":500,\"height\":500,\"size\":9.92,\"url\":\"/uploads/small_thumbnail_f2a4d6d988.webp\"}},\"hash\":\"thumbnail_f2a4d6d988\",\"ext\":\".webp\",\"mime\":\"image/webp\",\"size\":15.38,\"url\":\"/uploads/thumbnail_f2a4d6d988.webp\",\"previewUrl\":null,\"provider\":\"local\",\"provider_metadata\":null,\"createdAt\":\"2023-04-10T15:32:18.419Z\",\"updatedAt\":\"2023-04-14T21:50:24.004Z\"}}},\"sizes\":[{\"id\":1,\"name\":\"41\",\"stock\":2},{\"id\":2,\"name\":\"42\",\"stock\":21}],\"cards\":{\"data\":[]}},\"size\":\"41\",\"count\":2}]', 'tuan123', 'tuanankhu2007@gmail.com', '213124', NULL, '5'),
(11, '2023-04-20 14:42:13.048000', '2023-04-28 15:49:20.912000', '2023-04-20 14:42:13.042000', NULL, NULL, '24590.00', 'tsets', 'cash', 'delivering', '[{\"id\":1,\"attributes\":{\"name\":\"Air Jordan 1 Mid SE\",\"subtitle\":\"Men\'s Shoes\",\"price\":12295,\"description\":\"\\\"Every time the AJ1 gets a remake, you get the classic sneaker in new colours and textures for an exciting, revamped look but with all the familiar comforts you know. Premium materials and accents give modern expression to an all-time favourite.\\n\\n- Colour Shown: White/Black/Ice Blue\\n- Style: DV1308-104\\\"\",\"original_price\":20000,\"slug\":\"air-jordan-1-mid-se\",\"createdAt\":\"2023-04-10T15:34:05.130Z\",\"updatedAt\":\"2023-04-18T14:40:13.422Z\",\"publishedAt\":\"2023-04-10T15:34:09.644Z\",\"image\":{\"data\":[{\"id\":5,\"attributes\":{\"name\":\"266f9922-ec59-41e3-9b36-85c5fab5c1ec.webp\",\"alternativeText\":null,\"caption\":null,\"width\":864,\"height\":1080,\"formats\":{\"thumbnail\":{\"name\":\"thumbnail_266f9922-ec59-41e3-9b36-85c5fab5c1ec.webp\",\"hash\":\"thumbnail_266f9922_ec59_41e3_9b36_85c5fab5c1ec_b00de598ef\",\"ext\":\".webp\",\"mime\":\"image/webp\",\"path\":null,\"width\":125,\"height\":156,\"size\":2.52,\"url\":\"/uploads/thumbnail_266f9922_ec59_41e3_9b36_85c5fab5c1ec_b00de598ef.webp\"},\"large\":{\"name\":\"large_266f9922-ec59-41e3-9b36-85c5fab5c1ec.webp\",\"hash\":\"large_266f9922_ec59_41e3_9b36_85c5fab5c1ec_b00de598ef\",\"ext\":\".webp\",\"mime\":\"image/webp\",\"path\":null,\"width\":800,\"height\":1000,\"size\":35.85,\"url\":\"/uploads/large_266f9922_ec59_41e3_9b36_85c5fab5c1ec_b00de598ef.webp\"},\"medium\":{\"name\":\"medium_266f9922-ec59-41e3-9b36-85c5fab5c1ec.webp\",\"hash\":\"medium_266f9922_ec59_41e3_9b36_85c5fab5c1ec_b00de598ef\",\"ext\":\".webp\",\"mime\":\"image/webp\",\"path\":null,\"width\":600,\"height\":750,\"size\":24.62,\"url\":\"/uploads/medium_266f9922_ec59_41e3_9b36_85c5fab5c1ec_b00de598ef.webp\"},\"small\":{\"name\":\"small_266f9922-ec59-41e3-9b36-85c5fab5c1ec.webp\",\"hash\":\"small_266f9922_ec59_41e3_9b36_85c5fab5c1ec_b00de598ef\",\"ext\":\".webp\",\"mime\":\"image/webp\",\"path\":null,\"width\":400,\"height\":500,\"size\":13.53,\"url\":\"/uploads/small_266f9922_ec59_41e3_9b36_85c5fab5c1ec_b00de598ef.webp\"}},\"hash\":\"266f9922_ec59_41e3_9b36_85c5fab5c1ec_b00de598ef\",\"ext\":\".webp\",\"mime\":\"image/webp\",\"size\":49.94,\"url\":\"/uploads/266f9922_ec59_41e3_9b36_85c5fab5c1ec_b00de598ef.webp\",\"previewUrl\":null,\"provider\":\"local\",\"provider_metadata\":null,\"createdAt\":\"2023-04-10T15:32:18.665Z\",\"updatedAt\":\"2023-04-10T15:32:18.665Z\"}},{\"id\":4,\"attributes\":{\"name\":\"ca113e5f-2165-476a-8dcf-ce7a0d85356c.webp\",\"alternativeText\":null,\"caption\":null,\"width\":864,\"height\":1080,\"formats\":{\"thumbnail\":{\"name\":\"thumbnail_ca113e5f-2165-476a-8dcf-ce7a0d85356c.webp\",\"hash\":\"thumbnail_ca113e5f_2165_476a_8dcf_ce7a0d85356c_207abacbe0\",\"ext\":\".webp\",\"mime\":\"image/webp\",\"path\":null,\"width\":125,\"height\":156,\"size\":1.4,\"url\":\"/uploads/thumbnail_ca113e5f_2165_476a_8dcf_ce7a0d85356c_207abacbe0.webp\"},\"large\":{\"name\":\"large_ca113e5f-2165-476a-8dcf-ce7a0d85356c.webp\",\"hash\":\"large_ca113e5f_2165_476a_8dcf_ce7a0d85356c_207abacbe0\",\"ext\":\".webp\",\"mime\":\"image/webp\",\"path\":null,\"width\":800,\"height\":1000,\"size\":23.45,\"url\":\"/uploads/large_ca113e5f_2165_476a_8dcf_ce7a0d85356c_207abacbe0.webp\"},\"medium\":{\"name\":\"medium_ca113e5f-2165-476a-8dcf-ce7a0d85356c.webp\",\"hash\":\"medium_ca113e5f_2165_476a_8dcf_ce7a0d85356c_207abacbe0\",\"ext\":\".webp\",\"mime\":\"image/webp\",\"path\":null,\"width\":600,\"height\":750,\"size\":15.26,\"url\":\"/uploads/medium_ca113e5f_2165_476a_8dcf_ce7a0d85356c_207abacbe0.webp\"},\"small\":{\"name\":\"small_ca113e5f-2165-476a-8dcf-ce7a0d85356c.webp\",\"hash\":\"small_ca113e5f_2165_476a_8dcf_ce7a0d85356c_207abacbe0\",\"ext\":\".webp\",\"mime\":\"image/webp\",\"path\":null,\"width\":400,\"height\":500,\"size\":7.99,\"url\":\"/uploads/small_ca113e5f_2165_476a_8dcf_ce7a0d85356c_207abacbe0.webp\"}},\"hash\":\"ca113e5f_2165_476a_8dcf_ce7a0d85356c_207abacbe0\",\"ext\":\".webp\",\"mime\":\"image/webp\",\"size\":30.64,\"url\":\"/uploads/ca113e5f_2165_476a_8dcf_ce7a0d85356c_207abacbe0.webp\",\"previewUrl\":null,\"provider\":\"local\",\"provider_metadata\":null,\"createdAt\":\"2023-04-10T15:32:18.662Z\",\"updatedAt\":\"2023-04-10T15:32:18.662Z\"}},{\"id\":3,\"attributes\":{\"name\":\"0d6a88ca-7ff8-4ad9-991b-b2e2a33cf66e.webp\",\"alternativeText\":null,\"caption\":null,\"width\":864,\"height\":1080,\"formats\":{\"thumbnail\":{\"name\":\"thumbnail_0d6a88ca-7ff8-4ad9-991b-b2e2a33cf66e.webp\",\"hash\":\"thumbnail_0d6a88ca_7ff8_4ad9_991b_b2e2a33cf66e_e498b69fcc\",\"ext\":\".webp\",\"mime\":\"image/webp\",\"path\":null,\"width\":125,\"height\":156,\"size\":1.37,\"url\":\"/uploads/thumbnail_0d6a88ca_7ff8_4ad9_991b_b2e2a33cf66e_e498b69fcc.webp\"},\"large\":{\"name\":\"large_0d6a88ca-7ff8-4ad9-991b-b2e2a33cf66e.webp\",\"hash\":\"large_0d6a88ca_7ff8_4ad9_991b_b2e2a33cf66e_e498b69fcc\",\"ext\":\".webp\",\"mime\":\"image/webp\",\"path\":null,\"width\":800,\"height\":1000,\"size\":21.95,\"url\":\"/uploads/large_0d6a88ca_7ff8_4ad9_991b_b2e2a33cf66e_e498b69fcc.webp\"},\"medium\":{\"name\":\"medium_0d6a88ca-7ff8-4ad9-991b-b2e2a33cf66e.webp\",\"hash\":\"medium_0d6a88ca_7ff8_4ad9_991b_b2e2a33cf66e_e498b69fcc\",\"ext\":\".webp\",\"mime\":\"image/webp\",\"path\":null,\"width\":600,\"height\":750,\"size\":14.34,\"url\":\"/uploads/medium_0d6a88ca_7ff8_4ad9_991b_b2e2a33cf66e_e498b69fcc.webp\"},\"small\":{\"name\":\"small_0d6a88ca-7ff8-4ad9-991b-b2e2a33cf66e.webp\",\"hash\":\"small_0d6a88ca_7ff8_4ad9_991b_b2e2a33cf66e_e498b69fcc\",\"ext\":\".webp\",\"mime\":\"image/webp\",\"path\":null,\"width\":400,\"height\":500,\"size\":7.59,\"url\":\"/uploads/small_0d6a88ca_7ff8_4ad9_991b_b2e2a33cf66e_e498b69fcc.webp\"}},\"hash\":\"0d6a88ca_7ff8_4ad9_991b_b2e2a33cf66e_e498b69fcc\",\"ext\":\".webp\",\"mime\":\"image/webp\",\"size\":30.06,\"url\":\"/uploads/0d6a88ca_7ff8_4ad9_991b_b2e2a33cf66e_e498b69fcc.webp\",\"previewUrl\":null,\"provider\":\"local\",\"provider_metadata\":null,\"createdAt\":\"2023-04-10T15:32:18.644Z\",\"updatedAt\":\"2023-04-10T15:32:18.644Z\"}},{\"id\":2,\"attributes\":{\"name\":\"672537b9-5384-49e0-8128-5dedd538c208.webp\",\"alternativeText\":null,\"caption\":null,\"width\":864,\"height\":1080,\"formats\":{\"thumbnail\":{\"name\":\"thumbnail_672537b9-5384-49e0-8128-5dedd538c208.webp\",\"hash\":\"thumbnail_672537b9_5384_49e0_8128_5dedd538c208_37238b6728\",\"ext\":\".webp\",\"mime\":\"image/webp\",\"path\":null,\"width\":125,\"height\":156,\"size\":0.7,\"url\":\"/uploads/thumbnail_672537b9_5384_49e0_8128_5dedd538c208_37238b6728.webp\"},\"large\":{\"name\":\"large_672537b9-5384-49e0-8128-5dedd538c208.webp\",\"hash\":\"large_672537b9_5384_49e0_8128_5dedd538c208_37238b6728\",\"ext\":\".webp\",\"mime\":\"image/webp\",\"path\":null,\"width\":800,\"height\":1000,\"size\":8.11,\"url\":\"/uploads/large_672537b9_5384_49e0_8128_5dedd538c208_37238b6728.webp\"},\"small\":{\"name\":\"small_672537b9-5384-49e0-8128-5dedd538c208.webp\",\"hash\":\"small_672537b9_5384_49e0_8128_5dedd538c208_37238b6728\",\"ext\":\".webp\",\"mime\":\"image/webp\",\"path\":null,\"width\":400,\"height\":500,\"size\":3.18,\"url\":\"/uploads/small_672537b9_5384_49e0_8128_5dedd538c208_37238b6728.webp\"},\"medium\":{\"name\":\"medium_672537b9-5384-49e0-8128-5dedd538c208.webp\",\"hash\":\"medium_672537b9_5384_49e0_8128_5dedd538c208_37238b6728\",\"ext\":\".webp\",\"mime\":\"image/webp\",\"path\":null,\"width\":600,\"height\":750,\"size\":5.66,\"url\":\"/uploads/medium_672537b9_5384_49e0_8128_5dedd538c208_37238b6728.webp\"}},\"hash\":\"672537b9_5384_49e0_8128_5dedd538c208_37238b6728\",\"ext\":\".webp\",\"mime\":\"image/webp\",\"size\":10.34,\"url\":\"/uploads/672537b9_5384_49e0_8128_5dedd538c208_37238b6728.webp\",\"previewUrl\":null,\"provider\":\"local\",\"provider_metadata\":null,\"createdAt\":\"2023-04-10T15:32:18.511Z\",\"updatedAt\":\"2023-04-10T15:32:18.511Z\"}}]},\"thumbnail\":{\"data\":{\"id\":1,\"attributes\":{\"name\":\"thumbnail.webp\",\"alternativeText\":null,\"caption\":null,\"width\":592,\"height\":592,\"formats\":{\"thumbnail\":{\"name\":\"thumbnail_thumbnail.webp\",\"hash\":\"thumbnail_thumbnail_f2a4d6d988\",\"ext\":\".webp\",\"mime\":\"image/webp\",\"path\":null,\"width\":156,\"height\":156,\"size\":1.75,\"url\":\"/uploads/thumbnail_thumbnail_f2a4d6d988.webp\"},\"small\":{\"name\":\"small_thumbnail.webp\",\"hash\":\"small_thumbnail_f2a4d6d988\",\"ext\":\".webp\",\"mime\":\"image/webp\",\"path\":null,\"width\":500,\"height\":500,\"size\":9.92,\"url\":\"/uploads/small_thumbnail_f2a4d6d988.webp\"}},\"hash\":\"thumbnail_f2a4d6d988\",\"ext\":\".webp\",\"mime\":\"image/webp\",\"size\":15.38,\"url\":\"/uploads/thumbnail_f2a4d6d988.webp\",\"previewUrl\":null,\"provider\":\"local\",\"provider_metadata\":null,\"createdAt\":\"2023-04-10T15:32:18.419Z\",\"updatedAt\":\"2023-04-14T21:50:24.004Z\"}}},\"sizes\":[{\"id\":1,\"name\":\"41\",\"stock\":2},{\"id\":2,\"name\":\"42\",\"stock\":21}],\"cards\":{\"data\":[]}},\"size\":\"41\",\"count\":2}]', 'tesst', 'tste@gmail.com', '123412412', NULL, NULL),
(12, '2023-04-20 15:40:16.831000', '2023-05-12 04:12:20.928000', '2023-04-20 15:40:16.827000', NULL, NULL, '12295.00', 'tsets', 'cash', 'refuse', '[{\"id\":2,\"attributes\":{\"name\":\"Air Jordan 1 Mid SE\",\"subtitle\":\"Men\'s Shoes\",\"price\":12295,\"description\":\"\\\"Every time the AJ1 gets a remake, you get the classic sneaker in new colours and textures for an exciting, revamped look but with all the familiar comforts you know. Premium materials and accents give modern expression to an all-time favourite.\\n\\n- Colour Shown: White/Black/Ice Blue\\n- Style: DV1308-104\\\"\",\"original_price\":20000,\"slug\":\"air-jordan-1-mid-se-1\",\"createdAt\":\"2023-04-10T15:38:29.662Z\",\"updatedAt\":\"2023-04-12T18:15:51.822Z\",\"publishedAt\":\"2023-04-10T15:38:30.801Z\",\"image\":{\"data\":[{\"id\":5,\"attributes\":{\"name\":\"266f9922-ec59-41e3-9b36-85c5fab5c1ec.webp\",\"alternativeText\":null,\"caption\":null,\"width\":864,\"height\":1080,\"formats\":{\"thumbnail\":{\"name\":\"thumbnail_266f9922-ec59-41e3-9b36-85c5fab5c1ec.webp\",\"hash\":\"thumbnail_266f9922_ec59_41e3_9b36_85c5fab5c1ec_b00de598ef\",\"ext\":\".webp\",\"mime\":\"image/webp\",\"path\":null,\"width\":125,\"height\":156,\"size\":2.52,\"url\":\"/uploads/thumbnail_266f9922_ec59_41e3_9b36_85c5fab5c1ec_b00de598ef.webp\"},\"large\":{\"name\":\"large_266f9922-ec59-41e3-9b36-85c5fab5c1ec.webp\",\"hash\":\"large_266f9922_ec59_41e3_9b36_85c5fab5c1ec_b00de598ef\",\"ext\":\".webp\",\"mime\":\"image/webp\",\"path\":null,\"width\":800,\"height\":1000,\"size\":35.85,\"url\":\"/uploads/large_266f9922_ec59_41e3_9b36_85c5fab5c1ec_b00de598ef.webp\"},\"medium\":{\"name\":\"medium_266f9922-ec59-41e3-9b36-85c5fab5c1ec.webp\",\"hash\":\"medium_266f9922_ec59_41e3_9b36_85c5fab5c1ec_b00de598ef\",\"ext\":\".webp\",\"mime\":\"image/webp\",\"path\":null,\"width\":600,\"height\":750,\"size\":24.62,\"url\":\"/uploads/medium_266f9922_ec59_41e3_9b36_85c5fab5c1ec_b00de598ef.webp\"},\"small\":{\"name\":\"small_266f9922-ec59-41e3-9b36-85c5fab5c1ec.webp\",\"hash\":\"small_266f9922_ec59_41e3_9b36_85c5fab5c1ec_b00de598ef\",\"ext\":\".webp\",\"mime\":\"image/webp\",\"path\":null,\"width\":400,\"height\":500,\"size\":13.53,\"url\":\"/uploads/small_266f9922_ec59_41e3_9b36_85c5fab5c1ec_b00de598ef.webp\"}},\"hash\":\"266f9922_ec59_41e3_9b36_85c5fab5c1ec_b00de598ef\",\"ext\":\".webp\",\"mime\":\"image/webp\",\"size\":49.94,\"url\":\"/uploads/266f9922_ec59_41e3_9b36_85c5fab5c1ec_b00de598ef.webp\",\"previewUrl\":null,\"provider\":\"local\",\"provider_metadata\":null,\"createdAt\":\"2023-04-10T15:32:18.665Z\",\"updatedAt\":\"2023-04-10T15:32:18.665Z\"}},{\"id\":4,\"attributes\":{\"name\":\"ca113e5f-2165-476a-8dcf-ce7a0d85356c.webp\",\"alternativeText\":null,\"caption\":null,\"width\":864,\"height\":1080,\"formats\":{\"thumbnail\":{\"name\":\"thumbnail_ca113e5f-2165-476a-8dcf-ce7a0d85356c.webp\",\"hash\":\"thumbnail_ca113e5f_2165_476a_8dcf_ce7a0d85356c_207abacbe0\",\"ext\":\".webp\",\"mime\":\"image/webp\",\"path\":null,\"width\":125,\"height\":156,\"size\":1.4,\"url\":\"/uploads/thumbnail_ca113e5f_2165_476a_8dcf_ce7a0d85356c_207abacbe0.webp\"},\"large\":{\"name\":\"large_ca113e5f-2165-476a-8dcf-ce7a0d85356c.webp\",\"hash\":\"large_ca113e5f_2165_476a_8dcf_ce7a0d85356c_207abacbe0\",\"ext\":\".webp\",\"mime\":\"image/webp\",\"path\":null,\"width\":800,\"height\":1000,\"size\":23.45,\"url\":\"/uploads/large_ca113e5f_2165_476a_8dcf_ce7a0d85356c_207abacbe0.webp\"},\"medium\":{\"name\":\"medium_ca113e5f-2165-476a-8dcf-ce7a0d85356c.webp\",\"hash\":\"medium_ca113e5f_2165_476a_8dcf_ce7a0d85356c_207abacbe0\",\"ext\":\".webp\",\"mime\":\"image/webp\",\"path\":null,\"width\":600,\"height\":750,\"size\":15.26,\"url\":\"/uploads/medium_ca113e5f_2165_476a_8dcf_ce7a0d85356c_207abacbe0.webp\"},\"small\":{\"name\":\"small_ca113e5f-2165-476a-8dcf-ce7a0d85356c.webp\",\"hash\":\"small_ca113e5f_2165_476a_8dcf_ce7a0d85356c_207abacbe0\",\"ext\":\".webp\",\"mime\":\"image/webp\",\"path\":null,\"width\":400,\"height\":500,\"size\":7.99,\"url\":\"/uploads/small_ca113e5f_2165_476a_8dcf_ce7a0d85356c_207abacbe0.webp\"}},\"hash\":\"ca113e5f_2165_476a_8dcf_ce7a0d85356c_207abacbe0\",\"ext\":\".webp\",\"mime\":\"image/webp\",\"size\":30.64,\"url\":\"/uploads/ca113e5f_2165_476a_8dcf_ce7a0d85356c_207abacbe0.webp\",\"previewUrl\":null,\"provider\":\"local\",\"provider_metadata\":null,\"createdAt\":\"2023-04-10T15:32:18.662Z\",\"updatedAt\":\"2023-04-10T15:32:18.662Z\"}},{\"id\":3,\"attributes\":{\"name\":\"0d6a88ca-7ff8-4ad9-991b-b2e2a33cf66e.webp\",\"alternativeText\":null,\"caption\":null,\"width\":864,\"height\":1080,\"formats\":{\"thumbnail\":{\"name\":\"thumbnail_0d6a88ca-7ff8-4ad9-991b-b2e2a33cf66e.webp\",\"hash\":\"thumbnail_0d6a88ca_7ff8_4ad9_991b_b2e2a33cf66e_e498b69fcc\",\"ext\":\".webp\",\"mime\":\"image/webp\",\"path\":null,\"width\":125,\"height\":156,\"size\":1.37,\"url\":\"/uploads/thumbnail_0d6a88ca_7ff8_4ad9_991b_b2e2a33cf66e_e498b69fcc.webp\"},\"large\":{\"name\":\"large_0d6a88ca-7ff8-4ad9-991b-b2e2a33cf66e.webp\",\"hash\":\"large_0d6a88ca_7ff8_4ad9_991b_b2e2a33cf66e_e498b69fcc\",\"ext\":\".webp\",\"mime\":\"image/webp\",\"path\":null,\"width\":800,\"height\":1000,\"size\":21.95,\"url\":\"/uploads/large_0d6a88ca_7ff8_4ad9_991b_b2e2a33cf66e_e498b69fcc.webp\"},\"medium\":{\"name\":\"medium_0d6a88ca-7ff8-4ad9-991b-b2e2a33cf66e.webp\",\"hash\":\"medium_0d6a88ca_7ff8_4ad9_991b_b2e2a33cf66e_e498b69fcc\",\"ext\":\".webp\",\"mime\":\"image/webp\",\"path\":null,\"width\":600,\"height\":750,\"size\":14.34,\"url\":\"/uploads/medium_0d6a88ca_7ff8_4ad9_991b_b2e2a33cf66e_e498b69fcc.webp\"},\"small\":{\"name\":\"small_0d6a88ca-7ff8-4ad9-991b-b2e2a33cf66e.webp\",\"hash\":\"small_0d6a88ca_7ff8_4ad9_991b_b2e2a33cf66e_e498b69fcc\",\"ext\":\".webp\",\"mime\":\"image/webp\",\"path\":null,\"width\":400,\"height\":500,\"size\":7.59,\"url\":\"/uploads/small_0d6a88ca_7ff8_4ad9_991b_b2e2a33cf66e_e498b69fcc.webp\"}},\"hash\":\"0d6a88ca_7ff8_4ad9_991b_b2e2a33cf66e_e498b69fcc\",\"ext\":\".webp\",\"mime\":\"image/webp\",\"size\":30.06,\"url\":\"/uploads/0d6a88ca_7ff8_4ad9_991b_b2e2a33cf66e_e498b69fcc.webp\",\"previewUrl\":null,\"provider\":\"local\",\"provider_metadata\":null,\"createdAt\":\"2023-04-10T15:32:18.644Z\",\"updatedAt\":\"2023-04-10T15:32:18.644Z\"}},{\"id\":2,\"attributes\":{\"name\":\"672537b9-5384-49e0-8128-5dedd538c208.webp\",\"alternativeText\":null,\"caption\":null,\"width\":864,\"height\":1080,\"formats\":{\"thumbnail\":{\"name\":\"thumbnail_672537b9-5384-49e0-8128-5dedd538c208.webp\",\"hash\":\"thumbnail_672537b9_5384_49e0_8128_5dedd538c208_37238b6728\",\"ext\":\".webp\",\"mime\":\"image/webp\",\"path\":null,\"width\":125,\"height\":156,\"size\":0.7,\"url\":\"/uploads/thumbnail_672537b9_5384_49e0_8128_5dedd538c208_37238b6728.webp\"},\"large\":{\"name\":\"large_672537b9-5384-49e0-8128-5dedd538c208.webp\",\"hash\":\"large_672537b9_5384_49e0_8128_5dedd538c208_37238b6728\",\"ext\":\".webp\",\"mime\":\"image/webp\",\"path\":null,\"width\":800,\"height\":1000,\"size\":8.11,\"url\":\"/uploads/large_672537b9_5384_49e0_8128_5dedd538c208_37238b6728.webp\"},\"small\":{\"name\":\"small_672537b9-5384-49e0-8128-5dedd538c208.webp\",\"hash\":\"small_672537b9_5384_49e0_8128_5dedd538c208_37238b6728\",\"ext\":\".webp\",\"mime\":\"image/webp\",\"path\":null,\"width\":400,\"height\":500,\"size\":3.18,\"url\":\"/uploads/small_672537b9_5384_49e0_8128_5dedd538c208_37238b6728.webp\"},\"medium\":{\"name\":\"medium_672537b9-5384-49e0-8128-5dedd538c208.webp\",\"hash\":\"medium_672537b9_5384_49e0_8128_5dedd538c208_37238b6728\",\"ext\":\".webp\",\"mime\":\"image/webp\",\"path\":null,\"width\":600,\"height\":750,\"size\":5.66,\"url\":\"/uploads/medium_672537b9_5384_49e0_8128_5dedd538c208_37238b6728.webp\"}},\"hash\":\"672537b9_5384_49e0_8128_5dedd538c208_37238b6728\",\"ext\":\".webp\",\"mime\":\"image/webp\",\"size\":10.34,\"url\":\"/uploads/672537b9_5384_49e0_8128_5dedd538c208_37238b6728.webp\",\"previewUrl\":null,\"provider\":\"local\",\"provider_metadata\":null,\"createdAt\":\"2023-04-10T15:32:18.511Z\",\"updatedAt\":\"2023-04-10T15:32:18.511Z\"}}]},\"thumbnail\":{\"data\":{\"id\":1,\"attributes\":{\"name\":\"thumbnail.webp\",\"alternativeText\":null,\"caption\":null,\"width\":592,\"height\":592,\"formats\":{\"thumbnail\":{\"name\":\"thumbnail_thumbnail.webp\",\"hash\":\"thumbnail_thumbnail_f2a4d6d988\",\"ext\":\".webp\",\"mime\":\"image/webp\",\"path\":null,\"width\":156,\"height\":156,\"size\":1.75,\"url\":\"/uploads/thumbnail_thumbnail_f2a4d6d988.webp\"},\"small\":{\"name\":\"small_thumbnail.webp\",\"hash\":\"small_thumbnail_f2a4d6d988\",\"ext\":\".webp\",\"mime\":\"image/webp\",\"path\":null,\"width\":500,\"height\":500,\"size\":9.92,\"url\":\"/uploads/small_thumbnail_f2a4d6d988.webp\"}},\"hash\":\"thumbnail_f2a4d6d988\",\"ext\":\".webp\",\"mime\":\"image/webp\",\"size\":15.38,\"url\":\"/uploads/thumbnail_f2a4d6d988.webp\",\"previewUrl\":null,\"provider\":\"local\",\"provider_metadata\":null,\"createdAt\":\"2023-04-10T15:32:18.419Z\",\"updatedAt\":\"2023-04-14T21:50:24.004Z\"}}},\"sizes\":[{\"id\":3,\"name\":\"M\",\"stock\":223},{\"id\":4,\"name\":\"L\",\"stock\":31}],\"cards\":{\"data\":[]}},\"size\":\"L\",\"count\":1}]', 'tesst', 'tste@gmail.com', '123412412', NULL, NULL);
INSERT INTO `orders` (`id`, `created_at`, `updated_at`, `published_at`, `created_by_id`, `updated_by_id`, `total_price`, `address`, `payment_method`, `status`, `list_products`, `name`, `email`, `phone`, `order_id`, `user_id`) VALUES
(14, '2023-04-24 14:23:27.788000', '2023-05-12 04:21:20.786000', '2023-04-24 14:23:27.784000', NULL, 1, '36885.00', 'tesst add address', 'cash', 'refuse', '[{\"id\":1,\"attributes\":{\"name\":\"Air Jordan 1 Mid 124213\",\"subtitle\":\"Men\'s Shoes\",\"price\":12295,\"description\":\"\\\"Every time the AJ1 gets a remake, you get the classic sneaker in new colours and textures for an exciting, revamped look but with all the familiar comforts you know. Premium materials and accents give modern expression to an all-time favourite.\\n\\n- Colour Shown: White/Black/Ice Blue\\n- Style: DV1308-104\\\"\",\"original_price\":20000,\"slug\":\"air-jordan-1-mid-se\",\"createdAt\":\"2023-04-10T15:34:05.130Z\",\"updatedAt\":\"2023-04-20T08:42:18.220Z\",\"publishedAt\":\"2023-04-10T15:34:09.644Z\",\"image\":{\"data\":[{\"id\":5,\"attributes\":{\"name\":\"266f9922-ec59-41e3-9b36-85c5fab5c1ec.webp\",\"alternativeText\":null,\"caption\":null,\"width\":864,\"height\":1080,\"formats\":{\"thumbnail\":{\"name\":\"thumbnail_266f9922-ec59-41e3-9b36-85c5fab5c1ec.webp\",\"hash\":\"thumbnail_266f9922_ec59_41e3_9b36_85c5fab5c1ec_b00de598ef\",\"ext\":\".webp\",\"mime\":\"image/webp\",\"path\":null,\"width\":125,\"height\":156,\"size\":2.52,\"url\":\"/uploads/thumbnail_266f9922_ec59_41e3_9b36_85c5fab5c1ec_b00de598ef.webp\"},\"large\":{\"name\":\"large_266f9922-ec59-41e3-9b36-85c5fab5c1ec.webp\",\"hash\":\"large_266f9922_ec59_41e3_9b36_85c5fab5c1ec_b00de598ef\",\"ext\":\".webp\",\"mime\":\"image/webp\",\"path\":null,\"width\":800,\"height\":1000,\"size\":35.85,\"url\":\"/uploads/large_266f9922_ec59_41e3_9b36_85c5fab5c1ec_b00de598ef.webp\"},\"medium\":{\"name\":\"medium_266f9922-ec59-41e3-9b36-85c5fab5c1ec.webp\",\"hash\":\"medium_266f9922_ec59_41e3_9b36_85c5fab5c1ec_b00de598ef\",\"ext\":\".webp\",\"mime\":\"image/webp\",\"path\":null,\"width\":600,\"height\":750,\"size\":24.62,\"url\":\"/uploads/medium_266f9922_ec59_41e3_9b36_85c5fab5c1ec_b00de598ef.webp\"},\"small\":{\"name\":\"small_266f9922-ec59-41e3-9b36-85c5fab5c1ec.webp\",\"hash\":\"small_266f9922_ec59_41e3_9b36_85c5fab5c1ec_b00de598ef\",\"ext\":\".webp\",\"mime\":\"image/webp\",\"path\":null,\"width\":400,\"height\":500,\"size\":13.53,\"url\":\"/uploads/small_266f9922_ec59_41e3_9b36_85c5fab5c1ec_b00de598ef.webp\"}},\"hash\":\"266f9922_ec59_41e3_9b36_85c5fab5c1ec_b00de598ef\",\"ext\":\".webp\",\"mime\":\"image/webp\",\"size\":49.94,\"url\":\"/uploads/266f9922_ec59_41e3_9b36_85c5fab5c1ec_b00de598ef.webp\",\"previewUrl\":null,\"provider\":\"local\",\"provider_metadata\":null,\"createdAt\":\"2023-04-10T15:32:18.665Z\",\"updatedAt\":\"2023-04-10T15:32:18.665Z\"}},{\"id\":4,\"attributes\":{\"name\":\"ca113e5f-2165-476a-8dcf-ce7a0d85356c.webp\",\"alternativeText\":null,\"caption\":null,\"width\":864,\"height\":1080,\"formats\":{\"thumbnail\":{\"name\":\"thumbnail_ca113e5f-2165-476a-8dcf-ce7a0d85356c.webp\",\"hash\":\"thumbnail_ca113e5f_2165_476a_8dcf_ce7a0d85356c_207abacbe0\",\"ext\":\".webp\",\"mime\":\"image/webp\",\"path\":null,\"width\":125,\"height\":156,\"size\":1.4,\"url\":\"/uploads/thumbnail_ca113e5f_2165_476a_8dcf_ce7a0d85356c_207abacbe0.webp\"},\"large\":{\"name\":\"large_ca113e5f-2165-476a-8dcf-ce7a0d85356c.webp\",\"hash\":\"large_ca113e5f_2165_476a_8dcf_ce7a0d85356c_207abacbe0\",\"ext\":\".webp\",\"mime\":\"image/webp\",\"path\":null,\"width\":800,\"height\":1000,\"size\":23.45,\"url\":\"/uploads/large_ca113e5f_2165_476a_8dcf_ce7a0d85356c_207abacbe0.webp\"},\"medium\":{\"name\":\"medium_ca113e5f-2165-476a-8dcf-ce7a0d85356c.webp\",\"hash\":\"medium_ca113e5f_2165_476a_8dcf_ce7a0d85356c_207abacbe0\",\"ext\":\".webp\",\"mime\":\"image/webp\",\"path\":null,\"width\":600,\"height\":750,\"size\":15.26,\"url\":\"/uploads/medium_ca113e5f_2165_476a_8dcf_ce7a0d85356c_207abacbe0.webp\"},\"small\":{\"name\":\"small_ca113e5f-2165-476a-8dcf-ce7a0d85356c.webp\",\"hash\":\"small_ca113e5f_2165_476a_8dcf_ce7a0d85356c_207abacbe0\",\"ext\":\".webp\",\"mime\":\"image/webp\",\"path\":null,\"width\":400,\"height\":500,\"size\":7.99,\"url\":\"/uploads/small_ca113e5f_2165_476a_8dcf_ce7a0d85356c_207abacbe0.webp\"}},\"hash\":\"ca113e5f_2165_476a_8dcf_ce7a0d85356c_207abacbe0\",\"ext\":\".webp\",\"mime\":\"image/webp\",\"size\":30.64,\"url\":\"/uploads/ca113e5f_2165_476a_8dcf_ce7a0d85356c_207abacbe0.webp\",\"previewUrl\":null,\"provider\":\"local\",\"provider_metadata\":null,\"createdAt\":\"2023-04-10T15:32:18.662Z\",\"updatedAt\":\"2023-04-10T15:32:18.662Z\"}},{\"id\":3,\"attributes\":{\"name\":\"0d6a88ca-7ff8-4ad9-991b-b2e2a33cf66e.webp\",\"alternativeText\":null,\"caption\":null,\"width\":864,\"height\":1080,\"formats\":{\"thumbnail\":{\"name\":\"thumbnail_0d6a88ca-7ff8-4ad9-991b-b2e2a33cf66e.webp\",\"hash\":\"thumbnail_0d6a88ca_7ff8_4ad9_991b_b2e2a33cf66e_e498b69fcc\",\"ext\":\".webp\",\"mime\":\"image/webp\",\"path\":null,\"width\":125,\"height\":156,\"size\":1.37,\"url\":\"/uploads/thumbnail_0d6a88ca_7ff8_4ad9_991b_b2e2a33cf66e_e498b69fcc.webp\"},\"large\":{\"name\":\"large_0d6a88ca-7ff8-4ad9-991b-b2e2a33cf66e.webp\",\"hash\":\"large_0d6a88ca_7ff8_4ad9_991b_b2e2a33cf66e_e498b69fcc\",\"ext\":\".webp\",\"mime\":\"image/webp\",\"path\":null,\"width\":800,\"height\":1000,\"size\":21.95,\"url\":\"/uploads/large_0d6a88ca_7ff8_4ad9_991b_b2e2a33cf66e_e498b69fcc.webp\"},\"medium\":{\"name\":\"medium_0d6a88ca-7ff8-4ad9-991b-b2e2a33cf66e.webp\",\"hash\":\"medium_0d6a88ca_7ff8_4ad9_991b_b2e2a33cf66e_e498b69fcc\",\"ext\":\".webp\",\"mime\":\"image/webp\",\"path\":null,\"width\":600,\"height\":750,\"size\":14.34,\"url\":\"/uploads/medium_0d6a88ca_7ff8_4ad9_991b_b2e2a33cf66e_e498b69fcc.webp\"},\"small\":{\"name\":\"small_0d6a88ca-7ff8-4ad9-991b-b2e2a33cf66e.webp\",\"hash\":\"small_0d6a88ca_7ff8_4ad9_991b_b2e2a33cf66e_e498b69fcc\",\"ext\":\".webp\",\"mime\":\"image/webp\",\"path\":null,\"width\":400,\"height\":500,\"size\":7.59,\"url\":\"/uploads/small_0d6a88ca_7ff8_4ad9_991b_b2e2a33cf66e_e498b69fcc.webp\"}},\"hash\":\"0d6a88ca_7ff8_4ad9_991b_b2e2a33cf66e_e498b69fcc\",\"ext\":\".webp\",\"mime\":\"image/webp\",\"size\":30.06,\"url\":\"/uploads/0d6a88ca_7ff8_4ad9_991b_b2e2a33cf66e_e498b69fcc.webp\",\"previewUrl\":null,\"provider\":\"local\",\"provider_metadata\":null,\"createdAt\":\"2023-04-10T15:32:18.644Z\",\"updatedAt\":\"2023-04-10T15:32:18.644Z\"}},{\"id\":2,\"attributes\":{\"name\":\"672537b9-5384-49e0-8128-5dedd538c208.webp\",\"alternativeText\":null,\"caption\":null,\"width\":864,\"height\":1080,\"formats\":{\"thumbnail\":{\"name\":\"thumbnail_672537b9-5384-49e0-8128-5dedd538c208.webp\",\"hash\":\"thumbnail_672537b9_5384_49e0_8128_5dedd538c208_37238b6728\",\"ext\":\".webp\",\"mime\":\"image/webp\",\"path\":null,\"width\":125,\"height\":156,\"size\":0.7,\"url\":\"/uploads/thumbnail_672537b9_5384_49e0_8128_5dedd538c208_37238b6728.webp\"},\"large\":{\"name\":\"large_672537b9-5384-49e0-8128-5dedd538c208.webp\",\"hash\":\"large_672537b9_5384_49e0_8128_5dedd538c208_37238b6728\",\"ext\":\".webp\",\"mime\":\"image/webp\",\"path\":null,\"width\":800,\"height\":1000,\"size\":8.11,\"url\":\"/uploads/large_672537b9_5384_49e0_8128_5dedd538c208_37238b6728.webp\"},\"small\":{\"name\":\"small_672537b9-5384-49e0-8128-5dedd538c208.webp\",\"hash\":\"small_672537b9_5384_49e0_8128_5dedd538c208_37238b6728\",\"ext\":\".webp\",\"mime\":\"image/webp\",\"path\":null,\"width\":400,\"height\":500,\"size\":3.18,\"url\":\"/uploads/small_672537b9_5384_49e0_8128_5dedd538c208_37238b6728.webp\"},\"medium\":{\"name\":\"medium_672537b9-5384-49e0-8128-5dedd538c208.webp\",\"hash\":\"medium_672537b9_5384_49e0_8128_5dedd538c208_37238b6728\",\"ext\":\".webp\",\"mime\":\"image/webp\",\"path\":null,\"width\":600,\"height\":750,\"size\":5.66,\"url\":\"/uploads/medium_672537b9_5384_49e0_8128_5dedd538c208_37238b6728.webp\"}},\"hash\":\"672537b9_5384_49e0_8128_5dedd538c208_37238b6728\",\"ext\":\".webp\",\"mime\":\"image/webp\",\"size\":10.34,\"url\":\"/uploads/672537b9_5384_49e0_8128_5dedd538c208_37238b6728.webp\",\"previewUrl\":null,\"provider\":\"local\",\"provider_metadata\":null,\"createdAt\":\"2023-04-10T15:32:18.511Z\",\"updatedAt\":\"2023-04-10T15:32:18.511Z\"}}]},\"thumbnail\":{\"data\":{\"id\":1,\"attributes\":{\"name\":\"thumbnail.webp\",\"alternativeText\":null,\"caption\":null,\"width\":592,\"height\":592,\"formats\":{\"thumbnail\":{\"name\":\"thumbnail_thumbnail.webp\",\"hash\":\"thumbnail_thumbnail_f2a4d6d988\",\"ext\":\".webp\",\"mime\":\"image/webp\",\"path\":null,\"width\":156,\"height\":156,\"size\":1.75,\"url\":\"/uploads/thumbnail_thumbnail_f2a4d6d988.webp\"},\"small\":{\"name\":\"small_thumbnail.webp\",\"hash\":\"small_thumbnail_f2a4d6d988\",\"ext\":\".webp\",\"mime\":\"image/webp\",\"path\":null,\"width\":500,\"height\":500,\"size\":9.92,\"url\":\"/uploads/small_thumbnail_f2a4d6d988.webp\"}},\"hash\":\"thumbnail_f2a4d6d988\",\"ext\":\".webp\",\"mime\":\"image/webp\",\"size\":15.38,\"url\":\"/uploads/thumbnail_f2a4d6d988.webp\",\"previewUrl\":null,\"provider\":\"local\",\"provider_metadata\":null,\"createdAt\":\"2023-04-10T15:32:18.419Z\",\"updatedAt\":\"2023-04-14T21:50:24.004Z\"}}},\"sizes\":[{\"id\":1,\"name\":\"41\",\"stock\":2},{\"id\":2,\"name\":\"42\",\"stock\":21}],\"cards\":{\"data\":[]}},\"size\":\"41\",\"count\":1},{\"id\":1,\"attributes\":{\"name\":\"Air Jordan 1 Mid 124213\",\"subtitle\":\"Men\'s Shoes\",\"price\":12295,\"description\":\"\\\"Every time the AJ1 gets a remake, you get the classic sneaker in new colours and textures for an exciting, revamped look but with all the familiar comforts you know. Premium materials and accents give modern expression to an all-time favourite.\\n\\n- Colour Shown: White/Black/Ice Blue\\n- Style: DV1308-104\\\"\",\"original_price\":20000,\"slug\":\"air-jordan-1-mid-se\",\"createdAt\":\"2023-04-10T15:34:05.130Z\",\"updatedAt\":\"2023-04-20T08:42:18.220Z\",\"publishedAt\":\"2023-04-10T15:34:09.644Z\",\"image\":{\"data\":[{\"id\":5,\"attributes\":{\"name\":\"266f9922-ec59-41e3-9b36-85c5fab5c1ec.webp\",\"alternativeText\":null,\"caption\":null,\"width\":864,\"height\":1080,\"formats\":{\"thumbnail\":{\"name\":\"thumbnail_266f9922-ec59-41e3-9b36-85c5fab5c1ec.webp\",\"hash\":\"thumbnail_266f9922_ec59_41e3_9b36_85c5fab5c1ec_b00de598ef\",\"ext\":\".webp\",\"mime\":\"image/webp\",\"path\":null,\"width\":125,\"height\":156,\"size\":2.52,\"url\":\"/uploads/thumbnail_266f9922_ec59_41e3_9b36_85c5fab5c1ec_b00de598ef.webp\"},\"large\":{\"name\":\"large_266f9922-ec59-41e3-9b36-85c5fab5c1ec.webp\",\"hash\":\"large_266f9922_ec59_41e3_9b36_85c5fab5c1ec_b00de598ef\",\"ext\":\".webp\",\"mime\":\"image/webp\",\"path\":null,\"width\":800,\"height\":1000,\"size\":35.85,\"url\":\"/uploads/large_266f9922_ec59_41e3_9b36_85c5fab5c1ec_b00de598ef.webp\"},\"medium\":{\"name\":\"medium_266f9922-ec59-41e3-9b36-85c5fab5c1ec.webp\",\"hash\":\"medium_266f9922_ec59_41e3_9b36_85c5fab5c1ec_b00de598ef\",\"ext\":\".webp\",\"mime\":\"image/webp\",\"path\":null,\"width\":600,\"height\":750,\"size\":24.62,\"url\":\"/uploads/medium_266f9922_ec59_41e3_9b36_85c5fab5c1ec_b00de598ef.webp\"},\"small\":{\"name\":\"small_266f9922-ec59-41e3-9b36-85c5fab5c1ec.webp\",\"hash\":\"small_266f9922_ec59_41e3_9b36_85c5fab5c1ec_b00de598ef\",\"ext\":\".webp\",\"mime\":\"image/webp\",\"path\":null,\"width\":400,\"height\":500,\"size\":13.53,\"url\":\"/uploads/small_266f9922_ec59_41e3_9b36_85c5fab5c1ec_b00de598ef.webp\"}},\"hash\":\"266f9922_ec59_41e3_9b36_85c5fab5c1ec_b00de598ef\",\"ext\":\".webp\",\"mime\":\"image/webp\",\"size\":49.94,\"url\":\"/uploads/266f9922_ec59_41e3_9b36_85c5fab5c1ec_b00de598ef.webp\",\"previewUrl\":null,\"provider\":\"local\",\"provider_metadata\":null,\"createdAt\":\"2023-04-10T15:32:18.665Z\",\"updatedAt\":\"2023-04-10T15:32:18.665Z\"}},{\"id\":4,\"attributes\":{\"name\":\"ca113e5f-2165-476a-8dcf-ce7a0d85356c.webp\",\"alternativeText\":null,\"caption\":null,\"width\":864,\"height\":1080,\"formats\":{\"thumbnail\":{\"name\":\"thumbnail_ca113e5f-2165-476a-8dcf-ce7a0d85356c.webp\",\"hash\":\"thumbnail_ca113e5f_2165_476a_8dcf_ce7a0d85356c_207abacbe0\",\"ext\":\".webp\",\"mime\":\"image/webp\",\"path\":null,\"width\":125,\"height\":156,\"size\":1.4,\"url\":\"/uploads/thumbnail_ca113e5f_2165_476a_8dcf_ce7a0d85356c_207abacbe0.webp\"},\"large\":{\"name\":\"large_ca113e5f-2165-476a-8dcf-ce7a0d85356c.webp\",\"hash\":\"large_ca113e5f_2165_476a_8dcf_ce7a0d85356c_207abacbe0\",\"ext\":\".webp\",\"mime\":\"image/webp\",\"path\":null,\"width\":800,\"height\":1000,\"size\":23.45,\"url\":\"/uploads/large_ca113e5f_2165_476a_8dcf_ce7a0d85356c_207abacbe0.webp\"},\"medium\":{\"name\":\"medium_ca113e5f-2165-476a-8dcf-ce7a0d85356c.webp\",\"hash\":\"medium_ca113e5f_2165_476a_8dcf_ce7a0d85356c_207abacbe0\",\"ext\":\".webp\",\"mime\":\"image/webp\",\"path\":null,\"width\":600,\"height\":750,\"size\":15.26,\"url\":\"/uploads/medium_ca113e5f_2165_476a_8dcf_ce7a0d85356c_207abacbe0.webp\"},\"small\":{\"name\":\"small_ca113e5f-2165-476a-8dcf-ce7a0d85356c.webp\",\"hash\":\"small_ca113e5f_2165_476a_8dcf_ce7a0d85356c_207abacbe0\",\"ext\":\".webp\",\"mime\":\"image/webp\",\"path\":null,\"width\":400,\"height\":500,\"size\":7.99,\"url\":\"/uploads/small_ca113e5f_2165_476a_8dcf_ce7a0d85356c_207abacbe0.webp\"}},\"hash\":\"ca113e5f_2165_476a_8dcf_ce7a0d85356c_207abacbe0\",\"ext\":\".webp\",\"mime\":\"image/webp\",\"size\":30.64,\"url\":\"/uploads/ca113e5f_2165_476a_8dcf_ce7a0d85356c_207abacbe0.webp\",\"previewUrl\":null,\"provider\":\"local\",\"provider_metadata\":null,\"createdAt\":\"2023-04-10T15:32:18.662Z\",\"updatedAt\":\"2023-04-10T15:32:18.662Z\"}},{\"id\":3,\"attributes\":{\"name\":\"0d6a88ca-7ff8-4ad9-991b-b2e2a33cf66e.webp\",\"alternativeText\":null,\"caption\":null,\"width\":864,\"height\":1080,\"formats\":{\"thumbnail\":{\"name\":\"thumbnail_0d6a88ca-7ff8-4ad9-991b-b2e2a33cf66e.webp\",\"hash\":\"thumbnail_0d6a88ca_7ff8_4ad9_991b_b2e2a33cf66e_e498b69fcc\",\"ext\":\".webp\",\"mime\":\"image/webp\",\"path\":null,\"width\":125,\"height\":156,\"size\":1.37,\"url\":\"/uploads/thumbnail_0d6a88ca_7ff8_4ad9_991b_b2e2a33cf66e_e498b69fcc.webp\"},\"large\":{\"name\":\"large_0d6a88ca-7ff8-4ad9-991b-b2e2a33cf66e.webp\",\"hash\":\"large_0d6a88ca_7ff8_4ad9_991b_b2e2a33cf66e_e498b69fcc\",\"ext\":\".webp\",\"mime\":\"image/webp\",\"path\":null,\"width\":800,\"height\":1000,\"size\":21.95,\"url\":\"/uploads/large_0d6a88ca_7ff8_4ad9_991b_b2e2a33cf66e_e498b69fcc.webp\"},\"medium\":{\"name\":\"medium_0d6a88ca-7ff8-4ad9-991b-b2e2a33cf66e.webp\",\"hash\":\"medium_0d6a88ca_7ff8_4ad9_991b_b2e2a33cf66e_e498b69fcc\",\"ext\":\".webp\",\"mime\":\"image/webp\",\"path\":null,\"width\":600,\"height\":750,\"size\":14.34,\"url\":\"/uploads/medium_0d6a88ca_7ff8_4ad9_991b_b2e2a33cf66e_e498b69fcc.webp\"},\"small\":{\"name\":\"small_0d6a88ca-7ff8-4ad9-991b-b2e2a33cf66e.webp\",\"hash\":\"small_0d6a88ca_7ff8_4ad9_991b_b2e2a33cf66e_e498b69fcc\",\"ext\":\".webp\",\"mime\":\"image/webp\",\"path\":null,\"width\":400,\"height\":500,\"size\":7.59,\"url\":\"/uploads/small_0d6a88ca_7ff8_4ad9_991b_b2e2a33cf66e_e498b69fcc.webp\"}},\"hash\":\"0d6a88ca_7ff8_4ad9_991b_b2e2a33cf66e_e498b69fcc\",\"ext\":\".webp\",\"mime\":\"image/webp\",\"size\":30.06,\"url\":\"/uploads/0d6a88ca_7ff8_4ad9_991b_b2e2a33cf66e_e498b69fcc.webp\",\"previewUrl\":null,\"provider\":\"local\",\"provider_metadata\":null,\"createdAt\":\"2023-04-10T15:32:18.644Z\",\"updatedAt\":\"2023-04-10T15:32:18.644Z\"}},{\"id\":2,\"attributes\":{\"name\":\"672537b9-5384-49e0-8128-5dedd538c208.webp\",\"alternativeText\":null,\"caption\":null,\"width\":864,\"height\":1080,\"formats\":{\"thumbnail\":{\"name\":\"thumbnail_672537b9-5384-49e0-8128-5dedd538c208.webp\",\"hash\":\"thumbnail_672537b9_5384_49e0_8128_5dedd538c208_37238b6728\",\"ext\":\".webp\",\"mime\":\"image/webp\",\"path\":null,\"width\":125,\"height\":156,\"size\":0.7,\"url\":\"/uploads/thumbnail_672537b9_5384_49e0_8128_5dedd538c208_37238b6728.webp\"},\"large\":{\"name\":\"large_672537b9-5384-49e0-8128-5dedd538c208.webp\",\"hash\":\"large_672537b9_5384_49e0_8128_5dedd538c208_37238b6728\",\"ext\":\".webp\",\"mime\":\"image/webp\",\"path\":null,\"width\":800,\"height\":1000,\"size\":8.11,\"url\":\"/uploads/large_672537b9_5384_49e0_8128_5dedd538c208_37238b6728.webp\"},\"small\":{\"name\":\"small_672537b9-5384-49e0-8128-5dedd538c208.webp\",\"hash\":\"small_672537b9_5384_49e0_8128_5dedd538c208_37238b6728\",\"ext\":\".webp\",\"mime\":\"image/webp\",\"path\":null,\"width\":400,\"height\":500,\"size\":3.18,\"url\":\"/uploads/small_672537b9_5384_49e0_8128_5dedd538c208_37238b6728.webp\"},\"medium\":{\"name\":\"medium_672537b9-5384-49e0-8128-5dedd538c208.webp\",\"hash\":\"medium_672537b9_5384_49e0_8128_5dedd538c208_37238b6728\",\"ext\":\".webp\",\"mime\":\"image/webp\",\"path\":null,\"width\":600,\"height\":750,\"size\":5.66,\"url\":\"/uploads/medium_672537b9_5384_49e0_8128_5dedd538c208_37238b6728.webp\"}},\"hash\":\"672537b9_5384_49e0_8128_5dedd538c208_37238b6728\",\"ext\":\".webp\",\"mime\":\"image/webp\",\"size\":10.34,\"url\":\"/uploads/672537b9_5384_49e0_8128_5dedd538c208_37238b6728.webp\",\"previewUrl\":null,\"provider\":\"local\",\"provider_metadata\":null,\"createdAt\":\"2023-04-10T15:32:18.511Z\",\"updatedAt\":\"2023-04-10T15:32:18.511Z\"}}]},\"thumbnail\":{\"data\":{\"id\":1,\"attributes\":{\"name\":\"thumbnail.webp\",\"alternativeText\":null,\"caption\":null,\"width\":592,\"height\":592,\"formats\":{\"thumbnail\":{\"name\":\"thumbnail_thumbnail.webp\",\"hash\":\"thumbnail_thumbnail_f2a4d6d988\",\"ext\":\".webp\",\"mime\":\"image/webp\",\"path\":null,\"width\":156,\"height\":156,\"size\":1.75,\"url\":\"/uploads/thumbnail_thumbnail_f2a4d6d988.webp\"},\"small\":{\"name\":\"small_thumbnail.webp\",\"hash\":\"small_thumbnail_f2a4d6d988\",\"ext\":\".webp\",\"mime\":\"image/webp\",\"path\":null,\"width\":500,\"height\":500,\"size\":9.92,\"url\":\"/uploads/small_thumbnail_f2a4d6d988.webp\"}},\"hash\":\"thumbnail_f2a4d6d988\",\"ext\":\".webp\",\"mime\":\"image/webp\",\"size\":15.38,\"url\":\"/uploads/thumbnail_f2a4d6d988.webp\",\"previewUrl\":null,\"provider\":\"local\",\"provider_metadata\":null,\"createdAt\":\"2023-04-10T15:32:18.419Z\",\"updatedAt\":\"2023-04-14T21:50:24.004Z\"}}},\"sizes\":[{\"id\":1,\"name\":\"41\",\"stock\":2},{\"id\":2,\"name\":\"42\",\"stock\":21}],\"cards\":{\"data\":[]}},\"size\":\"42\",\"count\":1},{\"id\":2,\"attributes\":{\"name\":\"Air Jordan 1 Mid SE\",\"subtitle\":\"Men\'s Shoes\",\"price\":12295,\"description\":\"\\\"Every time the AJ1 gets a remake, you get the classic sneaker in new colours and textures for an exciting, revamped look but with all the familiar comforts you know. Premium materials and accents give modern expression to an all-time favourite.\\n\\n- Colour Shown: White/Black/Ice Blue\\n- Style: DV1308-104\\\"\",\"original_price\":20000,\"slug\":\"air-jordan-1-mid-se-1\",\"createdAt\":\"2023-04-10T15:38:29.662Z\",\"updatedAt\":\"2023-04-12T18:15:51.822Z\",\"publishedAt\":\"2023-04-10T15:38:30.801Z\",\"image\":{\"data\":[{\"id\":5,\"attributes\":{\"name\":\"266f9922-ec59-41e3-9b36-85c5fab5c1ec.webp\",\"alternativeText\":null,\"caption\":null,\"width\":864,\"height\":1080,\"formats\":{\"thumbnail\":{\"name\":\"thumbnail_266f9922-ec59-41e3-9b36-85c5fab5c1ec.webp\",\"hash\":\"thumbnail_266f9922_ec59_41e3_9b36_85c5fab5c1ec_b00de598ef\",\"ext\":\".webp\",\"mime\":\"image/webp\",\"path\":null,\"width\":125,\"height\":156,\"size\":2.52,\"url\":\"/uploads/thumbnail_266f9922_ec59_41e3_9b36_85c5fab5c1ec_b00de598ef.webp\"},\"large\":{\"name\":\"large_266f9922-ec59-41e3-9b36-85c5fab5c1ec.webp\",\"hash\":\"large_266f9922_ec59_41e3_9b36_85c5fab5c1ec_b00de598ef\",\"ext\":\".webp\",\"mime\":\"image/webp\",\"path\":null,\"width\":800,\"height\":1000,\"size\":35.85,\"url\":\"/uploads/large_266f9922_ec59_41e3_9b36_85c5fab5c1ec_b00de598ef.webp\"},\"medium\":{\"name\":\"medium_266f9922-ec59-41e3-9b36-85c5fab5c1ec.webp\",\"hash\":\"medium_266f9922_ec59_41e3_9b36_85c5fab5c1ec_b00de598ef\",\"ext\":\".webp\",\"mime\":\"image/webp\",\"path\":null,\"width\":600,\"height\":750,\"size\":24.62,\"url\":\"/uploads/medium_266f9922_ec59_41e3_9b36_85c5fab5c1ec_b00de598ef.webp\"},\"small\":{\"name\":\"small_266f9922-ec59-41e3-9b36-85c5fab5c1ec.webp\",\"hash\":\"small_266f9922_ec59_41e3_9b36_85c5fab5c1ec_b00de598ef\",\"ext\":\".webp\",\"mime\":\"image/webp\",\"path\":null,\"width\":400,\"height\":500,\"size\":13.53,\"url\":\"/uploads/small_266f9922_ec59_41e3_9b36_85c5fab5c1ec_b00de598ef.webp\"}},\"hash\":\"266f9922_ec59_41e3_9b36_85c5fab5c1ec_b00de598ef\",\"ext\":\".webp\",\"mime\":\"image/webp\",\"size\":49.94,\"url\":\"/uploads/266f9922_ec59_41e3_9b36_85c5fab5c1ec_b00de598ef.webp\",\"previewUrl\":null,\"provider\":\"local\",\"provider_metadata\":null,\"createdAt\":\"2023-04-10T15:32:18.665Z\",\"updatedAt\":\"2023-04-10T15:32:18.665Z\"}},{\"id\":4,\"attributes\":{\"name\":\"ca113e5f-2165-476a-8dcf-ce7a0d85356c.webp\",\"alternativeText\":null,\"caption\":null,\"width\":864,\"height\":1080,\"formats\":{\"thumbnail\":{\"name\":\"thumbnail_ca113e5f-2165-476a-8dcf-ce7a0d85356c.webp\",\"hash\":\"thumbnail_ca113e5f_2165_476a_8dcf_ce7a0d85356c_207abacbe0\",\"ext\":\".webp\",\"mime\":\"image/webp\",\"path\":null,\"width\":125,\"height\":156,\"size\":1.4,\"url\":\"/uploads/thumbnail_ca113e5f_2165_476a_8dcf_ce7a0d85356c_207abacbe0.webp\"},\"large\":{\"name\":\"large_ca113e5f-2165-476a-8dcf-ce7a0d85356c.webp\",\"hash\":\"large_ca113e5f_2165_476a_8dcf_ce7a0d85356c_207abacbe0\",\"ext\":\".webp\",\"mime\":\"image/webp\",\"path\":null,\"width\":800,\"height\":1000,\"size\":23.45,\"url\":\"/uploads/large_ca113e5f_2165_476a_8dcf_ce7a0d85356c_207abacbe0.webp\"},\"medium\":{\"name\":\"medium_ca113e5f-2165-476a-8dcf-ce7a0d85356c.webp\",\"hash\":\"medium_ca113e5f_2165_476a_8dcf_ce7a0d85356c_207abacbe0\",\"ext\":\".webp\",\"mime\":\"image/webp\",\"path\":null,\"width\":600,\"height\":750,\"size\":15.26,\"url\":\"/uploads/medium_ca113e5f_2165_476a_8dcf_ce7a0d85356c_207abacbe0.webp\"},\"small\":{\"name\":\"small_ca113e5f-2165-476a-8dcf-ce7a0d85356c.webp\",\"hash\":\"small_ca113e5f_2165_476a_8dcf_ce7a0d85356c_207abacbe0\",\"ext\":\".webp\",\"mime\":\"image/webp\",\"path\":null,\"width\":400,\"height\":500,\"size\":7.99,\"url\":\"/uploads/small_ca113e5f_2165_476a_8dcf_ce7a0d85356c_207abacbe0.webp\"}},\"hash\":\"ca113e5f_2165_476a_8dcf_ce7a0d85356c_207abacbe0\",\"ext\":\".webp\",\"mime\":\"image/webp\",\"size\":30.64,\"url\":\"/uploads/ca113e5f_2165_476a_8dcf_ce7a0d85356c_207abacbe0.webp\",\"previewUrl\":null,\"provider\":\"local\",\"provider_metadata\":null,\"createdAt\":\"2023-04-10T15:32:18.662Z\",\"updatedAt\":\"2023-04-10T15:32:18.662Z\"}},{\"id\":3,\"attributes\":{\"name\":\"0d6a88ca-7ff8-4ad9-991b-b2e2a33cf66e.webp\",\"alternativeText\":null,\"caption\":null,\"width\":864,\"height\":1080,\"formats\":{\"thumbnail\":{\"name\":\"thumbnail_0d6a88ca-7ff8-4ad9-991b-b2e2a33cf66e.webp\",\"hash\":\"thumbnail_0d6a88ca_7ff8_4ad9_991b_b2e2a33cf66e_e498b69fcc\",\"ext\":\".webp\",\"mime\":\"image/webp\",\"path\":null,\"width\":125,\"height\":156,\"size\":1.37,\"url\":\"/uploads/thumbnail_0d6a88ca_7ff8_4ad9_991b_b2e2a33cf66e_e498b69fcc.webp\"},\"large\":{\"name\":\"large_0d6a88ca-7ff8-4ad9-991b-b2e2a33cf66e.webp\",\"hash\":\"large_0d6a88ca_7ff8_4ad9_991b_b2e2a33cf66e_e498b69fcc\",\"ext\":\".webp\",\"mime\":\"image/webp\",\"path\":null,\"width\":800,\"height\":1000,\"size\":21.95,\"url\":\"/uploads/large_0d6a88ca_7ff8_4ad9_991b_b2e2a33cf66e_e498b69fcc.webp\"},\"medium\":{\"name\":\"medium_0d6a88ca-7ff8-4ad9-991b-b2e2a33cf66e.webp\",\"hash\":\"medium_0d6a88ca_7ff8_4ad9_991b_b2e2a33cf66e_e498b69fcc\",\"ext\":\".webp\",\"mime\":\"image/webp\",\"path\":null,\"width\":600,\"height\":750,\"size\":14.34,\"url\":\"/uploads/medium_0d6a88ca_7ff8_4ad9_991b_b2e2a33cf66e_e498b69fcc.webp\"},\"small\":{\"name\":\"small_0d6a88ca-7ff8-4ad9-991b-b2e2a33cf66e.webp\",\"hash\":\"small_0d6a88ca_7ff8_4ad9_991b_b2e2a33cf66e_e498b69fcc\",\"ext\":\".webp\",\"mime\":\"image/webp\",\"path\":null,\"width\":400,\"height\":500,\"size\":7.59,\"url\":\"/uploads/small_0d6a88ca_7ff8_4ad9_991b_b2e2a33cf66e_e498b69fcc.webp\"}},\"hash\":\"0d6a88ca_7ff8_4ad9_991b_b2e2a33cf66e_e498b69fcc\",\"ext\":\".webp\",\"mime\":\"image/webp\",\"size\":30.06,\"url\":\"/uploads/0d6a88ca_7ff8_4ad9_991b_b2e2a33cf66e_e498b69fcc.webp\",\"previewUrl\":null,\"provider\":\"local\",\"provider_metadata\":null,\"createdAt\":\"2023-04-10T15:32:18.644Z\",\"updatedAt\":\"2023-04-10T15:32:18.644Z\"}},{\"id\":2,\"attributes\":{\"name\":\"672537b9-5384-49e0-8128-5dedd538c208.webp\",\"alternativeText\":null,\"caption\":null,\"width\":864,\"height\":1080,\"formats\":{\"thumbnail\":{\"name\":\"thumbnail_672537b9-5384-49e0-8128-5dedd538c208.webp\",\"hash\":\"thumbnail_672537b9_5384_49e0_8128_5dedd538c208_37238b6728\",\"ext\":\".webp\",\"mime\":\"image/webp\",\"path\":null,\"width\":125,\"height\":156,\"size\":0.7,\"url\":\"/uploads/thumbnail_672537b9_5384_49e0_8128_5dedd538c208_37238b6728.webp\"},\"large\":{\"name\":\"large_672537b9-5384-49e0-8128-5dedd538c208.webp\",\"hash\":\"large_672537b9_5384_49e0_8128_5dedd538c208_37238b6728\",\"ext\":\".webp\",\"mime\":\"image/webp\",\"path\":null,\"width\":800,\"height\":1000,\"size\":8.11,\"url\":\"/uploads/large_672537b9_5384_49e0_8128_5dedd538c208_37238b6728.webp\"},\"small\":{\"name\":\"small_672537b9-5384-49e0-8128-5dedd538c208.webp\",\"hash\":\"small_672537b9_5384_49e0_8128_5dedd538c208_37238b6728\",\"ext\":\".webp\",\"mime\":\"image/webp\",\"path\":null,\"width\":400,\"height\":500,\"size\":3.18,\"url\":\"/uploads/small_672537b9_5384_49e0_8128_5dedd538c208_37238b6728.webp\"},\"medium\":{\"name\":\"medium_672537b9-5384-49e0-8128-5dedd538c208.webp\",\"hash\":\"medium_672537b9_5384_49e0_8128_5dedd538c208_37238b6728\",\"ext\":\".webp\",\"mime\":\"image/webp\",\"path\":null,\"width\":600,\"height\":750,\"size\":5.66,\"url\":\"/uploads/medium_672537b9_5384_49e0_8128_5dedd538c208_37238b6728.webp\"}},\"hash\":\"672537b9_5384_49e0_8128_5dedd538c208_37238b6728\",\"ext\":\".webp\",\"mime\":\"image/webp\",\"size\":10.34,\"url\":\"/uploads/672537b9_5384_49e0_8128_5dedd538c208_37238b6728.webp\",\"previewUrl\":null,\"provider\":\"local\",\"provider_metadata\":null,\"createdAt\":\"2023-04-10T15:32:18.511Z\",\"updatedAt\":\"2023-04-10T15:32:18.511Z\"}}]},\"thumbnail\":{\"data\":{\"id\":1,\"attributes\":{\"name\":\"thumbnail.webp\",\"alternativeText\":null,\"caption\":null,\"width\":592,\"height\":592,\"formats\":{\"thumbnail\":{\"name\":\"thumbnail_thumbnail.webp\",\"hash\":\"thumbnail_thumbnail_f2a4d6d988\",\"ext\":\".webp\",\"mime\":\"image/webp\",\"path\":null,\"width\":156,\"height\":156,\"size\":1.75,\"url\":\"/uploads/thumbnail_thumbnail_f2a4d6d988.webp\"},\"small\":{\"name\":\"small_thumbnail.webp\",\"hash\":\"small_thumbnail_f2a4d6d988\",\"ext\":\".webp\",\"mime\":\"image/webp\",\"path\":null,\"width\":500,\"height\":500,\"size\":9.92,\"url\":\"/uploads/small_thumbnail_f2a4d6d988.webp\"}},\"hash\":\"thumbnail_f2a4d6d988\",\"ext\":\".webp\",\"mime\":\"image/webp\",\"size\":15.38,\"url\":\"/uploads/thumbnail_f2a4d6d988.webp\",\"previewUrl\":null,\"provider\":\"local\",\"provider_metadata\":null,\"createdAt\":\"2023-04-10T15:32:18.419Z\",\"updatedAt\":\"2023-04-14T21:50:24.004Z\"}}},\"sizes\":[{\"id\":3,\"name\":\"M\",\"stock\":223},{\"id\":4,\"name\":\"L\",\"stock\":31}],\"cards\":{\"data\":[]}},\"size\":\"M\",\"count\":1}]', 'test', 'fsdsd@gmail.com', '09974884', NULL, '5'),
(15, '2023-04-24 14:38:43.669000', '2023-04-25 00:20:07.902000', '2023-04-24 14:38:43.663000', NULL, NULL, '24590.00', 'testse', 'cash', 'new', '[{\"id\":1,\"attributes\":{\"name\":\"Air Jordan 1 Mid 124213\",\"subtitle\":\"Men\'s Shoes\",\"price\":12295,\"description\":\"\\\"Every time the AJ1 gets a remake, you get the classic sneaker in new colours and textures for an exciting, revamped look but with all the familiar comforts you know. Premium materials and accents give modern expression to an all-time favourite.\\n\\n- Colour Shown: White/Black/Ice Blue\\n- Style: DV1308-104\\\"\",\"original_price\":20000,\"slug\":\"air-jordan-1-mid-se\",\"createdAt\":\"2023-04-10T15:34:05.130Z\",\"updatedAt\":\"2023-04-20T08:42:18.220Z\",\"publishedAt\":\"2023-04-10T15:34:09.644Z\",\"image\":{\"data\":[{\"id\":5,\"attributes\":{\"name\":\"266f9922-ec59-41e3-9b36-85c5fab5c1ec.webp\",\"alternativeText\":null,\"caption\":null,\"width\":864,\"height\":1080,\"formats\":{\"thumbnail\":{\"name\":\"thumbnail_266f9922-ec59-41e3-9b36-85c5fab5c1ec.webp\",\"hash\":\"thumbnail_266f9922_ec59_41e3_9b36_85c5fab5c1ec_b00de598ef\",\"ext\":\".webp\",\"mime\":\"image/webp\",\"path\":null,\"width\":125,\"height\":156,\"size\":2.52,\"url\":\"/uploads/thumbnail_266f9922_ec59_41e3_9b36_85c5fab5c1ec_b00de598ef.webp\"},\"large\":{\"name\":\"large_266f9922-ec59-41e3-9b36-85c5fab5c1ec.webp\",\"hash\":\"large_266f9922_ec59_41e3_9b36_85c5fab5c1ec_b00de598ef\",\"ext\":\".webp\",\"mime\":\"image/webp\",\"path\":null,\"width\":800,\"height\":1000,\"size\":35.85,\"url\":\"/uploads/large_266f9922_ec59_41e3_9b36_85c5fab5c1ec_b00de598ef.webp\"},\"medium\":{\"name\":\"medium_266f9922-ec59-41e3-9b36-85c5fab5c1ec.webp\",\"hash\":\"medium_266f9922_ec59_41e3_9b36_85c5fab5c1ec_b00de598ef\",\"ext\":\".webp\",\"mime\":\"image/webp\",\"path\":null,\"width\":600,\"height\":750,\"size\":24.62,\"url\":\"/uploads/medium_266f9922_ec59_41e3_9b36_85c5fab5c1ec_b00de598ef.webp\"},\"small\":{\"name\":\"small_266f9922-ec59-41e3-9b36-85c5fab5c1ec.webp\",\"hash\":\"small_266f9922_ec59_41e3_9b36_85c5fab5c1ec_b00de598ef\",\"ext\":\".webp\",\"mime\":\"image/webp\",\"path\":null,\"width\":400,\"height\":500,\"size\":13.53,\"url\":\"/uploads/small_266f9922_ec59_41e3_9b36_85c5fab5c1ec_b00de598ef.webp\"}},\"hash\":\"266f9922_ec59_41e3_9b36_85c5fab5c1ec_b00de598ef\",\"ext\":\".webp\",\"mime\":\"image/webp\",\"size\":49.94,\"url\":\"/uploads/266f9922_ec59_41e3_9b36_85c5fab5c1ec_b00de598ef.webp\",\"previewUrl\":null,\"provider\":\"local\",\"provider_metadata\":null,\"createdAt\":\"2023-04-10T15:32:18.665Z\",\"updatedAt\":\"2023-04-10T15:32:18.665Z\"}},{\"id\":4,\"attributes\":{\"name\":\"ca113e5f-2165-476a-8dcf-ce7a0d85356c.webp\",\"alternativeText\":null,\"caption\":null,\"width\":864,\"height\":1080,\"formats\":{\"thumbnail\":{\"name\":\"thumbnail_ca113e5f-2165-476a-8dcf-ce7a0d85356c.webp\",\"hash\":\"thumbnail_ca113e5f_2165_476a_8dcf_ce7a0d85356c_207abacbe0\",\"ext\":\".webp\",\"mime\":\"image/webp\",\"path\":null,\"width\":125,\"height\":156,\"size\":1.4,\"url\":\"/uploads/thumbnail_ca113e5f_2165_476a_8dcf_ce7a0d85356c_207abacbe0.webp\"},\"large\":{\"name\":\"large_ca113e5f-2165-476a-8dcf-ce7a0d85356c.webp\",\"hash\":\"large_ca113e5f_2165_476a_8dcf_ce7a0d85356c_207abacbe0\",\"ext\":\".webp\",\"mime\":\"image/webp\",\"path\":null,\"width\":800,\"height\":1000,\"size\":23.45,\"url\":\"/uploads/large_ca113e5f_2165_476a_8dcf_ce7a0d85356c_207abacbe0.webp\"},\"medium\":{\"name\":\"medium_ca113e5f-2165-476a-8dcf-ce7a0d85356c.webp\",\"hash\":\"medium_ca113e5f_2165_476a_8dcf_ce7a0d85356c_207abacbe0\",\"ext\":\".webp\",\"mime\":\"image/webp\",\"path\":null,\"width\":600,\"height\":750,\"size\":15.26,\"url\":\"/uploads/medium_ca113e5f_2165_476a_8dcf_ce7a0d85356c_207abacbe0.webp\"},\"small\":{\"name\":\"small_ca113e5f-2165-476a-8dcf-ce7a0d85356c.webp\",\"hash\":\"small_ca113e5f_2165_476a_8dcf_ce7a0d85356c_207abacbe0\",\"ext\":\".webp\",\"mime\":\"image/webp\",\"path\":null,\"width\":400,\"height\":500,\"size\":7.99,\"url\":\"/uploads/small_ca113e5f_2165_476a_8dcf_ce7a0d85356c_207abacbe0.webp\"}},\"hash\":\"ca113e5f_2165_476a_8dcf_ce7a0d85356c_207abacbe0\",\"ext\":\".webp\",\"mime\":\"image/webp\",\"size\":30.64,\"url\":\"/uploads/ca113e5f_2165_476a_8dcf_ce7a0d85356c_207abacbe0.webp\",\"previewUrl\":null,\"provider\":\"local\",\"provider_metadata\":null,\"createdAt\":\"2023-04-10T15:32:18.662Z\",\"updatedAt\":\"2023-04-10T15:32:18.662Z\"}},{\"id\":3,\"attributes\":{\"name\":\"0d6a88ca-7ff8-4ad9-991b-b2e2a33cf66e.webp\",\"alternativeText\":null,\"caption\":null,\"width\":864,\"height\":1080,\"formats\":{\"thumbnail\":{\"name\":\"thumbnail_0d6a88ca-7ff8-4ad9-991b-b2e2a33cf66e.webp\",\"hash\":\"thumbnail_0d6a88ca_7ff8_4ad9_991b_b2e2a33cf66e_e498b69fcc\",\"ext\":\".webp\",\"mime\":\"image/webp\",\"path\":null,\"width\":125,\"height\":156,\"size\":1.37,\"url\":\"/uploads/thumbnail_0d6a88ca_7ff8_4ad9_991b_b2e2a33cf66e_e498b69fcc.webp\"},\"large\":{\"name\":\"large_0d6a88ca-7ff8-4ad9-991b-b2e2a33cf66e.webp\",\"hash\":\"large_0d6a88ca_7ff8_4ad9_991b_b2e2a33cf66e_e498b69fcc\",\"ext\":\".webp\",\"mime\":\"image/webp\",\"path\":null,\"width\":800,\"height\":1000,\"size\":21.95,\"url\":\"/uploads/large_0d6a88ca_7ff8_4ad9_991b_b2e2a33cf66e_e498b69fcc.webp\"},\"medium\":{\"name\":\"medium_0d6a88ca-7ff8-4ad9-991b-b2e2a33cf66e.webp\",\"hash\":\"medium_0d6a88ca_7ff8_4ad9_991b_b2e2a33cf66e_e498b69fcc\",\"ext\":\".webp\",\"mime\":\"image/webp\",\"path\":null,\"width\":600,\"height\":750,\"size\":14.34,\"url\":\"/uploads/medium_0d6a88ca_7ff8_4ad9_991b_b2e2a33cf66e_e498b69fcc.webp\"},\"small\":{\"name\":\"small_0d6a88ca-7ff8-4ad9-991b-b2e2a33cf66e.webp\",\"hash\":\"small_0d6a88ca_7ff8_4ad9_991b_b2e2a33cf66e_e498b69fcc\",\"ext\":\".webp\",\"mime\":\"image/webp\",\"path\":null,\"width\":400,\"height\":500,\"size\":7.59,\"url\":\"/uploads/small_0d6a88ca_7ff8_4ad9_991b_b2e2a33cf66e_e498b69fcc.webp\"}},\"hash\":\"0d6a88ca_7ff8_4ad9_991b_b2e2a33cf66e_e498b69fcc\",\"ext\":\".webp\",\"mime\":\"image/webp\",\"size\":30.06,\"url\":\"/uploads/0d6a88ca_7ff8_4ad9_991b_b2e2a33cf66e_e498b69fcc.webp\",\"previewUrl\":null,\"provider\":\"local\",\"provider_metadata\":null,\"createdAt\":\"2023-04-10T15:32:18.644Z\",\"updatedAt\":\"2023-04-10T15:32:18.644Z\"}},{\"id\":2,\"attributes\":{\"name\":\"672537b9-5384-49e0-8128-5dedd538c208.webp\",\"alternativeText\":null,\"caption\":null,\"width\":864,\"height\":1080,\"formats\":{\"thumbnail\":{\"name\":\"thumbnail_672537b9-5384-49e0-8128-5dedd538c208.webp\",\"hash\":\"thumbnail_672537b9_5384_49e0_8128_5dedd538c208_37238b6728\",\"ext\":\".webp\",\"mime\":\"image/webp\",\"path\":null,\"width\":125,\"height\":156,\"size\":0.7,\"url\":\"/uploads/thumbnail_672537b9_5384_49e0_8128_5dedd538c208_37238b6728.webp\"},\"large\":{\"name\":\"large_672537b9-5384-49e0-8128-5dedd538c208.webp\",\"hash\":\"large_672537b9_5384_49e0_8128_5dedd538c208_37238b6728\",\"ext\":\".webp\",\"mime\":\"image/webp\",\"path\":null,\"width\":800,\"height\":1000,\"size\":8.11,\"url\":\"/uploads/large_672537b9_5384_49e0_8128_5dedd538c208_37238b6728.webp\"},\"small\":{\"name\":\"small_672537b9-5384-49e0-8128-5dedd538c208.webp\",\"hash\":\"small_672537b9_5384_49e0_8128_5dedd538c208_37238b6728\",\"ext\":\".webp\",\"mime\":\"image/webp\",\"path\":null,\"width\":400,\"height\":500,\"size\":3.18,\"url\":\"/uploads/small_672537b9_5384_49e0_8128_5dedd538c208_37238b6728.webp\"},\"medium\":{\"name\":\"medium_672537b9-5384-49e0-8128-5dedd538c208.webp\",\"hash\":\"medium_672537b9_5384_49e0_8128_5dedd538c208_37238b6728\",\"ext\":\".webp\",\"mime\":\"image/webp\",\"path\":null,\"width\":600,\"height\":750,\"size\":5.66,\"url\":\"/uploads/medium_672537b9_5384_49e0_8128_5dedd538c208_37238b6728.webp\"}},\"hash\":\"672537b9_5384_49e0_8128_5dedd538c208_37238b6728\",\"ext\":\".webp\",\"mime\":\"image/webp\",\"size\":10.34,\"url\":\"/uploads/672537b9_5384_49e0_8128_5dedd538c208_37238b6728.webp\",\"previewUrl\":null,\"provider\":\"local\",\"provider_metadata\":null,\"createdAt\":\"2023-04-10T15:32:18.511Z\",\"updatedAt\":\"2023-04-10T15:32:18.511Z\"}}]},\"thumbnail\":{\"data\":{\"id\":1,\"attributes\":{\"name\":\"thumbnail.webp\",\"alternativeText\":null,\"caption\":null,\"width\":592,\"height\":592,\"formats\":{\"thumbnail\":{\"name\":\"thumbnail_thumbnail.webp\",\"hash\":\"thumbnail_thumbnail_f2a4d6d988\",\"ext\":\".webp\",\"mime\":\"image/webp\",\"path\":null,\"width\":156,\"height\":156,\"size\":1.75,\"url\":\"/uploads/thumbnail_thumbnail_f2a4d6d988.webp\"},\"small\":{\"name\":\"small_thumbnail.webp\",\"hash\":\"small_thumbnail_f2a4d6d988\",\"ext\":\".webp\",\"mime\":\"image/webp\",\"path\":null,\"width\":500,\"height\":500,\"size\":9.92,\"url\":\"/uploads/small_thumbnail_f2a4d6d988.webp\"}},\"hash\":\"thumbnail_f2a4d6d988\",\"ext\":\".webp\",\"mime\":\"image/webp\",\"size\":15.38,\"url\":\"/uploads/thumbnail_f2a4d6d988.webp\",\"previewUrl\":null,\"provider\":\"local\",\"provider_metadata\":null,\"createdAt\":\"2023-04-10T15:32:18.419Z\",\"updatedAt\":\"2023-04-14T21:50:24.004Z\"}}},\"sizes\":[{\"id\":1,\"name\":\"41\",\"stock\":2},{\"id\":2,\"name\":\"42\",\"stock\":21}],\"cards\":{\"data\":[]}},\"size\":\"41\",\"count\":1},{\"id\":1,\"attributes\":{\"name\":\"Air Jordan 1 Mid 124213\",\"subtitle\":\"Men\'s Shoes\",\"price\":12295,\"description\":\"\\\"Every time the AJ1 gets a remake, you get the classic sneaker in new colours and textures for an exciting, revamped look but with all the familiar comforts you know. Premium materials and accents give modern expression to an all-time favourite.\\n\\n- Colour Shown: White/Black/Ice Blue\\n- Style: DV1308-104\\\"\",\"original_price\":20000,\"slug\":\"air-jordan-1-mid-se\",\"createdAt\":\"2023-04-10T15:34:05.130Z\",\"updatedAt\":\"2023-04-20T08:42:18.220Z\",\"publishedAt\":\"2023-04-10T15:34:09.644Z\",\"image\":{\"data\":[{\"id\":5,\"attributes\":{\"name\":\"266f9922-ec59-41e3-9b36-85c5fab5c1ec.webp\",\"alternativeText\":null,\"caption\":null,\"width\":864,\"height\":1080,\"formats\":{\"thumbnail\":{\"name\":\"thumbnail_266f9922-ec59-41e3-9b36-85c5fab5c1ec.webp\",\"hash\":\"thumbnail_266f9922_ec59_41e3_9b36_85c5fab5c1ec_b00de598ef\",\"ext\":\".webp\",\"mime\":\"image/webp\",\"path\":null,\"width\":125,\"height\":156,\"size\":2.52,\"url\":\"/uploads/thumbnail_266f9922_ec59_41e3_9b36_85c5fab5c1ec_b00de598ef.webp\"},\"large\":{\"name\":\"large_266f9922-ec59-41e3-9b36-85c5fab5c1ec.webp\",\"hash\":\"large_266f9922_ec59_41e3_9b36_85c5fab5c1ec_b00de598ef\",\"ext\":\".webp\",\"mime\":\"image/webp\",\"path\":null,\"width\":800,\"height\":1000,\"size\":35.85,\"url\":\"/uploads/large_266f9922_ec59_41e3_9b36_85c5fab5c1ec_b00de598ef.webp\"},\"medium\":{\"name\":\"medium_266f9922-ec59-41e3-9b36-85c5fab5c1ec.webp\",\"hash\":\"medium_266f9922_ec59_41e3_9b36_85c5fab5c1ec_b00de598ef\",\"ext\":\".webp\",\"mime\":\"image/webp\",\"path\":null,\"width\":600,\"height\":750,\"size\":24.62,\"url\":\"/uploads/medium_266f9922_ec59_41e3_9b36_85c5fab5c1ec_b00de598ef.webp\"},\"small\":{\"name\":\"small_266f9922-ec59-41e3-9b36-85c5fab5c1ec.webp\",\"hash\":\"small_266f9922_ec59_41e3_9b36_85c5fab5c1ec_b00de598ef\",\"ext\":\".webp\",\"mime\":\"image/webp\",\"path\":null,\"width\":400,\"height\":500,\"size\":13.53,\"url\":\"/uploads/small_266f9922_ec59_41e3_9b36_85c5fab5c1ec_b00de598ef.webp\"}},\"hash\":\"266f9922_ec59_41e3_9b36_85c5fab5c1ec_b00de598ef\",\"ext\":\".webp\",\"mime\":\"image/webp\",\"size\":49.94,\"url\":\"/uploads/266f9922_ec59_41e3_9b36_85c5fab5c1ec_b00de598ef.webp\",\"previewUrl\":null,\"provider\":\"local\",\"provider_metadata\":null,\"createdAt\":\"2023-04-10T15:32:18.665Z\",\"updatedAt\":\"2023-04-10T15:32:18.665Z\"}},{\"id\":4,\"attributes\":{\"name\":\"ca113e5f-2165-476a-8dcf-ce7a0d85356c.webp\",\"alternativeText\":null,\"caption\":null,\"width\":864,\"height\":1080,\"formats\":{\"thumbnail\":{\"name\":\"thumbnail_ca113e5f-2165-476a-8dcf-ce7a0d85356c.webp\",\"hash\":\"thumbnail_ca113e5f_2165_476a_8dcf_ce7a0d85356c_207abacbe0\",\"ext\":\".webp\",\"mime\":\"image/webp\",\"path\":null,\"width\":125,\"height\":156,\"size\":1.4,\"url\":\"/uploads/thumbnail_ca113e5f_2165_476a_8dcf_ce7a0d85356c_207abacbe0.webp\"},\"large\":{\"name\":\"large_ca113e5f-2165-476a-8dcf-ce7a0d85356c.webp\",\"hash\":\"large_ca113e5f_2165_476a_8dcf_ce7a0d85356c_207abacbe0\",\"ext\":\".webp\",\"mime\":\"image/webp\",\"path\":null,\"width\":800,\"height\":1000,\"size\":23.45,\"url\":\"/uploads/large_ca113e5f_2165_476a_8dcf_ce7a0d85356c_207abacbe0.webp\"},\"medium\":{\"name\":\"medium_ca113e5f-2165-476a-8dcf-ce7a0d85356c.webp\",\"hash\":\"medium_ca113e5f_2165_476a_8dcf_ce7a0d85356c_207abacbe0\",\"ext\":\".webp\",\"mime\":\"image/webp\",\"path\":null,\"width\":600,\"height\":750,\"size\":15.26,\"url\":\"/uploads/medium_ca113e5f_2165_476a_8dcf_ce7a0d85356c_207abacbe0.webp\"},\"small\":{\"name\":\"small_ca113e5f-2165-476a-8dcf-ce7a0d85356c.webp\",\"hash\":\"small_ca113e5f_2165_476a_8dcf_ce7a0d85356c_207abacbe0\",\"ext\":\".webp\",\"mime\":\"image/webp\",\"path\":null,\"width\":400,\"height\":500,\"size\":7.99,\"url\":\"/uploads/small_ca113e5f_2165_476a_8dcf_ce7a0d85356c_207abacbe0.webp\"}},\"hash\":\"ca113e5f_2165_476a_8dcf_ce7a0d85356c_207abacbe0\",\"ext\":\".webp\",\"mime\":\"image/webp\",\"size\":30.64,\"url\":\"/uploads/ca113e5f_2165_476a_8dcf_ce7a0d85356c_207abacbe0.webp\",\"previewUrl\":null,\"provider\":\"local\",\"provider_metadata\":null,\"createdAt\":\"2023-04-10T15:32:18.662Z\",\"updatedAt\":\"2023-04-10T15:32:18.662Z\"}},{\"id\":3,\"attributes\":{\"name\":\"0d6a88ca-7ff8-4ad9-991b-b2e2a33cf66e.webp\",\"alternativeText\":null,\"caption\":null,\"width\":864,\"height\":1080,\"formats\":{\"thumbnail\":{\"name\":\"thumbnail_0d6a88ca-7ff8-4ad9-991b-b2e2a33cf66e.webp\",\"hash\":\"thumbnail_0d6a88ca_7ff8_4ad9_991b_b2e2a33cf66e_e498b69fcc\",\"ext\":\".webp\",\"mime\":\"image/webp\",\"path\":null,\"width\":125,\"height\":156,\"size\":1.37,\"url\":\"/uploads/thumbnail_0d6a88ca_7ff8_4ad9_991b_b2e2a33cf66e_e498b69fcc.webp\"},\"large\":{\"name\":\"large_0d6a88ca-7ff8-4ad9-991b-b2e2a33cf66e.webp\",\"hash\":\"large_0d6a88ca_7ff8_4ad9_991b_b2e2a33cf66e_e498b69fcc\",\"ext\":\".webp\",\"mime\":\"image/webp\",\"path\":null,\"width\":800,\"height\":1000,\"size\":21.95,\"url\":\"/uploads/large_0d6a88ca_7ff8_4ad9_991b_b2e2a33cf66e_e498b69fcc.webp\"},\"medium\":{\"name\":\"medium_0d6a88ca-7ff8-4ad9-991b-b2e2a33cf66e.webp\",\"hash\":\"medium_0d6a88ca_7ff8_4ad9_991b_b2e2a33cf66e_e498b69fcc\",\"ext\":\".webp\",\"mime\":\"image/webp\",\"path\":null,\"width\":600,\"height\":750,\"size\":14.34,\"url\":\"/uploads/medium_0d6a88ca_7ff8_4ad9_991b_b2e2a33cf66e_e498b69fcc.webp\"},\"small\":{\"name\":\"small_0d6a88ca-7ff8-4ad9-991b-b2e2a33cf66e.webp\",\"hash\":\"small_0d6a88ca_7ff8_4ad9_991b_b2e2a33cf66e_e498b69fcc\",\"ext\":\".webp\",\"mime\":\"image/webp\",\"path\":null,\"width\":400,\"height\":500,\"size\":7.59,\"url\":\"/uploads/small_0d6a88ca_7ff8_4ad9_991b_b2e2a33cf66e_e498b69fcc.webp\"}},\"hash\":\"0d6a88ca_7ff8_4ad9_991b_b2e2a33cf66e_e498b69fcc\",\"ext\":\".webp\",\"mime\":\"image/webp\",\"size\":30.06,\"url\":\"/uploads/0d6a88ca_7ff8_4ad9_991b_b2e2a33cf66e_e498b69fcc.webp\",\"previewUrl\":null,\"provider\":\"local\",\"provider_metadata\":null,\"createdAt\":\"2023-04-10T15:32:18.644Z\",\"updatedAt\":\"2023-04-10T15:32:18.644Z\"}},{\"id\":2,\"attributes\":{\"name\":\"672537b9-5384-49e0-8128-5dedd538c208.webp\",\"alternativeText\":null,\"caption\":null,\"width\":864,\"height\":1080,\"formats\":{\"thumbnail\":{\"name\":\"thumbnail_672537b9-5384-49e0-8128-5dedd538c208.webp\",\"hash\":\"thumbnail_672537b9_5384_49e0_8128_5dedd538c208_37238b6728\",\"ext\":\".webp\",\"mime\":\"image/webp\",\"path\":null,\"width\":125,\"height\":156,\"size\":0.7,\"url\":\"/uploads/thumbnail_672537b9_5384_49e0_8128_5dedd538c208_37238b6728.webp\"},\"large\":{\"name\":\"large_672537b9-5384-49e0-8128-5dedd538c208.webp\",\"hash\":\"large_672537b9_5384_49e0_8128_5dedd538c208_37238b6728\",\"ext\":\".webp\",\"mime\":\"image/webp\",\"path\":null,\"width\":800,\"height\":1000,\"size\":8.11,\"url\":\"/uploads/large_672537b9_5384_49e0_8128_5dedd538c208_37238b6728.webp\"},\"small\":{\"name\":\"small_672537b9-5384-49e0-8128-5dedd538c208.webp\",\"hash\":\"small_672537b9_5384_49e0_8128_5dedd538c208_37238b6728\",\"ext\":\".webp\",\"mime\":\"image/webp\",\"path\":null,\"width\":400,\"height\":500,\"size\":3.18,\"url\":\"/uploads/small_672537b9_5384_49e0_8128_5dedd538c208_37238b6728.webp\"},\"medium\":{\"name\":\"medium_672537b9-5384-49e0-8128-5dedd538c208.webp\",\"hash\":\"medium_672537b9_5384_49e0_8128_5dedd538c208_37238b6728\",\"ext\":\".webp\",\"mime\":\"image/webp\",\"path\":null,\"width\":600,\"height\":750,\"size\":5.66,\"url\":\"/uploads/medium_672537b9_5384_49e0_8128_5dedd538c208_37238b6728.webp\"}},\"hash\":\"672537b9_5384_49e0_8128_5dedd538c208_37238b6728\",\"ext\":\".webp\",\"mime\":\"image/webp\",\"size\":10.34,\"url\":\"/uploads/672537b9_5384_49e0_8128_5dedd538c208_37238b6728.webp\",\"previewUrl\":null,\"provider\":\"local\",\"provider_metadata\":null,\"createdAt\":\"2023-04-10T15:32:18.511Z\",\"updatedAt\":\"2023-04-10T15:32:18.511Z\"}}]},\"thumbnail\":{\"data\":{\"id\":1,\"attributes\":{\"name\":\"thumbnail.webp\",\"alternativeText\":null,\"caption\":null,\"width\":592,\"height\":592,\"formats\":{\"thumbnail\":{\"name\":\"thumbnail_thumbnail.webp\",\"hash\":\"thumbnail_thumbnail_f2a4d6d988\",\"ext\":\".webp\",\"mime\":\"image/webp\",\"path\":null,\"width\":156,\"height\":156,\"size\":1.75,\"url\":\"/uploads/thumbnail_thumbnail_f2a4d6d988.webp\"},\"small\":{\"name\":\"small_thumbnail.webp\",\"hash\":\"small_thumbnail_f2a4d6d988\",\"ext\":\".webp\",\"mime\":\"image/webp\",\"path\":null,\"width\":500,\"height\":500,\"size\":9.92,\"url\":\"/uploads/small_thumbnail_f2a4d6d988.webp\"}},\"hash\":\"thumbnail_f2a4d6d988\",\"ext\":\".webp\",\"mime\":\"image/webp\",\"size\":15.38,\"url\":\"/uploads/thumbnail_f2a4d6d988.webp\",\"previewUrl\":null,\"provider\":\"local\",\"provider_metadata\":null,\"createdAt\":\"2023-04-10T15:32:18.419Z\",\"updatedAt\":\"2023-04-14T21:50:24.004Z\"}}},\"sizes\":[{\"id\":1,\"name\":\"41\",\"stock\":2},{\"id\":2,\"name\":\"42\",\"stock\":21}],\"cards\":{\"data\":[]}},\"size\":\"42\",\"count\":1}]', 'test add resss', 'test@gmail.com', '09974884', NULL, NULL);
INSERT INTO `orders` (`id`, `created_at`, `updated_at`, `published_at`, `created_by_id`, `updated_by_id`, `total_price`, `address`, `payment_method`, `status`, `list_products`, `name`, `email`, `phone`, `order_id`, `user_id`) VALUES
(16, '2023-04-24 15:13:57.046000', '2023-04-25 00:20:09.720000', '2023-04-24 15:13:57.037000', NULL, NULL, '24590.00', 'test address', 'cash', 'new', '[{\"id\":1,\"attributes\":{\"name\":\"Air Jordan 1 Mid 124213\",\"subtitle\":\"Men\'s Shoes\",\"price\":12295,\"description\":\"\\\"Every time the AJ1 gets a remake, you get the classic sneaker in new colours and textures for an exciting, revamped look but with all the familiar comforts you know. Premium materials and accents give modern expression to an all-time favourite.\\n\\n- Colour Shown: White/Black/Ice Blue\\n- Style: DV1308-104\\\"\",\"original_price\":20000,\"slug\":\"air-jordan-1-mid-se\",\"createdAt\":\"2023-04-10T15:34:05.130Z\",\"updatedAt\":\"2023-04-20T08:42:18.220Z\",\"publishedAt\":\"2023-04-10T15:34:09.644Z\",\"image\":{\"data\":[{\"id\":5,\"attributes\":{\"name\":\"266f9922-ec59-41e3-9b36-85c5fab5c1ec.webp\",\"alternativeText\":null,\"caption\":null,\"width\":864,\"height\":1080,\"formats\":{\"thumbnail\":{\"name\":\"thumbnail_266f9922-ec59-41e3-9b36-85c5fab5c1ec.webp\",\"hash\":\"thumbnail_266f9922_ec59_41e3_9b36_85c5fab5c1ec_b00de598ef\",\"ext\":\".webp\",\"mime\":\"image/webp\",\"path\":null,\"width\":125,\"height\":156,\"size\":2.52,\"url\":\"/uploads/thumbnail_266f9922_ec59_41e3_9b36_85c5fab5c1ec_b00de598ef.webp\"},\"large\":{\"name\":\"large_266f9922-ec59-41e3-9b36-85c5fab5c1ec.webp\",\"hash\":\"large_266f9922_ec59_41e3_9b36_85c5fab5c1ec_b00de598ef\",\"ext\":\".webp\",\"mime\":\"image/webp\",\"path\":null,\"width\":800,\"height\":1000,\"size\":35.85,\"url\":\"/uploads/large_266f9922_ec59_41e3_9b36_85c5fab5c1ec_b00de598ef.webp\"},\"medium\":{\"name\":\"medium_266f9922-ec59-41e3-9b36-85c5fab5c1ec.webp\",\"hash\":\"medium_266f9922_ec59_41e3_9b36_85c5fab5c1ec_b00de598ef\",\"ext\":\".webp\",\"mime\":\"image/webp\",\"path\":null,\"width\":600,\"height\":750,\"size\":24.62,\"url\":\"/uploads/medium_266f9922_ec59_41e3_9b36_85c5fab5c1ec_b00de598ef.webp\"},\"small\":{\"name\":\"small_266f9922-ec59-41e3-9b36-85c5fab5c1ec.webp\",\"hash\":\"small_266f9922_ec59_41e3_9b36_85c5fab5c1ec_b00de598ef\",\"ext\":\".webp\",\"mime\":\"image/webp\",\"path\":null,\"width\":400,\"height\":500,\"size\":13.53,\"url\":\"/uploads/small_266f9922_ec59_41e3_9b36_85c5fab5c1ec_b00de598ef.webp\"}},\"hash\":\"266f9922_ec59_41e3_9b36_85c5fab5c1ec_b00de598ef\",\"ext\":\".webp\",\"mime\":\"image/webp\",\"size\":49.94,\"url\":\"/uploads/266f9922_ec59_41e3_9b36_85c5fab5c1ec_b00de598ef.webp\",\"previewUrl\":null,\"provider\":\"local\",\"provider_metadata\":null,\"createdAt\":\"2023-04-10T15:32:18.665Z\",\"updatedAt\":\"2023-04-10T15:32:18.665Z\"}},{\"id\":4,\"attributes\":{\"name\":\"ca113e5f-2165-476a-8dcf-ce7a0d85356c.webp\",\"alternativeText\":null,\"caption\":null,\"width\":864,\"height\":1080,\"formats\":{\"thumbnail\":{\"name\":\"thumbnail_ca113e5f-2165-476a-8dcf-ce7a0d85356c.webp\",\"hash\":\"thumbnail_ca113e5f_2165_476a_8dcf_ce7a0d85356c_207abacbe0\",\"ext\":\".webp\",\"mime\":\"image/webp\",\"path\":null,\"width\":125,\"height\":156,\"size\":1.4,\"url\":\"/uploads/thumbnail_ca113e5f_2165_476a_8dcf_ce7a0d85356c_207abacbe0.webp\"},\"large\":{\"name\":\"large_ca113e5f-2165-476a-8dcf-ce7a0d85356c.webp\",\"hash\":\"large_ca113e5f_2165_476a_8dcf_ce7a0d85356c_207abacbe0\",\"ext\":\".webp\",\"mime\":\"image/webp\",\"path\":null,\"width\":800,\"height\":1000,\"size\":23.45,\"url\":\"/uploads/large_ca113e5f_2165_476a_8dcf_ce7a0d85356c_207abacbe0.webp\"},\"medium\":{\"name\":\"medium_ca113e5f-2165-476a-8dcf-ce7a0d85356c.webp\",\"hash\":\"medium_ca113e5f_2165_476a_8dcf_ce7a0d85356c_207abacbe0\",\"ext\":\".webp\",\"mime\":\"image/webp\",\"path\":null,\"width\":600,\"height\":750,\"size\":15.26,\"url\":\"/uploads/medium_ca113e5f_2165_476a_8dcf_ce7a0d85356c_207abacbe0.webp\"},\"small\":{\"name\":\"small_ca113e5f-2165-476a-8dcf-ce7a0d85356c.webp\",\"hash\":\"small_ca113e5f_2165_476a_8dcf_ce7a0d85356c_207abacbe0\",\"ext\":\".webp\",\"mime\":\"image/webp\",\"path\":null,\"width\":400,\"height\":500,\"size\":7.99,\"url\":\"/uploads/small_ca113e5f_2165_476a_8dcf_ce7a0d85356c_207abacbe0.webp\"}},\"hash\":\"ca113e5f_2165_476a_8dcf_ce7a0d85356c_207abacbe0\",\"ext\":\".webp\",\"mime\":\"image/webp\",\"size\":30.64,\"url\":\"/uploads/ca113e5f_2165_476a_8dcf_ce7a0d85356c_207abacbe0.webp\",\"previewUrl\":null,\"provider\":\"local\",\"provider_metadata\":null,\"createdAt\":\"2023-04-10T15:32:18.662Z\",\"updatedAt\":\"2023-04-10T15:32:18.662Z\"}},{\"id\":3,\"attributes\":{\"name\":\"0d6a88ca-7ff8-4ad9-991b-b2e2a33cf66e.webp\",\"alternativeText\":null,\"caption\":null,\"width\":864,\"height\":1080,\"formats\":{\"thumbnail\":{\"name\":\"thumbnail_0d6a88ca-7ff8-4ad9-991b-b2e2a33cf66e.webp\",\"hash\":\"thumbnail_0d6a88ca_7ff8_4ad9_991b_b2e2a33cf66e_e498b69fcc\",\"ext\":\".webp\",\"mime\":\"image/webp\",\"path\":null,\"width\":125,\"height\":156,\"size\":1.37,\"url\":\"/uploads/thumbnail_0d6a88ca_7ff8_4ad9_991b_b2e2a33cf66e_e498b69fcc.webp\"},\"large\":{\"name\":\"large_0d6a88ca-7ff8-4ad9-991b-b2e2a33cf66e.webp\",\"hash\":\"large_0d6a88ca_7ff8_4ad9_991b_b2e2a33cf66e_e498b69fcc\",\"ext\":\".webp\",\"mime\":\"image/webp\",\"path\":null,\"width\":800,\"height\":1000,\"size\":21.95,\"url\":\"/uploads/large_0d6a88ca_7ff8_4ad9_991b_b2e2a33cf66e_e498b69fcc.webp\"},\"medium\":{\"name\":\"medium_0d6a88ca-7ff8-4ad9-991b-b2e2a33cf66e.webp\",\"hash\":\"medium_0d6a88ca_7ff8_4ad9_991b_b2e2a33cf66e_e498b69fcc\",\"ext\":\".webp\",\"mime\":\"image/webp\",\"path\":null,\"width\":600,\"height\":750,\"size\":14.34,\"url\":\"/uploads/medium_0d6a88ca_7ff8_4ad9_991b_b2e2a33cf66e_e498b69fcc.webp\"},\"small\":{\"name\":\"small_0d6a88ca-7ff8-4ad9-991b-b2e2a33cf66e.webp\",\"hash\":\"small_0d6a88ca_7ff8_4ad9_991b_b2e2a33cf66e_e498b69fcc\",\"ext\":\".webp\",\"mime\":\"image/webp\",\"path\":null,\"width\":400,\"height\":500,\"size\":7.59,\"url\":\"/uploads/small_0d6a88ca_7ff8_4ad9_991b_b2e2a33cf66e_e498b69fcc.webp\"}},\"hash\":\"0d6a88ca_7ff8_4ad9_991b_b2e2a33cf66e_e498b69fcc\",\"ext\":\".webp\",\"mime\":\"image/webp\",\"size\":30.06,\"url\":\"/uploads/0d6a88ca_7ff8_4ad9_991b_b2e2a33cf66e_e498b69fcc.webp\",\"previewUrl\":null,\"provider\":\"local\",\"provider_metadata\":null,\"createdAt\":\"2023-04-10T15:32:18.644Z\",\"updatedAt\":\"2023-04-10T15:32:18.644Z\"}},{\"id\":2,\"attributes\":{\"name\":\"672537b9-5384-49e0-8128-5dedd538c208.webp\",\"alternativeText\":null,\"caption\":null,\"width\":864,\"height\":1080,\"formats\":{\"thumbnail\":{\"name\":\"thumbnail_672537b9-5384-49e0-8128-5dedd538c208.webp\",\"hash\":\"thumbnail_672537b9_5384_49e0_8128_5dedd538c208_37238b6728\",\"ext\":\".webp\",\"mime\":\"image/webp\",\"path\":null,\"width\":125,\"height\":156,\"size\":0.7,\"url\":\"/uploads/thumbnail_672537b9_5384_49e0_8128_5dedd538c208_37238b6728.webp\"},\"large\":{\"name\":\"large_672537b9-5384-49e0-8128-5dedd538c208.webp\",\"hash\":\"large_672537b9_5384_49e0_8128_5dedd538c208_37238b6728\",\"ext\":\".webp\",\"mime\":\"image/webp\",\"path\":null,\"width\":800,\"height\":1000,\"size\":8.11,\"url\":\"/uploads/large_672537b9_5384_49e0_8128_5dedd538c208_37238b6728.webp\"},\"small\":{\"name\":\"small_672537b9-5384-49e0-8128-5dedd538c208.webp\",\"hash\":\"small_672537b9_5384_49e0_8128_5dedd538c208_37238b6728\",\"ext\":\".webp\",\"mime\":\"image/webp\",\"path\":null,\"width\":400,\"height\":500,\"size\":3.18,\"url\":\"/uploads/small_672537b9_5384_49e0_8128_5dedd538c208_37238b6728.webp\"},\"medium\":{\"name\":\"medium_672537b9-5384-49e0-8128-5dedd538c208.webp\",\"hash\":\"medium_672537b9_5384_49e0_8128_5dedd538c208_37238b6728\",\"ext\":\".webp\",\"mime\":\"image/webp\",\"path\":null,\"width\":600,\"height\":750,\"size\":5.66,\"url\":\"/uploads/medium_672537b9_5384_49e0_8128_5dedd538c208_37238b6728.webp\"}},\"hash\":\"672537b9_5384_49e0_8128_5dedd538c208_37238b6728\",\"ext\":\".webp\",\"mime\":\"image/webp\",\"size\":10.34,\"url\":\"/uploads/672537b9_5384_49e0_8128_5dedd538c208_37238b6728.webp\",\"previewUrl\":null,\"provider\":\"local\",\"provider_metadata\":null,\"createdAt\":\"2023-04-10T15:32:18.511Z\",\"updatedAt\":\"2023-04-10T15:32:18.511Z\"}}]},\"thumbnail\":{\"data\":{\"id\":1,\"attributes\":{\"name\":\"thumbnail.webp\",\"alternativeText\":null,\"caption\":null,\"width\":592,\"height\":592,\"formats\":{\"thumbnail\":{\"name\":\"thumbnail_thumbnail.webp\",\"hash\":\"thumbnail_thumbnail_f2a4d6d988\",\"ext\":\".webp\",\"mime\":\"image/webp\",\"path\":null,\"width\":156,\"height\":156,\"size\":1.75,\"url\":\"/uploads/thumbnail_thumbnail_f2a4d6d988.webp\"},\"small\":{\"name\":\"small_thumbnail.webp\",\"hash\":\"small_thumbnail_f2a4d6d988\",\"ext\":\".webp\",\"mime\":\"image/webp\",\"path\":null,\"width\":500,\"height\":500,\"size\":9.92,\"url\":\"/uploads/small_thumbnail_f2a4d6d988.webp\"}},\"hash\":\"thumbnail_f2a4d6d988\",\"ext\":\".webp\",\"mime\":\"image/webp\",\"size\":15.38,\"url\":\"/uploads/thumbnail_f2a4d6d988.webp\",\"previewUrl\":null,\"provider\":\"local\",\"provider_metadata\":null,\"createdAt\":\"2023-04-10T15:32:18.419Z\",\"updatedAt\":\"2023-04-14T21:50:24.004Z\"}}},\"sizes\":[{\"id\":1,\"name\":\"41\",\"stock\":2},{\"id\":2,\"name\":\"42\",\"stock\":21}],\"cards\":{\"data\":[]}},\"size\":\"41\",\"count\":2}]', 'tesst', 'tste@gmail.com', '123412412', NULL, NULL),
(17, '2023-04-24 15:16:29.568000', '2023-04-25 00:20:11.769000', '2023-04-24 15:16:29.567000', NULL, NULL, '12295.00', 'test address', 'cash', 'new', '[{\"id\":1,\"attributes\":{\"name\":\"Air Jordan 1 Mid 124213\",\"subtitle\":\"Men\'s Shoes\",\"price\":12295,\"description\":\"\\\"Every time the AJ1 gets a remake, you get the classic sneaker in new colours and textures for an exciting, revamped look but with all the familiar comforts you know. Premium materials and accents give modern expression to an all-time favourite.\\n\\n- Colour Shown: White/Black/Ice Blue\\n- Style: DV1308-104\\\"\",\"original_price\":20000,\"slug\":\"air-jordan-1-mid-se\",\"createdAt\":\"2023-04-10T15:34:05.130Z\",\"updatedAt\":\"2023-04-20T08:42:18.220Z\",\"publishedAt\":\"2023-04-10T15:34:09.644Z\",\"image\":{\"data\":[{\"id\":5,\"attributes\":{\"name\":\"266f9922-ec59-41e3-9b36-85c5fab5c1ec.webp\",\"alternativeText\":null,\"caption\":null,\"width\":864,\"height\":1080,\"formats\":{\"thumbnail\":{\"name\":\"thumbnail_266f9922-ec59-41e3-9b36-85c5fab5c1ec.webp\",\"hash\":\"thumbnail_266f9922_ec59_41e3_9b36_85c5fab5c1ec_b00de598ef\",\"ext\":\".webp\",\"mime\":\"image/webp\",\"path\":null,\"width\":125,\"height\":156,\"size\":2.52,\"url\":\"/uploads/thumbnail_266f9922_ec59_41e3_9b36_85c5fab5c1ec_b00de598ef.webp\"},\"large\":{\"name\":\"large_266f9922-ec59-41e3-9b36-85c5fab5c1ec.webp\",\"hash\":\"large_266f9922_ec59_41e3_9b36_85c5fab5c1ec_b00de598ef\",\"ext\":\".webp\",\"mime\":\"image/webp\",\"path\":null,\"width\":800,\"height\":1000,\"size\":35.85,\"url\":\"/uploads/large_266f9922_ec59_41e3_9b36_85c5fab5c1ec_b00de598ef.webp\"},\"medium\":{\"name\":\"medium_266f9922-ec59-41e3-9b36-85c5fab5c1ec.webp\",\"hash\":\"medium_266f9922_ec59_41e3_9b36_85c5fab5c1ec_b00de598ef\",\"ext\":\".webp\",\"mime\":\"image/webp\",\"path\":null,\"width\":600,\"height\":750,\"size\":24.62,\"url\":\"/uploads/medium_266f9922_ec59_41e3_9b36_85c5fab5c1ec_b00de598ef.webp\"},\"small\":{\"name\":\"small_266f9922-ec59-41e3-9b36-85c5fab5c1ec.webp\",\"hash\":\"small_266f9922_ec59_41e3_9b36_85c5fab5c1ec_b00de598ef\",\"ext\":\".webp\",\"mime\":\"image/webp\",\"path\":null,\"width\":400,\"height\":500,\"size\":13.53,\"url\":\"/uploads/small_266f9922_ec59_41e3_9b36_85c5fab5c1ec_b00de598ef.webp\"}},\"hash\":\"266f9922_ec59_41e3_9b36_85c5fab5c1ec_b00de598ef\",\"ext\":\".webp\",\"mime\":\"image/webp\",\"size\":49.94,\"url\":\"/uploads/266f9922_ec59_41e3_9b36_85c5fab5c1ec_b00de598ef.webp\",\"previewUrl\":null,\"provider\":\"local\",\"provider_metadata\":null,\"createdAt\":\"2023-04-10T15:32:18.665Z\",\"updatedAt\":\"2023-04-10T15:32:18.665Z\"}},{\"id\":4,\"attributes\":{\"name\":\"ca113e5f-2165-476a-8dcf-ce7a0d85356c.webp\",\"alternativeText\":null,\"caption\":null,\"width\":864,\"height\":1080,\"formats\":{\"thumbnail\":{\"name\":\"thumbnail_ca113e5f-2165-476a-8dcf-ce7a0d85356c.webp\",\"hash\":\"thumbnail_ca113e5f_2165_476a_8dcf_ce7a0d85356c_207abacbe0\",\"ext\":\".webp\",\"mime\":\"image/webp\",\"path\":null,\"width\":125,\"height\":156,\"size\":1.4,\"url\":\"/uploads/thumbnail_ca113e5f_2165_476a_8dcf_ce7a0d85356c_207abacbe0.webp\"},\"large\":{\"name\":\"large_ca113e5f-2165-476a-8dcf-ce7a0d85356c.webp\",\"hash\":\"large_ca113e5f_2165_476a_8dcf_ce7a0d85356c_207abacbe0\",\"ext\":\".webp\",\"mime\":\"image/webp\",\"path\":null,\"width\":800,\"height\":1000,\"size\":23.45,\"url\":\"/uploads/large_ca113e5f_2165_476a_8dcf_ce7a0d85356c_207abacbe0.webp\"},\"medium\":{\"name\":\"medium_ca113e5f-2165-476a-8dcf-ce7a0d85356c.webp\",\"hash\":\"medium_ca113e5f_2165_476a_8dcf_ce7a0d85356c_207abacbe0\",\"ext\":\".webp\",\"mime\":\"image/webp\",\"path\":null,\"width\":600,\"height\":750,\"size\":15.26,\"url\":\"/uploads/medium_ca113e5f_2165_476a_8dcf_ce7a0d85356c_207abacbe0.webp\"},\"small\":{\"name\":\"small_ca113e5f-2165-476a-8dcf-ce7a0d85356c.webp\",\"hash\":\"small_ca113e5f_2165_476a_8dcf_ce7a0d85356c_207abacbe0\",\"ext\":\".webp\",\"mime\":\"image/webp\",\"path\":null,\"width\":400,\"height\":500,\"size\":7.99,\"url\":\"/uploads/small_ca113e5f_2165_476a_8dcf_ce7a0d85356c_207abacbe0.webp\"}},\"hash\":\"ca113e5f_2165_476a_8dcf_ce7a0d85356c_207abacbe0\",\"ext\":\".webp\",\"mime\":\"image/webp\",\"size\":30.64,\"url\":\"/uploads/ca113e5f_2165_476a_8dcf_ce7a0d85356c_207abacbe0.webp\",\"previewUrl\":null,\"provider\":\"local\",\"provider_metadata\":null,\"createdAt\":\"2023-04-10T15:32:18.662Z\",\"updatedAt\":\"2023-04-10T15:32:18.662Z\"}},{\"id\":3,\"attributes\":{\"name\":\"0d6a88ca-7ff8-4ad9-991b-b2e2a33cf66e.webp\",\"alternativeText\":null,\"caption\":null,\"width\":864,\"height\":1080,\"formats\":{\"thumbnail\":{\"name\":\"thumbnail_0d6a88ca-7ff8-4ad9-991b-b2e2a33cf66e.webp\",\"hash\":\"thumbnail_0d6a88ca_7ff8_4ad9_991b_b2e2a33cf66e_e498b69fcc\",\"ext\":\".webp\",\"mime\":\"image/webp\",\"path\":null,\"width\":125,\"height\":156,\"size\":1.37,\"url\":\"/uploads/thumbnail_0d6a88ca_7ff8_4ad9_991b_b2e2a33cf66e_e498b69fcc.webp\"},\"large\":{\"name\":\"large_0d6a88ca-7ff8-4ad9-991b-b2e2a33cf66e.webp\",\"hash\":\"large_0d6a88ca_7ff8_4ad9_991b_b2e2a33cf66e_e498b69fcc\",\"ext\":\".webp\",\"mime\":\"image/webp\",\"path\":null,\"width\":800,\"height\":1000,\"size\":21.95,\"url\":\"/uploads/large_0d6a88ca_7ff8_4ad9_991b_b2e2a33cf66e_e498b69fcc.webp\"},\"medium\":{\"name\":\"medium_0d6a88ca-7ff8-4ad9-991b-b2e2a33cf66e.webp\",\"hash\":\"medium_0d6a88ca_7ff8_4ad9_991b_b2e2a33cf66e_e498b69fcc\",\"ext\":\".webp\",\"mime\":\"image/webp\",\"path\":null,\"width\":600,\"height\":750,\"size\":14.34,\"url\":\"/uploads/medium_0d6a88ca_7ff8_4ad9_991b_b2e2a33cf66e_e498b69fcc.webp\"},\"small\":{\"name\":\"small_0d6a88ca-7ff8-4ad9-991b-b2e2a33cf66e.webp\",\"hash\":\"small_0d6a88ca_7ff8_4ad9_991b_b2e2a33cf66e_e498b69fcc\",\"ext\":\".webp\",\"mime\":\"image/webp\",\"path\":null,\"width\":400,\"height\":500,\"size\":7.59,\"url\":\"/uploads/small_0d6a88ca_7ff8_4ad9_991b_b2e2a33cf66e_e498b69fcc.webp\"}},\"hash\":\"0d6a88ca_7ff8_4ad9_991b_b2e2a33cf66e_e498b69fcc\",\"ext\":\".webp\",\"mime\":\"image/webp\",\"size\":30.06,\"url\":\"/uploads/0d6a88ca_7ff8_4ad9_991b_b2e2a33cf66e_e498b69fcc.webp\",\"previewUrl\":null,\"provider\":\"local\",\"provider_metadata\":null,\"createdAt\":\"2023-04-10T15:32:18.644Z\",\"updatedAt\":\"2023-04-10T15:32:18.644Z\"}},{\"id\":2,\"attributes\":{\"name\":\"672537b9-5384-49e0-8128-5dedd538c208.webp\",\"alternativeText\":null,\"caption\":null,\"width\":864,\"height\":1080,\"formats\":{\"thumbnail\":{\"name\":\"thumbnail_672537b9-5384-49e0-8128-5dedd538c208.webp\",\"hash\":\"thumbnail_672537b9_5384_49e0_8128_5dedd538c208_37238b6728\",\"ext\":\".webp\",\"mime\":\"image/webp\",\"path\":null,\"width\":125,\"height\":156,\"size\":0.7,\"url\":\"/uploads/thumbnail_672537b9_5384_49e0_8128_5dedd538c208_37238b6728.webp\"},\"large\":{\"name\":\"large_672537b9-5384-49e0-8128-5dedd538c208.webp\",\"hash\":\"large_672537b9_5384_49e0_8128_5dedd538c208_37238b6728\",\"ext\":\".webp\",\"mime\":\"image/webp\",\"path\":null,\"width\":800,\"height\":1000,\"size\":8.11,\"url\":\"/uploads/large_672537b9_5384_49e0_8128_5dedd538c208_37238b6728.webp\"},\"small\":{\"name\":\"small_672537b9-5384-49e0-8128-5dedd538c208.webp\",\"hash\":\"small_672537b9_5384_49e0_8128_5dedd538c208_37238b6728\",\"ext\":\".webp\",\"mime\":\"image/webp\",\"path\":null,\"width\":400,\"height\":500,\"size\":3.18,\"url\":\"/uploads/small_672537b9_5384_49e0_8128_5dedd538c208_37238b6728.webp\"},\"medium\":{\"name\":\"medium_672537b9-5384-49e0-8128-5dedd538c208.webp\",\"hash\":\"medium_672537b9_5384_49e0_8128_5dedd538c208_37238b6728\",\"ext\":\".webp\",\"mime\":\"image/webp\",\"path\":null,\"width\":600,\"height\":750,\"size\":5.66,\"url\":\"/uploads/medium_672537b9_5384_49e0_8128_5dedd538c208_37238b6728.webp\"}},\"hash\":\"672537b9_5384_49e0_8128_5dedd538c208_37238b6728\",\"ext\":\".webp\",\"mime\":\"image/webp\",\"size\":10.34,\"url\":\"/uploads/672537b9_5384_49e0_8128_5dedd538c208_37238b6728.webp\",\"previewUrl\":null,\"provider\":\"local\",\"provider_metadata\":null,\"createdAt\":\"2023-04-10T15:32:18.511Z\",\"updatedAt\":\"2023-04-10T15:32:18.511Z\"}}]},\"thumbnail\":{\"data\":{\"id\":1,\"attributes\":{\"name\":\"thumbnail.webp\",\"alternativeText\":null,\"caption\":null,\"width\":592,\"height\":592,\"formats\":{\"thumbnail\":{\"name\":\"thumbnail_thumbnail.webp\",\"hash\":\"thumbnail_thumbnail_f2a4d6d988\",\"ext\":\".webp\",\"mime\":\"image/webp\",\"path\":null,\"width\":156,\"height\":156,\"size\":1.75,\"url\":\"/uploads/thumbnail_thumbnail_f2a4d6d988.webp\"},\"small\":{\"name\":\"small_thumbnail.webp\",\"hash\":\"small_thumbnail_f2a4d6d988\",\"ext\":\".webp\",\"mime\":\"image/webp\",\"path\":null,\"width\":500,\"height\":500,\"size\":9.92,\"url\":\"/uploads/small_thumbnail_f2a4d6d988.webp\"}},\"hash\":\"thumbnail_f2a4d6d988\",\"ext\":\".webp\",\"mime\":\"image/webp\",\"size\":15.38,\"url\":\"/uploads/thumbnail_f2a4d6d988.webp\",\"previewUrl\":null,\"provider\":\"local\",\"provider_metadata\":null,\"createdAt\":\"2023-04-10T15:32:18.419Z\",\"updatedAt\":\"2023-04-14T21:50:24.004Z\"}}},\"sizes\":[{\"id\":1,\"name\":\"41\",\"stock\":2},{\"id\":2,\"name\":\"42\",\"stock\":21}],\"cards\":{\"data\":[]}},\"size\":\"41\",\"count\":1}]', 'tesst', 'tste@gmail.com', '123412412', NULL, NULL),
(18, '2023-04-24 15:18:02.257000', '2023-04-25 00:20:13.478000', '2023-04-24 15:18:02.254000', NULL, NULL, '12295.00', 'test address', 'cash', 'new', '[{\"id\":1,\"attributes\":{\"name\":\"Air Jordan 1 Mid 124213\",\"subtitle\":\"Men\'s Shoes\",\"price\":12295,\"description\":\"\\\"Every time the AJ1 gets a remake, you get the classic sneaker in new colours and textures for an exciting, revamped look but with all the familiar comforts you know. Premium materials and accents give modern expression to an all-time favourite.\\n\\n- Colour Shown: White/Black/Ice Blue\\n- Style: DV1308-104\\\"\",\"original_price\":20000,\"slug\":\"air-jordan-1-mid-se\",\"createdAt\":\"2023-04-10T15:34:05.130Z\",\"updatedAt\":\"2023-04-20T08:42:18.220Z\",\"publishedAt\":\"2023-04-10T15:34:09.644Z\",\"image\":{\"data\":[{\"id\":5,\"attributes\":{\"name\":\"266f9922-ec59-41e3-9b36-85c5fab5c1ec.webp\",\"alternativeText\":null,\"caption\":null,\"width\":864,\"height\":1080,\"formats\":{\"thumbnail\":{\"name\":\"thumbnail_266f9922-ec59-41e3-9b36-85c5fab5c1ec.webp\",\"hash\":\"thumbnail_266f9922_ec59_41e3_9b36_85c5fab5c1ec_b00de598ef\",\"ext\":\".webp\",\"mime\":\"image/webp\",\"path\":null,\"width\":125,\"height\":156,\"size\":2.52,\"url\":\"/uploads/thumbnail_266f9922_ec59_41e3_9b36_85c5fab5c1ec_b00de598ef.webp\"},\"large\":{\"name\":\"large_266f9922-ec59-41e3-9b36-85c5fab5c1ec.webp\",\"hash\":\"large_266f9922_ec59_41e3_9b36_85c5fab5c1ec_b00de598ef\",\"ext\":\".webp\",\"mime\":\"image/webp\",\"path\":null,\"width\":800,\"height\":1000,\"size\":35.85,\"url\":\"/uploads/large_266f9922_ec59_41e3_9b36_85c5fab5c1ec_b00de598ef.webp\"},\"medium\":{\"name\":\"medium_266f9922-ec59-41e3-9b36-85c5fab5c1ec.webp\",\"hash\":\"medium_266f9922_ec59_41e3_9b36_85c5fab5c1ec_b00de598ef\",\"ext\":\".webp\",\"mime\":\"image/webp\",\"path\":null,\"width\":600,\"height\":750,\"size\":24.62,\"url\":\"/uploads/medium_266f9922_ec59_41e3_9b36_85c5fab5c1ec_b00de598ef.webp\"},\"small\":{\"name\":\"small_266f9922-ec59-41e3-9b36-85c5fab5c1ec.webp\",\"hash\":\"small_266f9922_ec59_41e3_9b36_85c5fab5c1ec_b00de598ef\",\"ext\":\".webp\",\"mime\":\"image/webp\",\"path\":null,\"width\":400,\"height\":500,\"size\":13.53,\"url\":\"/uploads/small_266f9922_ec59_41e3_9b36_85c5fab5c1ec_b00de598ef.webp\"}},\"hash\":\"266f9922_ec59_41e3_9b36_85c5fab5c1ec_b00de598ef\",\"ext\":\".webp\",\"mime\":\"image/webp\",\"size\":49.94,\"url\":\"/uploads/266f9922_ec59_41e3_9b36_85c5fab5c1ec_b00de598ef.webp\",\"previewUrl\":null,\"provider\":\"local\",\"provider_metadata\":null,\"createdAt\":\"2023-04-10T15:32:18.665Z\",\"updatedAt\":\"2023-04-10T15:32:18.665Z\"}},{\"id\":4,\"attributes\":{\"name\":\"ca113e5f-2165-476a-8dcf-ce7a0d85356c.webp\",\"alternativeText\":null,\"caption\":null,\"width\":864,\"height\":1080,\"formats\":{\"thumbnail\":{\"name\":\"thumbnail_ca113e5f-2165-476a-8dcf-ce7a0d85356c.webp\",\"hash\":\"thumbnail_ca113e5f_2165_476a_8dcf_ce7a0d85356c_207abacbe0\",\"ext\":\".webp\",\"mime\":\"image/webp\",\"path\":null,\"width\":125,\"height\":156,\"size\":1.4,\"url\":\"/uploads/thumbnail_ca113e5f_2165_476a_8dcf_ce7a0d85356c_207abacbe0.webp\"},\"large\":{\"name\":\"large_ca113e5f-2165-476a-8dcf-ce7a0d85356c.webp\",\"hash\":\"large_ca113e5f_2165_476a_8dcf_ce7a0d85356c_207abacbe0\",\"ext\":\".webp\",\"mime\":\"image/webp\",\"path\":null,\"width\":800,\"height\":1000,\"size\":23.45,\"url\":\"/uploads/large_ca113e5f_2165_476a_8dcf_ce7a0d85356c_207abacbe0.webp\"},\"medium\":{\"name\":\"medium_ca113e5f-2165-476a-8dcf-ce7a0d85356c.webp\",\"hash\":\"medium_ca113e5f_2165_476a_8dcf_ce7a0d85356c_207abacbe0\",\"ext\":\".webp\",\"mime\":\"image/webp\",\"path\":null,\"width\":600,\"height\":750,\"size\":15.26,\"url\":\"/uploads/medium_ca113e5f_2165_476a_8dcf_ce7a0d85356c_207abacbe0.webp\"},\"small\":{\"name\":\"small_ca113e5f-2165-476a-8dcf-ce7a0d85356c.webp\",\"hash\":\"small_ca113e5f_2165_476a_8dcf_ce7a0d85356c_207abacbe0\",\"ext\":\".webp\",\"mime\":\"image/webp\",\"path\":null,\"width\":400,\"height\":500,\"size\":7.99,\"url\":\"/uploads/small_ca113e5f_2165_476a_8dcf_ce7a0d85356c_207abacbe0.webp\"}},\"hash\":\"ca113e5f_2165_476a_8dcf_ce7a0d85356c_207abacbe0\",\"ext\":\".webp\",\"mime\":\"image/webp\",\"size\":30.64,\"url\":\"/uploads/ca113e5f_2165_476a_8dcf_ce7a0d85356c_207abacbe0.webp\",\"previewUrl\":null,\"provider\":\"local\",\"provider_metadata\":null,\"createdAt\":\"2023-04-10T15:32:18.662Z\",\"updatedAt\":\"2023-04-10T15:32:18.662Z\"}},{\"id\":3,\"attributes\":{\"name\":\"0d6a88ca-7ff8-4ad9-991b-b2e2a33cf66e.webp\",\"alternativeText\":null,\"caption\":null,\"width\":864,\"height\":1080,\"formats\":{\"thumbnail\":{\"name\":\"thumbnail_0d6a88ca-7ff8-4ad9-991b-b2e2a33cf66e.webp\",\"hash\":\"thumbnail_0d6a88ca_7ff8_4ad9_991b_b2e2a33cf66e_e498b69fcc\",\"ext\":\".webp\",\"mime\":\"image/webp\",\"path\":null,\"width\":125,\"height\":156,\"size\":1.37,\"url\":\"/uploads/thumbnail_0d6a88ca_7ff8_4ad9_991b_b2e2a33cf66e_e498b69fcc.webp\"},\"large\":{\"name\":\"large_0d6a88ca-7ff8-4ad9-991b-b2e2a33cf66e.webp\",\"hash\":\"large_0d6a88ca_7ff8_4ad9_991b_b2e2a33cf66e_e498b69fcc\",\"ext\":\".webp\",\"mime\":\"image/webp\",\"path\":null,\"width\":800,\"height\":1000,\"size\":21.95,\"url\":\"/uploads/large_0d6a88ca_7ff8_4ad9_991b_b2e2a33cf66e_e498b69fcc.webp\"},\"medium\":{\"name\":\"medium_0d6a88ca-7ff8-4ad9-991b-b2e2a33cf66e.webp\",\"hash\":\"medium_0d6a88ca_7ff8_4ad9_991b_b2e2a33cf66e_e498b69fcc\",\"ext\":\".webp\",\"mime\":\"image/webp\",\"path\":null,\"width\":600,\"height\":750,\"size\":14.34,\"url\":\"/uploads/medium_0d6a88ca_7ff8_4ad9_991b_b2e2a33cf66e_e498b69fcc.webp\"},\"small\":{\"name\":\"small_0d6a88ca-7ff8-4ad9-991b-b2e2a33cf66e.webp\",\"hash\":\"small_0d6a88ca_7ff8_4ad9_991b_b2e2a33cf66e_e498b69fcc\",\"ext\":\".webp\",\"mime\":\"image/webp\",\"path\":null,\"width\":400,\"height\":500,\"size\":7.59,\"url\":\"/uploads/small_0d6a88ca_7ff8_4ad9_991b_b2e2a33cf66e_e498b69fcc.webp\"}},\"hash\":\"0d6a88ca_7ff8_4ad9_991b_b2e2a33cf66e_e498b69fcc\",\"ext\":\".webp\",\"mime\":\"image/webp\",\"size\":30.06,\"url\":\"/uploads/0d6a88ca_7ff8_4ad9_991b_b2e2a33cf66e_e498b69fcc.webp\",\"previewUrl\":null,\"provider\":\"local\",\"provider_metadata\":null,\"createdAt\":\"2023-04-10T15:32:18.644Z\",\"updatedAt\":\"2023-04-10T15:32:18.644Z\"}},{\"id\":2,\"attributes\":{\"name\":\"672537b9-5384-49e0-8128-5dedd538c208.webp\",\"alternativeText\":null,\"caption\":null,\"width\":864,\"height\":1080,\"formats\":{\"thumbnail\":{\"name\":\"thumbnail_672537b9-5384-49e0-8128-5dedd538c208.webp\",\"hash\":\"thumbnail_672537b9_5384_49e0_8128_5dedd538c208_37238b6728\",\"ext\":\".webp\",\"mime\":\"image/webp\",\"path\":null,\"width\":125,\"height\":156,\"size\":0.7,\"url\":\"/uploads/thumbnail_672537b9_5384_49e0_8128_5dedd538c208_37238b6728.webp\"},\"large\":{\"name\":\"large_672537b9-5384-49e0-8128-5dedd538c208.webp\",\"hash\":\"large_672537b9_5384_49e0_8128_5dedd538c208_37238b6728\",\"ext\":\".webp\",\"mime\":\"image/webp\",\"path\":null,\"width\":800,\"height\":1000,\"size\":8.11,\"url\":\"/uploads/large_672537b9_5384_49e0_8128_5dedd538c208_37238b6728.webp\"},\"small\":{\"name\":\"small_672537b9-5384-49e0-8128-5dedd538c208.webp\",\"hash\":\"small_672537b9_5384_49e0_8128_5dedd538c208_37238b6728\",\"ext\":\".webp\",\"mime\":\"image/webp\",\"path\":null,\"width\":400,\"height\":500,\"size\":3.18,\"url\":\"/uploads/small_672537b9_5384_49e0_8128_5dedd538c208_37238b6728.webp\"},\"medium\":{\"name\":\"medium_672537b9-5384-49e0-8128-5dedd538c208.webp\",\"hash\":\"medium_672537b9_5384_49e0_8128_5dedd538c208_37238b6728\",\"ext\":\".webp\",\"mime\":\"image/webp\",\"path\":null,\"width\":600,\"height\":750,\"size\":5.66,\"url\":\"/uploads/medium_672537b9_5384_49e0_8128_5dedd538c208_37238b6728.webp\"}},\"hash\":\"672537b9_5384_49e0_8128_5dedd538c208_37238b6728\",\"ext\":\".webp\",\"mime\":\"image/webp\",\"size\":10.34,\"url\":\"/uploads/672537b9_5384_49e0_8128_5dedd538c208_37238b6728.webp\",\"previewUrl\":null,\"provider\":\"local\",\"provider_metadata\":null,\"createdAt\":\"2023-04-10T15:32:18.511Z\",\"updatedAt\":\"2023-04-10T15:32:18.511Z\"}}]},\"thumbnail\":{\"data\":{\"id\":1,\"attributes\":{\"name\":\"thumbnail.webp\",\"alternativeText\":null,\"caption\":null,\"width\":592,\"height\":592,\"formats\":{\"thumbnail\":{\"name\":\"thumbnail_thumbnail.webp\",\"hash\":\"thumbnail_thumbnail_f2a4d6d988\",\"ext\":\".webp\",\"mime\":\"image/webp\",\"path\":null,\"width\":156,\"height\":156,\"size\":1.75,\"url\":\"/uploads/thumbnail_thumbnail_f2a4d6d988.webp\"},\"small\":{\"name\":\"small_thumbnail.webp\",\"hash\":\"small_thumbnail_f2a4d6d988\",\"ext\":\".webp\",\"mime\":\"image/webp\",\"path\":null,\"width\":500,\"height\":500,\"size\":9.92,\"url\":\"/uploads/small_thumbnail_f2a4d6d988.webp\"}},\"hash\":\"thumbnail_f2a4d6d988\",\"ext\":\".webp\",\"mime\":\"image/webp\",\"size\":15.38,\"url\":\"/uploads/thumbnail_f2a4d6d988.webp\",\"previewUrl\":null,\"provider\":\"local\",\"provider_metadata\":null,\"createdAt\":\"2023-04-10T15:32:18.419Z\",\"updatedAt\":\"2023-04-14T21:50:24.004Z\"}}},\"sizes\":[{\"id\":1,\"name\":\"41\",\"stock\":2},{\"id\":2,\"name\":\"42\",\"stock\":21}],\"cards\":{\"data\":[]}},\"size\":\"41\",\"count\":1}]', 'tesst', 'tste@gmail.com', '123412412', NULL, NULL),
(19, '2023-04-24 15:19:02.110000', '2023-05-03 01:34:34.942000', '2023-04-24 15:19:02.105000', NULL, 1, '12295.00', 'dia chi thu 2', 'cash', 'delivering', '[{\"id\":1,\"attributes\":{\"name\":\"Air Jordan 1 Mid 124213\",\"subtitle\":\"Men\'s Shoes\",\"price\":12295,\"description\":\"\\\"Every time the AJ1 gets a remake, you get the classic sneaker in new colours and textures for an exciting, revamped look but with all the familiar comforts you know. Premium materials and accents give modern expression to an all-time favourite.\\n\\n- Colour Shown: White/Black/Ice Blue\\n- Style: DV1308-104\\\"\",\"original_price\":20000,\"slug\":\"air-jordan-1-mid-se\",\"createdAt\":\"2023-04-10T15:34:05.130Z\",\"updatedAt\":\"2023-04-20T08:42:18.220Z\",\"publishedAt\":\"2023-04-10T15:34:09.644Z\",\"image\":{\"data\":[{\"id\":5,\"attributes\":{\"name\":\"266f9922-ec59-41e3-9b36-85c5fab5c1ec.webp\",\"alternativeText\":null,\"caption\":null,\"width\":864,\"height\":1080,\"formats\":{\"thumbnail\":{\"name\":\"thumbnail_266f9922-ec59-41e3-9b36-85c5fab5c1ec.webp\",\"hash\":\"thumbnail_266f9922_ec59_41e3_9b36_85c5fab5c1ec_b00de598ef\",\"ext\":\".webp\",\"mime\":\"image/webp\",\"path\":null,\"width\":125,\"height\":156,\"size\":2.52,\"url\":\"/uploads/thumbnail_266f9922_ec59_41e3_9b36_85c5fab5c1ec_b00de598ef.webp\"},\"large\":{\"name\":\"large_266f9922-ec59-41e3-9b36-85c5fab5c1ec.webp\",\"hash\":\"large_266f9922_ec59_41e3_9b36_85c5fab5c1ec_b00de598ef\",\"ext\":\".webp\",\"mime\":\"image/webp\",\"path\":null,\"width\":800,\"height\":1000,\"size\":35.85,\"url\":\"/uploads/large_266f9922_ec59_41e3_9b36_85c5fab5c1ec_b00de598ef.webp\"},\"medium\":{\"name\":\"medium_266f9922-ec59-41e3-9b36-85c5fab5c1ec.webp\",\"hash\":\"medium_266f9922_ec59_41e3_9b36_85c5fab5c1ec_b00de598ef\",\"ext\":\".webp\",\"mime\":\"image/webp\",\"path\":null,\"width\":600,\"height\":750,\"size\":24.62,\"url\":\"/uploads/medium_266f9922_ec59_41e3_9b36_85c5fab5c1ec_b00de598ef.webp\"},\"small\":{\"name\":\"small_266f9922-ec59-41e3-9b36-85c5fab5c1ec.webp\",\"hash\":\"small_266f9922_ec59_41e3_9b36_85c5fab5c1ec_b00de598ef\",\"ext\":\".webp\",\"mime\":\"image/webp\",\"path\":null,\"width\":400,\"height\":500,\"size\":13.53,\"url\":\"/uploads/small_266f9922_ec59_41e3_9b36_85c5fab5c1ec_b00de598ef.webp\"}},\"hash\":\"266f9922_ec59_41e3_9b36_85c5fab5c1ec_b00de598ef\",\"ext\":\".webp\",\"mime\":\"image/webp\",\"size\":49.94,\"url\":\"/uploads/266f9922_ec59_41e3_9b36_85c5fab5c1ec_b00de598ef.webp\",\"previewUrl\":null,\"provider\":\"local\",\"provider_metadata\":null,\"createdAt\":\"2023-04-10T15:32:18.665Z\",\"updatedAt\":\"2023-04-10T15:32:18.665Z\"}},{\"id\":4,\"attributes\":{\"name\":\"ca113e5f-2165-476a-8dcf-ce7a0d85356c.webp\",\"alternativeText\":null,\"caption\":null,\"width\":864,\"height\":1080,\"formats\":{\"thumbnail\":{\"name\":\"thumbnail_ca113e5f-2165-476a-8dcf-ce7a0d85356c.webp\",\"hash\":\"thumbnail_ca113e5f_2165_476a_8dcf_ce7a0d85356c_207abacbe0\",\"ext\":\".webp\",\"mime\":\"image/webp\",\"path\":null,\"width\":125,\"height\":156,\"size\":1.4,\"url\":\"/uploads/thumbnail_ca113e5f_2165_476a_8dcf_ce7a0d85356c_207abacbe0.webp\"},\"large\":{\"name\":\"large_ca113e5f-2165-476a-8dcf-ce7a0d85356c.webp\",\"hash\":\"large_ca113e5f_2165_476a_8dcf_ce7a0d85356c_207abacbe0\",\"ext\":\".webp\",\"mime\":\"image/webp\",\"path\":null,\"width\":800,\"height\":1000,\"size\":23.45,\"url\":\"/uploads/large_ca113e5f_2165_476a_8dcf_ce7a0d85356c_207abacbe0.webp\"},\"medium\":{\"name\":\"medium_ca113e5f-2165-476a-8dcf-ce7a0d85356c.webp\",\"hash\":\"medium_ca113e5f_2165_476a_8dcf_ce7a0d85356c_207abacbe0\",\"ext\":\".webp\",\"mime\":\"image/webp\",\"path\":null,\"width\":600,\"height\":750,\"size\":15.26,\"url\":\"/uploads/medium_ca113e5f_2165_476a_8dcf_ce7a0d85356c_207abacbe0.webp\"},\"small\":{\"name\":\"small_ca113e5f-2165-476a-8dcf-ce7a0d85356c.webp\",\"hash\":\"small_ca113e5f_2165_476a_8dcf_ce7a0d85356c_207abacbe0\",\"ext\":\".webp\",\"mime\":\"image/webp\",\"path\":null,\"width\":400,\"height\":500,\"size\":7.99,\"url\":\"/uploads/small_ca113e5f_2165_476a_8dcf_ce7a0d85356c_207abacbe0.webp\"}},\"hash\":\"ca113e5f_2165_476a_8dcf_ce7a0d85356c_207abacbe0\",\"ext\":\".webp\",\"mime\":\"image/webp\",\"size\":30.64,\"url\":\"/uploads/ca113e5f_2165_476a_8dcf_ce7a0d85356c_207abacbe0.webp\",\"previewUrl\":null,\"provider\":\"local\",\"provider_metadata\":null,\"createdAt\":\"2023-04-10T15:32:18.662Z\",\"updatedAt\":\"2023-04-10T15:32:18.662Z\"}},{\"id\":3,\"attributes\":{\"name\":\"0d6a88ca-7ff8-4ad9-991b-b2e2a33cf66e.webp\",\"alternativeText\":null,\"caption\":null,\"width\":864,\"height\":1080,\"formats\":{\"thumbnail\":{\"name\":\"thumbnail_0d6a88ca-7ff8-4ad9-991b-b2e2a33cf66e.webp\",\"hash\":\"thumbnail_0d6a88ca_7ff8_4ad9_991b_b2e2a33cf66e_e498b69fcc\",\"ext\":\".webp\",\"mime\":\"image/webp\",\"path\":null,\"width\":125,\"height\":156,\"size\":1.37,\"url\":\"/uploads/thumbnail_0d6a88ca_7ff8_4ad9_991b_b2e2a33cf66e_e498b69fcc.webp\"},\"large\":{\"name\":\"large_0d6a88ca-7ff8-4ad9-991b-b2e2a33cf66e.webp\",\"hash\":\"large_0d6a88ca_7ff8_4ad9_991b_b2e2a33cf66e_e498b69fcc\",\"ext\":\".webp\",\"mime\":\"image/webp\",\"path\":null,\"width\":800,\"height\":1000,\"size\":21.95,\"url\":\"/uploads/large_0d6a88ca_7ff8_4ad9_991b_b2e2a33cf66e_e498b69fcc.webp\"},\"medium\":{\"name\":\"medium_0d6a88ca-7ff8-4ad9-991b-b2e2a33cf66e.webp\",\"hash\":\"medium_0d6a88ca_7ff8_4ad9_991b_b2e2a33cf66e_e498b69fcc\",\"ext\":\".webp\",\"mime\":\"image/webp\",\"path\":null,\"width\":600,\"height\":750,\"size\":14.34,\"url\":\"/uploads/medium_0d6a88ca_7ff8_4ad9_991b_b2e2a33cf66e_e498b69fcc.webp\"},\"small\":{\"name\":\"small_0d6a88ca-7ff8-4ad9-991b-b2e2a33cf66e.webp\",\"hash\":\"small_0d6a88ca_7ff8_4ad9_991b_b2e2a33cf66e_e498b69fcc\",\"ext\":\".webp\",\"mime\":\"image/webp\",\"path\":null,\"width\":400,\"height\":500,\"size\":7.59,\"url\":\"/uploads/small_0d6a88ca_7ff8_4ad9_991b_b2e2a33cf66e_e498b69fcc.webp\"}},\"hash\":\"0d6a88ca_7ff8_4ad9_991b_b2e2a33cf66e_e498b69fcc\",\"ext\":\".webp\",\"mime\":\"image/webp\",\"size\":30.06,\"url\":\"/uploads/0d6a88ca_7ff8_4ad9_991b_b2e2a33cf66e_e498b69fcc.webp\",\"previewUrl\":null,\"provider\":\"local\",\"provider_metadata\":null,\"createdAt\":\"2023-04-10T15:32:18.644Z\",\"updatedAt\":\"2023-04-10T15:32:18.644Z\"}},{\"id\":2,\"attributes\":{\"name\":\"672537b9-5384-49e0-8128-5dedd538c208.webp\",\"alternativeText\":null,\"caption\":null,\"width\":864,\"height\":1080,\"formats\":{\"thumbnail\":{\"name\":\"thumbnail_672537b9-5384-49e0-8128-5dedd538c208.webp\",\"hash\":\"thumbnail_672537b9_5384_49e0_8128_5dedd538c208_37238b6728\",\"ext\":\".webp\",\"mime\":\"image/webp\",\"path\":null,\"width\":125,\"height\":156,\"size\":0.7,\"url\":\"/uploads/thumbnail_672537b9_5384_49e0_8128_5dedd538c208_37238b6728.webp\"},\"large\":{\"name\":\"large_672537b9-5384-49e0-8128-5dedd538c208.webp\",\"hash\":\"large_672537b9_5384_49e0_8128_5dedd538c208_37238b6728\",\"ext\":\".webp\",\"mime\":\"image/webp\",\"path\":null,\"width\":800,\"height\":1000,\"size\":8.11,\"url\":\"/uploads/large_672537b9_5384_49e0_8128_5dedd538c208_37238b6728.webp\"},\"small\":{\"name\":\"small_672537b9-5384-49e0-8128-5dedd538c208.webp\",\"hash\":\"small_672537b9_5384_49e0_8128_5dedd538c208_37238b6728\",\"ext\":\".webp\",\"mime\":\"image/webp\",\"path\":null,\"width\":400,\"height\":500,\"size\":3.18,\"url\":\"/uploads/small_672537b9_5384_49e0_8128_5dedd538c208_37238b6728.webp\"},\"medium\":{\"name\":\"medium_672537b9-5384-49e0-8128-5dedd538c208.webp\",\"hash\":\"medium_672537b9_5384_49e0_8128_5dedd538c208_37238b6728\",\"ext\":\".webp\",\"mime\":\"image/webp\",\"path\":null,\"width\":600,\"height\":750,\"size\":5.66,\"url\":\"/uploads/medium_672537b9_5384_49e0_8128_5dedd538c208_37238b6728.webp\"}},\"hash\":\"672537b9_5384_49e0_8128_5dedd538c208_37238b6728\",\"ext\":\".webp\",\"mime\":\"image/webp\",\"size\":10.34,\"url\":\"/uploads/672537b9_5384_49e0_8128_5dedd538c208_37238b6728.webp\",\"previewUrl\":null,\"provider\":\"local\",\"provider_metadata\":null,\"createdAt\":\"2023-04-10T15:32:18.511Z\",\"updatedAt\":\"2023-04-10T15:32:18.511Z\"}}]},\"thumbnail\":{\"data\":{\"id\":1,\"attributes\":{\"name\":\"thumbnail.webp\",\"alternativeText\":null,\"caption\":null,\"width\":592,\"height\":592,\"formats\":{\"thumbnail\":{\"name\":\"thumbnail_thumbnail.webp\",\"hash\":\"thumbnail_thumbnail_f2a4d6d988\",\"ext\":\".webp\",\"mime\":\"image/webp\",\"path\":null,\"width\":156,\"height\":156,\"size\":1.75,\"url\":\"/uploads/thumbnail_thumbnail_f2a4d6d988.webp\"},\"small\":{\"name\":\"small_thumbnail.webp\",\"hash\":\"small_thumbnail_f2a4d6d988\",\"ext\":\".webp\",\"mime\":\"image/webp\",\"path\":null,\"width\":500,\"height\":500,\"size\":9.92,\"url\":\"/uploads/small_thumbnail_f2a4d6d988.webp\"}},\"hash\":\"thumbnail_f2a4d6d988\",\"ext\":\".webp\",\"mime\":\"image/webp\",\"size\":15.38,\"url\":\"/uploads/thumbnail_f2a4d6d988.webp\",\"previewUrl\":null,\"provider\":\"local\",\"provider_metadata\":null,\"createdAt\":\"2023-04-10T15:32:18.419Z\",\"updatedAt\":\"2023-04-14T21:50:24.004Z\"}}},\"sizes\":[{\"id\":1,\"name\":\"41\",\"stock\":2},{\"id\":2,\"name\":\"42\",\"stock\":21}],\"cards\":{\"data\":[]}},\"size\":\"41\",\"count\":1}]', 'Nguyn B Tun', 'nbtuan59k3cntt.dhv@gmail.com', '+10854041709', NULL, '1'),
(20, '2023-04-27 23:25:12.093000', '2023-04-27 23:25:12.093000', '2023-04-27 23:25:12.088000', NULL, NULL, '49180.00', 'fasdfasdfasdf', 'cash', 'new', '[{\"id\":1,\"attributes\":{\"name\":\"Air Jordan 1 Mid 124213\",\"subtitle\":\"Men\'s Shoes\",\"price\":24590,\"description\":\"\\\"Every time the AJ1 gets a remake, you get the classic sneaker in new colours and textures for an exciting, revamped look but with all the familiar comforts you know. Premium materials and accents give modern expression to an all-time favourite.\\n\\n- Colour Shown: White/Black/Ice Blue\\n- Style: DV1308-104\\\"\",\"original_price\":20000,\"slug\":\"air-jordan-1-mid-se\",\"createdAt\":\"2023-04-10T15:34:05.130Z\",\"updatedAt\":\"2023-04-20T08:42:18.220Z\",\"publishedAt\":\"2023-04-10T15:34:09.644Z\",\"image\":{\"data\":[{\"id\":5,\"attributes\":{\"name\":\"266f9922-ec59-41e3-9b36-85c5fab5c1ec.webp\",\"alternativeText\":null,\"caption\":null,\"width\":864,\"height\":1080,\"formats\":{\"thumbnail\":{\"name\":\"thumbnail_266f9922-ec59-41e3-9b36-85c5fab5c1ec.webp\",\"hash\":\"thumbnail_266f9922_ec59_41e3_9b36_85c5fab5c1ec_b00de598ef\",\"ext\":\".webp\",\"mime\":\"image/webp\",\"path\":null,\"width\":125,\"height\":156,\"size\":2.52,\"url\":\"/uploads/thumbnail_266f9922_ec59_41e3_9b36_85c5fab5c1ec_b00de598ef.webp\"},\"large\":{\"name\":\"large_266f9922-ec59-41e3-9b36-85c5fab5c1ec.webp\",\"hash\":\"large_266f9922_ec59_41e3_9b36_85c5fab5c1ec_b00de598ef\",\"ext\":\".webp\",\"mime\":\"image/webp\",\"path\":null,\"width\":800,\"height\":1000,\"size\":35.85,\"url\":\"/uploads/large_266f9922_ec59_41e3_9b36_85c5fab5c1ec_b00de598ef.webp\"},\"medium\":{\"name\":\"medium_266f9922-ec59-41e3-9b36-85c5fab5c1ec.webp\",\"hash\":\"medium_266f9922_ec59_41e3_9b36_85c5fab5c1ec_b00de598ef\",\"ext\":\".webp\",\"mime\":\"image/webp\",\"path\":null,\"width\":600,\"height\":750,\"size\":24.62,\"url\":\"/uploads/medium_266f9922_ec59_41e3_9b36_85c5fab5c1ec_b00de598ef.webp\"},\"small\":{\"name\":\"small_266f9922-ec59-41e3-9b36-85c5fab5c1ec.webp\",\"hash\":\"small_266f9922_ec59_41e3_9b36_85c5fab5c1ec_b00de598ef\",\"ext\":\".webp\",\"mime\":\"image/webp\",\"path\":null,\"width\":400,\"height\":500,\"size\":13.53,\"url\":\"/uploads/small_266f9922_ec59_41e3_9b36_85c5fab5c1ec_b00de598ef.webp\"}},\"hash\":\"266f9922_ec59_41e3_9b36_85c5fab5c1ec_b00de598ef\",\"ext\":\".webp\",\"mime\":\"image/webp\",\"size\":49.94,\"url\":\"/uploads/266f9922_ec59_41e3_9b36_85c5fab5c1ec_b00de598ef.webp\",\"previewUrl\":null,\"provider\":\"local\",\"provider_metadata\":null,\"createdAt\":\"2023-04-10T15:32:18.665Z\",\"updatedAt\":\"2023-04-10T15:32:18.665Z\"}},{\"id\":4,\"attributes\":{\"name\":\"ca113e5f-2165-476a-8dcf-ce7a0d85356c.webp\",\"alternativeText\":null,\"caption\":null,\"width\":864,\"height\":1080,\"formats\":{\"thumbnail\":{\"name\":\"thumbnail_ca113e5f-2165-476a-8dcf-ce7a0d85356c.webp\",\"hash\":\"thumbnail_ca113e5f_2165_476a_8dcf_ce7a0d85356c_207abacbe0\",\"ext\":\".webp\",\"mime\":\"image/webp\",\"path\":null,\"width\":125,\"height\":156,\"size\":1.4,\"url\":\"/uploads/thumbnail_ca113e5f_2165_476a_8dcf_ce7a0d85356c_207abacbe0.webp\"},\"large\":{\"name\":\"large_ca113e5f-2165-476a-8dcf-ce7a0d85356c.webp\",\"hash\":\"large_ca113e5f_2165_476a_8dcf_ce7a0d85356c_207abacbe0\",\"ext\":\".webp\",\"mime\":\"image/webp\",\"path\":null,\"width\":800,\"height\":1000,\"size\":23.45,\"url\":\"/uploads/large_ca113e5f_2165_476a_8dcf_ce7a0d85356c_207abacbe0.webp\"},\"medium\":{\"name\":\"medium_ca113e5f-2165-476a-8dcf-ce7a0d85356c.webp\",\"hash\":\"medium_ca113e5f_2165_476a_8dcf_ce7a0d85356c_207abacbe0\",\"ext\":\".webp\",\"mime\":\"image/webp\",\"path\":null,\"width\":600,\"height\":750,\"size\":15.26,\"url\":\"/uploads/medium_ca113e5f_2165_476a_8dcf_ce7a0d85356c_207abacbe0.webp\"},\"small\":{\"name\":\"small_ca113e5f-2165-476a-8dcf-ce7a0d85356c.webp\",\"hash\":\"small_ca113e5f_2165_476a_8dcf_ce7a0d85356c_207abacbe0\",\"ext\":\".webp\",\"mime\":\"image/webp\",\"path\":null,\"width\":400,\"height\":500,\"size\":7.99,\"url\":\"/uploads/small_ca113e5f_2165_476a_8dcf_ce7a0d85356c_207abacbe0.webp\"}},\"hash\":\"ca113e5f_2165_476a_8dcf_ce7a0d85356c_207abacbe0\",\"ext\":\".webp\",\"mime\":\"image/webp\",\"size\":30.64,\"url\":\"/uploads/ca113e5f_2165_476a_8dcf_ce7a0d85356c_207abacbe0.webp\",\"previewUrl\":null,\"provider\":\"local\",\"provider_metadata\":null,\"createdAt\":\"2023-04-10T15:32:18.662Z\",\"updatedAt\":\"2023-04-10T15:32:18.662Z\"}},{\"id\":3,\"attributes\":{\"name\":\"0d6a88ca-7ff8-4ad9-991b-b2e2a33cf66e.webp\",\"alternativeText\":null,\"caption\":null,\"width\":864,\"height\":1080,\"formats\":{\"thumbnail\":{\"name\":\"thumbnail_0d6a88ca-7ff8-4ad9-991b-b2e2a33cf66e.webp\",\"hash\":\"thumbnail_0d6a88ca_7ff8_4ad9_991b_b2e2a33cf66e_e498b69fcc\",\"ext\":\".webp\",\"mime\":\"image/webp\",\"path\":null,\"width\":125,\"height\":156,\"size\":1.37,\"url\":\"/uploads/thumbnail_0d6a88ca_7ff8_4ad9_991b_b2e2a33cf66e_e498b69fcc.webp\"},\"large\":{\"name\":\"large_0d6a88ca-7ff8-4ad9-991b-b2e2a33cf66e.webp\",\"hash\":\"large_0d6a88ca_7ff8_4ad9_991b_b2e2a33cf66e_e498b69fcc\",\"ext\":\".webp\",\"mime\":\"image/webp\",\"path\":null,\"width\":800,\"height\":1000,\"size\":21.95,\"url\":\"/uploads/large_0d6a88ca_7ff8_4ad9_991b_b2e2a33cf66e_e498b69fcc.webp\"},\"medium\":{\"name\":\"medium_0d6a88ca-7ff8-4ad9-991b-b2e2a33cf66e.webp\",\"hash\":\"medium_0d6a88ca_7ff8_4ad9_991b_b2e2a33cf66e_e498b69fcc\",\"ext\":\".webp\",\"mime\":\"image/webp\",\"path\":null,\"width\":600,\"height\":750,\"size\":14.34,\"url\":\"/uploads/medium_0d6a88ca_7ff8_4ad9_991b_b2e2a33cf66e_e498b69fcc.webp\"},\"small\":{\"name\":\"small_0d6a88ca-7ff8-4ad9-991b-b2e2a33cf66e.webp\",\"hash\":\"small_0d6a88ca_7ff8_4ad9_991b_b2e2a33cf66e_e498b69fcc\",\"ext\":\".webp\",\"mime\":\"image/webp\",\"path\":null,\"width\":400,\"height\":500,\"size\":7.59,\"url\":\"/uploads/small_0d6a88ca_7ff8_4ad9_991b_b2e2a33cf66e_e498b69fcc.webp\"}},\"hash\":\"0d6a88ca_7ff8_4ad9_991b_b2e2a33cf66e_e498b69fcc\",\"ext\":\".webp\",\"mime\":\"image/webp\",\"size\":30.06,\"url\":\"/uploads/0d6a88ca_7ff8_4ad9_991b_b2e2a33cf66e_e498b69fcc.webp\",\"previewUrl\":null,\"provider\":\"local\",\"provider_metadata\":null,\"createdAt\":\"2023-04-10T15:32:18.644Z\",\"updatedAt\":\"2023-04-10T15:32:18.644Z\"}},{\"id\":2,\"attributes\":{\"name\":\"672537b9-5384-49e0-8128-5dedd538c208.webp\",\"alternativeText\":null,\"caption\":null,\"width\":864,\"height\":1080,\"formats\":{\"thumbnail\":{\"name\":\"thumbnail_672537b9-5384-49e0-8128-5dedd538c208.webp\",\"hash\":\"thumbnail_672537b9_5384_49e0_8128_5dedd538c208_37238b6728\",\"ext\":\".webp\",\"mime\":\"image/webp\",\"path\":null,\"width\":125,\"height\":156,\"size\":0.7,\"url\":\"/uploads/thumbnail_672537b9_5384_49e0_8128_5dedd538c208_37238b6728.webp\"},\"large\":{\"name\":\"large_672537b9-5384-49e0-8128-5dedd538c208.webp\",\"hash\":\"large_672537b9_5384_49e0_8128_5dedd538c208_37238b6728\",\"ext\":\".webp\",\"mime\":\"image/webp\",\"path\":null,\"width\":800,\"height\":1000,\"size\":8.11,\"url\":\"/uploads/large_672537b9_5384_49e0_8128_5dedd538c208_37238b6728.webp\"},\"small\":{\"name\":\"small_672537b9-5384-49e0-8128-5dedd538c208.webp\",\"hash\":\"small_672537b9_5384_49e0_8128_5dedd538c208_37238b6728\",\"ext\":\".webp\",\"mime\":\"image/webp\",\"path\":null,\"width\":400,\"height\":500,\"size\":3.18,\"url\":\"/uploads/small_672537b9_5384_49e0_8128_5dedd538c208_37238b6728.webp\"},\"medium\":{\"name\":\"medium_672537b9-5384-49e0-8128-5dedd538c208.webp\",\"hash\":\"medium_672537b9_5384_49e0_8128_5dedd538c208_37238b6728\",\"ext\":\".webp\",\"mime\":\"image/webp\",\"path\":null,\"width\":600,\"height\":750,\"size\":5.66,\"url\":\"/uploads/medium_672537b9_5384_49e0_8128_5dedd538c208_37238b6728.webp\"}},\"hash\":\"672537b9_5384_49e0_8128_5dedd538c208_37238b6728\",\"ext\":\".webp\",\"mime\":\"image/webp\",\"size\":10.34,\"url\":\"/uploads/672537b9_5384_49e0_8128_5dedd538c208_37238b6728.webp\",\"previewUrl\":null,\"provider\":\"local\",\"provider_metadata\":null,\"createdAt\":\"2023-04-10T15:32:18.511Z\",\"updatedAt\":\"2023-04-10T15:32:18.511Z\"}}]},\"thumbnail\":{\"data\":{\"id\":1,\"attributes\":{\"name\":\"thumbnail.webp\",\"alternativeText\":null,\"caption\":null,\"width\":592,\"height\":592,\"formats\":{\"thumbnail\":{\"name\":\"thumbnail_thumbnail.webp\",\"hash\":\"thumbnail_thumbnail_f2a4d6d988\",\"ext\":\".webp\",\"mime\":\"image/webp\",\"path\":null,\"width\":156,\"height\":156,\"size\":1.75,\"url\":\"/uploads/thumbnail_thumbnail_f2a4d6d988.webp\"},\"small\":{\"name\":\"small_thumbnail.webp\",\"hash\":\"small_thumbnail_f2a4d6d988\",\"ext\":\".webp\",\"mime\":\"image/webp\",\"path\":null,\"width\":500,\"height\":500,\"size\":9.92,\"url\":\"/uploads/small_thumbnail_f2a4d6d988.webp\"}},\"hash\":\"thumbnail_f2a4d6d988\",\"ext\":\".webp\",\"mime\":\"image/webp\",\"size\":15.38,\"url\":\"/uploads/thumbnail_f2a4d6d988.webp\",\"previewUrl\":null,\"provider\":\"local\",\"provider_metadata\":null,\"createdAt\":\"2023-04-10T15:32:18.419Z\",\"updatedAt\":\"2023-04-14T21:50:24.004Z\"}}},\"categories\":{\"data\":[{\"id\":2,\"attributes\":{\"name\":\"Football Shoes\",\"slug\":\"football-shoes\",\"createdAt\":\"2023-04-10T15:35:35.994Z\",\"updatedAt\":\"2023-04-10T15:35:36.658Z\",\"publishedAt\":\"2023-04-10T15:35:36.655Z\"}},{\"id\":1,\"attributes\":{\"name\":\"Jordan\",\"slug\":\"jordan\",\"createdAt\":\"2023-04-10T15:34:36.502Z\",\"updatedAt\":\"2023-04-10T15:34:38.713Z\",\"publishedAt\":\"2023-04-10T15:34:38.710Z\"}}]},\"sizes\":[{\"id\":1,\"name\":\"41\",\"stock\":2},{\"id\":2,\"name\":\"42\",\"stock\":21}],\"cards\":{\"data\":[]}},\"size\":\"41\",\"oneQuantityPrice\":12295,\"count\":2}]', 'test detail', 'seller@gmail.com', '09974884', NULL, NULL);
INSERT INTO `orders` (`id`, `created_at`, `updated_at`, `published_at`, `created_by_id`, `updated_by_id`, `total_price`, `address`, `payment_method`, `status`, `list_products`, `name`, `email`, `phone`, `order_id`, `user_id`) VALUES
(21, '2023-05-02 21:22:44.727000', '2023-05-03 01:42:21.960000', '2023-05-02 21:22:44.718000', NULL, 1, '36885.00', NULL, 'cash', 'new', '[{\"id\":1,\"attributes\":{\"name\":\"Air Jordan 1 Mid 124213\",\"subtitle\":\"Men\'s Shoes\",\"price\":12295,\"description\":\"\\\"Every time the AJ1 gets a remake, you get the classic sneaker in new colours and textures for an exciting, revamped look but with all the familiar comforts you know. Premium materials and accents give modern expression to an all-time favourite.\\n\\n- Colour Shown: White/Black/Ice Blue\\n- Style: DV1308-104\\\"\",\"original_price\":20000,\"slug\":\"air-jordan-1-mid-se\",\"createdAt\":\"2023-04-10T15:34:05.130Z\",\"updatedAt\":\"2023-04-20T08:42:18.220Z\",\"publishedAt\":\"2023-04-10T15:34:09.644Z\",\"image\":{\"data\":[{\"id\":5,\"attributes\":{\"name\":\"266f9922-ec59-41e3-9b36-85c5fab5c1ec.webp\",\"alternativeText\":null,\"caption\":null,\"width\":864,\"height\":1080,\"formats\":{\"thumbnail\":{\"name\":\"thumbnail_266f9922-ec59-41e3-9b36-85c5fab5c1ec.webp\",\"hash\":\"thumbnail_266f9922_ec59_41e3_9b36_85c5fab5c1ec_b00de598ef\",\"ext\":\".webp\",\"mime\":\"image/webp\",\"path\":null,\"width\":125,\"height\":156,\"size\":2.52,\"url\":\"/uploads/thumbnail_266f9922_ec59_41e3_9b36_85c5fab5c1ec_b00de598ef.webp\"},\"large\":{\"name\":\"large_266f9922-ec59-41e3-9b36-85c5fab5c1ec.webp\",\"hash\":\"large_266f9922_ec59_41e3_9b36_85c5fab5c1ec_b00de598ef\",\"ext\":\".webp\",\"mime\":\"image/webp\",\"path\":null,\"width\":800,\"height\":1000,\"size\":35.85,\"url\":\"/uploads/large_266f9922_ec59_41e3_9b36_85c5fab5c1ec_b00de598ef.webp\"},\"medium\":{\"name\":\"medium_266f9922-ec59-41e3-9b36-85c5fab5c1ec.webp\",\"hash\":\"medium_266f9922_ec59_41e3_9b36_85c5fab5c1ec_b00de598ef\",\"ext\":\".webp\",\"mime\":\"image/webp\",\"path\":null,\"width\":600,\"height\":750,\"size\":24.62,\"url\":\"/uploads/medium_266f9922_ec59_41e3_9b36_85c5fab5c1ec_b00de598ef.webp\"},\"small\":{\"name\":\"small_266f9922-ec59-41e3-9b36-85c5fab5c1ec.webp\",\"hash\":\"small_266f9922_ec59_41e3_9b36_85c5fab5c1ec_b00de598ef\",\"ext\":\".webp\",\"mime\":\"image/webp\",\"path\":null,\"width\":400,\"height\":500,\"size\":13.53,\"url\":\"/uploads/small_266f9922_ec59_41e3_9b36_85c5fab5c1ec_b00de598ef.webp\"}},\"hash\":\"266f9922_ec59_41e3_9b36_85c5fab5c1ec_b00de598ef\",\"ext\":\".webp\",\"mime\":\"image/webp\",\"size\":49.94,\"url\":\"/uploads/266f9922_ec59_41e3_9b36_85c5fab5c1ec_b00de598ef.webp\",\"previewUrl\":null,\"provider\":\"local\",\"provider_metadata\":null,\"createdAt\":\"2023-04-10T15:32:18.665Z\",\"updatedAt\":\"2023-04-10T15:32:18.665Z\"}},{\"id\":4,\"attributes\":{\"name\":\"ca113e5f-2165-476a-8dcf-ce7a0d85356c.webp\",\"alternativeText\":null,\"caption\":null,\"width\":864,\"height\":1080,\"formats\":{\"thumbnail\":{\"name\":\"thumbnail_ca113e5f-2165-476a-8dcf-ce7a0d85356c.webp\",\"hash\":\"thumbnail_ca113e5f_2165_476a_8dcf_ce7a0d85356c_207abacbe0\",\"ext\":\".webp\",\"mime\":\"image/webp\",\"path\":null,\"width\":125,\"height\":156,\"size\":1.4,\"url\":\"/uploads/thumbnail_ca113e5f_2165_476a_8dcf_ce7a0d85356c_207abacbe0.webp\"},\"large\":{\"name\":\"large_ca113e5f-2165-476a-8dcf-ce7a0d85356c.webp\",\"hash\":\"large_ca113e5f_2165_476a_8dcf_ce7a0d85356c_207abacbe0\",\"ext\":\".webp\",\"mime\":\"image/webp\",\"path\":null,\"width\":800,\"height\":1000,\"size\":23.45,\"url\":\"/uploads/large_ca113e5f_2165_476a_8dcf_ce7a0d85356c_207abacbe0.webp\"},\"medium\":{\"name\":\"medium_ca113e5f-2165-476a-8dcf-ce7a0d85356c.webp\",\"hash\":\"medium_ca113e5f_2165_476a_8dcf_ce7a0d85356c_207abacbe0\",\"ext\":\".webp\",\"mime\":\"image/webp\",\"path\":null,\"width\":600,\"height\":750,\"size\":15.26,\"url\":\"/uploads/medium_ca113e5f_2165_476a_8dcf_ce7a0d85356c_207abacbe0.webp\"},\"small\":{\"name\":\"small_ca113e5f-2165-476a-8dcf-ce7a0d85356c.webp\",\"hash\":\"small_ca113e5f_2165_476a_8dcf_ce7a0d85356c_207abacbe0\",\"ext\":\".webp\",\"mime\":\"image/webp\",\"path\":null,\"width\":400,\"height\":500,\"size\":7.99,\"url\":\"/uploads/small_ca113e5f_2165_476a_8dcf_ce7a0d85356c_207abacbe0.webp\"}},\"hash\":\"ca113e5f_2165_476a_8dcf_ce7a0d85356c_207abacbe0\",\"ext\":\".webp\",\"mime\":\"image/webp\",\"size\":30.64,\"url\":\"/uploads/ca113e5f_2165_476a_8dcf_ce7a0d85356c_207abacbe0.webp\",\"previewUrl\":null,\"provider\":\"local\",\"provider_metadata\":null,\"createdAt\":\"2023-04-10T15:32:18.662Z\",\"updatedAt\":\"2023-04-10T15:32:18.662Z\"}},{\"id\":3,\"attributes\":{\"name\":\"0d6a88ca-7ff8-4ad9-991b-b2e2a33cf66e.webp\",\"alternativeText\":null,\"caption\":null,\"width\":864,\"height\":1080,\"formats\":{\"thumbnail\":{\"name\":\"thumbnail_0d6a88ca-7ff8-4ad9-991b-b2e2a33cf66e.webp\",\"hash\":\"thumbnail_0d6a88ca_7ff8_4ad9_991b_b2e2a33cf66e_e498b69fcc\",\"ext\":\".webp\",\"mime\":\"image/webp\",\"path\":null,\"width\":125,\"height\":156,\"size\":1.37,\"url\":\"/uploads/thumbnail_0d6a88ca_7ff8_4ad9_991b_b2e2a33cf66e_e498b69fcc.webp\"},\"large\":{\"name\":\"large_0d6a88ca-7ff8-4ad9-991b-b2e2a33cf66e.webp\",\"hash\":\"large_0d6a88ca_7ff8_4ad9_991b_b2e2a33cf66e_e498b69fcc\",\"ext\":\".webp\",\"mime\":\"image/webp\",\"path\":null,\"width\":800,\"height\":1000,\"size\":21.95,\"url\":\"/uploads/large_0d6a88ca_7ff8_4ad9_991b_b2e2a33cf66e_e498b69fcc.webp\"},\"medium\":{\"name\":\"medium_0d6a88ca-7ff8-4ad9-991b-b2e2a33cf66e.webp\",\"hash\":\"medium_0d6a88ca_7ff8_4ad9_991b_b2e2a33cf66e_e498b69fcc\",\"ext\":\".webp\",\"mime\":\"image/webp\",\"path\":null,\"width\":600,\"height\":750,\"size\":14.34,\"url\":\"/uploads/medium_0d6a88ca_7ff8_4ad9_991b_b2e2a33cf66e_e498b69fcc.webp\"},\"small\":{\"name\":\"small_0d6a88ca-7ff8-4ad9-991b-b2e2a33cf66e.webp\",\"hash\":\"small_0d6a88ca_7ff8_4ad9_991b_b2e2a33cf66e_e498b69fcc\",\"ext\":\".webp\",\"mime\":\"image/webp\",\"path\":null,\"width\":400,\"height\":500,\"size\":7.59,\"url\":\"/uploads/small_0d6a88ca_7ff8_4ad9_991b_b2e2a33cf66e_e498b69fcc.webp\"}},\"hash\":\"0d6a88ca_7ff8_4ad9_991b_b2e2a33cf66e_e498b69fcc\",\"ext\":\".webp\",\"mime\":\"image/webp\",\"size\":30.06,\"url\":\"/uploads/0d6a88ca_7ff8_4ad9_991b_b2e2a33cf66e_e498b69fcc.webp\",\"previewUrl\":null,\"provider\":\"local\",\"provider_metadata\":null,\"createdAt\":\"2023-04-10T15:32:18.644Z\",\"updatedAt\":\"2023-04-10T15:32:18.644Z\"}},{\"id\":2,\"attributes\":{\"name\":\"672537b9-5384-49e0-8128-5dedd538c208.webp\",\"alternativeText\":null,\"caption\":null,\"width\":864,\"height\":1080,\"formats\":{\"thumbnail\":{\"name\":\"thumbnail_672537b9-5384-49e0-8128-5dedd538c208.webp\",\"hash\":\"thumbnail_672537b9_5384_49e0_8128_5dedd538c208_37238b6728\",\"ext\":\".webp\",\"mime\":\"image/webp\",\"path\":null,\"width\":125,\"height\":156,\"size\":0.7,\"url\":\"/uploads/thumbnail_672537b9_5384_49e0_8128_5dedd538c208_37238b6728.webp\"},\"large\":{\"name\":\"large_672537b9-5384-49e0-8128-5dedd538c208.webp\",\"hash\":\"large_672537b9_5384_49e0_8128_5dedd538c208_37238b6728\",\"ext\":\".webp\",\"mime\":\"image/webp\",\"path\":null,\"width\":800,\"height\":1000,\"size\":8.11,\"url\":\"/uploads/large_672537b9_5384_49e0_8128_5dedd538c208_37238b6728.webp\"},\"small\":{\"name\":\"small_672537b9-5384-49e0-8128-5dedd538c208.webp\",\"hash\":\"small_672537b9_5384_49e0_8128_5dedd538c208_37238b6728\",\"ext\":\".webp\",\"mime\":\"image/webp\",\"path\":null,\"width\":400,\"height\":500,\"size\":3.18,\"url\":\"/uploads/small_672537b9_5384_49e0_8128_5dedd538c208_37238b6728.webp\"},\"medium\":{\"name\":\"medium_672537b9-5384-49e0-8128-5dedd538c208.webp\",\"hash\":\"medium_672537b9_5384_49e0_8128_5dedd538c208_37238b6728\",\"ext\":\".webp\",\"mime\":\"image/webp\",\"path\":null,\"width\":600,\"height\":750,\"size\":5.66,\"url\":\"/uploads/medium_672537b9_5384_49e0_8128_5dedd538c208_37238b6728.webp\"}},\"hash\":\"672537b9_5384_49e0_8128_5dedd538c208_37238b6728\",\"ext\":\".webp\",\"mime\":\"image/webp\",\"size\":10.34,\"url\":\"/uploads/672537b9_5384_49e0_8128_5dedd538c208_37238b6728.webp\",\"previewUrl\":null,\"provider\":\"local\",\"provider_metadata\":null,\"createdAt\":\"2023-04-10T15:32:18.511Z\",\"updatedAt\":\"2023-04-10T15:32:18.511Z\"}}]},\"thumbnail\":{\"data\":{\"id\":1,\"attributes\":{\"name\":\"thumbnail.webp\",\"alternativeText\":null,\"caption\":null,\"width\":592,\"height\":592,\"formats\":{\"thumbnail\":{\"name\":\"thumbnail_thumbnail.webp\",\"hash\":\"thumbnail_thumbnail_f2a4d6d988\",\"ext\":\".webp\",\"mime\":\"image/webp\",\"path\":null,\"width\":156,\"height\":156,\"size\":1.75,\"url\":\"/uploads/thumbnail_thumbnail_f2a4d6d988.webp\"},\"small\":{\"name\":\"small_thumbnail.webp\",\"hash\":\"small_thumbnail_f2a4d6d988\",\"ext\":\".webp\",\"mime\":\"image/webp\",\"path\":null,\"width\":500,\"height\":500,\"size\":9.92,\"url\":\"/uploads/small_thumbnail_f2a4d6d988.webp\"}},\"hash\":\"thumbnail_f2a4d6d988\",\"ext\":\".webp\",\"mime\":\"image/webp\",\"size\":15.38,\"url\":\"/uploads/thumbnail_f2a4d6d988.webp\",\"previewUrl\":null,\"provider\":\"local\",\"provider_metadata\":null,\"createdAt\":\"2023-04-10T15:32:18.419Z\",\"updatedAt\":\"2023-04-14T21:50:24.004Z\"}}},\"sizes\":[{\"id\":1,\"name\":\"41\",\"stock\":2},{\"id\":2,\"name\":\"42\",\"stock\":21}],\"cards\":{\"data\":[]}},\"size\":\"41\",\"count\":2},{\"id\":3,\"attributes\":{\"name\":\"Air Jordan 1 Mid SE fasdfasdf\",\"subtitle\":\"Men\'s Shoes\",\"price\":12295,\"description\":\"\\\"Every time the AJ1 gets a remake, you get the classic sneaker in new colours and textures for an exciting, revamped look but with all the familiar comforts you know. Premium materials and accents give modern expression to an all-time favourite.\\n\\n- Colour Shown: White/Black/Ice Blue\\n- Style: DV1308-104\\\"\",\"original_price\":20000,\"slug\":\"air-jordan-1-mid-se-fasdfads\",\"createdAt\":\"2023-04-10T15:38:45.335Z\",\"updatedAt\":\"2023-04-15T00:54:25.745Z\",\"publishedAt\":\"2023-04-10T15:38:49.824Z\",\"image\":{\"data\":[{\"id\":5,\"attributes\":{\"name\":\"266f9922-ec59-41e3-9b36-85c5fab5c1ec.webp\",\"alternativeText\":null,\"caption\":null,\"width\":864,\"height\":1080,\"formats\":{\"thumbnail\":{\"name\":\"thumbnail_266f9922-ec59-41e3-9b36-85c5fab5c1ec.webp\",\"hash\":\"thumbnail_266f9922_ec59_41e3_9b36_85c5fab5c1ec_b00de598ef\",\"ext\":\".webp\",\"mime\":\"image/webp\",\"path\":null,\"width\":125,\"height\":156,\"size\":2.52,\"url\":\"/uploads/thumbnail_266f9922_ec59_41e3_9b36_85c5fab5c1ec_b00de598ef.webp\"},\"large\":{\"name\":\"large_266f9922-ec59-41e3-9b36-85c5fab5c1ec.webp\",\"hash\":\"large_266f9922_ec59_41e3_9b36_85c5fab5c1ec_b00de598ef\",\"ext\":\".webp\",\"mime\":\"image/webp\",\"path\":null,\"width\":800,\"height\":1000,\"size\":35.85,\"url\":\"/uploads/large_266f9922_ec59_41e3_9b36_85c5fab5c1ec_b00de598ef.webp\"},\"medium\":{\"name\":\"medium_266f9922-ec59-41e3-9b36-85c5fab5c1ec.webp\",\"hash\":\"medium_266f9922_ec59_41e3_9b36_85c5fab5c1ec_b00de598ef\",\"ext\":\".webp\",\"mime\":\"image/webp\",\"path\":null,\"width\":600,\"height\":750,\"size\":24.62,\"url\":\"/uploads/medium_266f9922_ec59_41e3_9b36_85c5fab5c1ec_b00de598ef.webp\"},\"small\":{\"name\":\"small_266f9922-ec59-41e3-9b36-85c5fab5c1ec.webp\",\"hash\":\"small_266f9922_ec59_41e3_9b36_85c5fab5c1ec_b00de598ef\",\"ext\":\".webp\",\"mime\":\"image/webp\",\"path\":null,\"width\":400,\"height\":500,\"size\":13.53,\"url\":\"/uploads/small_266f9922_ec59_41e3_9b36_85c5fab5c1ec_b00de598ef.webp\"}},\"hash\":\"266f9922_ec59_41e3_9b36_85c5fab5c1ec_b00de598ef\",\"ext\":\".webp\",\"mime\":\"image/webp\",\"size\":49.94,\"url\":\"/uploads/266f9922_ec59_41e3_9b36_85c5fab5c1ec_b00de598ef.webp\",\"previewUrl\":null,\"provider\":\"local\",\"provider_metadata\":null,\"createdAt\":\"2023-04-10T15:32:18.665Z\",\"updatedAt\":\"2023-04-10T15:32:18.665Z\"}},{\"id\":4,\"attributes\":{\"name\":\"ca113e5f-2165-476a-8dcf-ce7a0d85356c.webp\",\"alternativeText\":null,\"caption\":null,\"width\":864,\"height\":1080,\"formats\":{\"thumbnail\":{\"name\":\"thumbnail_ca113e5f-2165-476a-8dcf-ce7a0d85356c.webp\",\"hash\":\"thumbnail_ca113e5f_2165_476a_8dcf_ce7a0d85356c_207abacbe0\",\"ext\":\".webp\",\"mime\":\"image/webp\",\"path\":null,\"width\":125,\"height\":156,\"size\":1.4,\"url\":\"/uploads/thumbnail_ca113e5f_2165_476a_8dcf_ce7a0d85356c_207abacbe0.webp\"},\"large\":{\"name\":\"large_ca113e5f-2165-476a-8dcf-ce7a0d85356c.webp\",\"hash\":\"large_ca113e5f_2165_476a_8dcf_ce7a0d85356c_207abacbe0\",\"ext\":\".webp\",\"mime\":\"image/webp\",\"path\":null,\"width\":800,\"height\":1000,\"size\":23.45,\"url\":\"/uploads/large_ca113e5f_2165_476a_8dcf_ce7a0d85356c_207abacbe0.webp\"},\"medium\":{\"name\":\"medium_ca113e5f-2165-476a-8dcf-ce7a0d85356c.webp\",\"hash\":\"medium_ca113e5f_2165_476a_8dcf_ce7a0d85356c_207abacbe0\",\"ext\":\".webp\",\"mime\":\"image/webp\",\"path\":null,\"width\":600,\"height\":750,\"size\":15.26,\"url\":\"/uploads/medium_ca113e5f_2165_476a_8dcf_ce7a0d85356c_207abacbe0.webp\"},\"small\":{\"name\":\"small_ca113e5f-2165-476a-8dcf-ce7a0d85356c.webp\",\"hash\":\"small_ca113e5f_2165_476a_8dcf_ce7a0d85356c_207abacbe0\",\"ext\":\".webp\",\"mime\":\"image/webp\",\"path\":null,\"width\":400,\"height\":500,\"size\":7.99,\"url\":\"/uploads/small_ca113e5f_2165_476a_8dcf_ce7a0d85356c_207abacbe0.webp\"}},\"hash\":\"ca113e5f_2165_476a_8dcf_ce7a0d85356c_207abacbe0\",\"ext\":\".webp\",\"mime\":\"image/webp\",\"size\":30.64,\"url\":\"/uploads/ca113e5f_2165_476a_8dcf_ce7a0d85356c_207abacbe0.webp\",\"previewUrl\":null,\"provider\":\"local\",\"provider_metadata\":null,\"createdAt\":\"2023-04-10T15:32:18.662Z\",\"updatedAt\":\"2023-04-10T15:32:18.662Z\"}},{\"id\":3,\"attributes\":{\"name\":\"0d6a88ca-7ff8-4ad9-991b-b2e2a33cf66e.webp\",\"alternativeText\":null,\"caption\":null,\"width\":864,\"height\":1080,\"formats\":{\"thumbnail\":{\"name\":\"thumbnail_0d6a88ca-7ff8-4ad9-991b-b2e2a33cf66e.webp\",\"hash\":\"thumbnail_0d6a88ca_7ff8_4ad9_991b_b2e2a33cf66e_e498b69fcc\",\"ext\":\".webp\",\"mime\":\"image/webp\",\"path\":null,\"width\":125,\"height\":156,\"size\":1.37,\"url\":\"/uploads/thumbnail_0d6a88ca_7ff8_4ad9_991b_b2e2a33cf66e_e498b69fcc.webp\"},\"large\":{\"name\":\"large_0d6a88ca-7ff8-4ad9-991b-b2e2a33cf66e.webp\",\"hash\":\"large_0d6a88ca_7ff8_4ad9_991b_b2e2a33cf66e_e498b69fcc\",\"ext\":\".webp\",\"mime\":\"image/webp\",\"path\":null,\"width\":800,\"height\":1000,\"size\":21.95,\"url\":\"/uploads/large_0d6a88ca_7ff8_4ad9_991b_b2e2a33cf66e_e498b69fcc.webp\"},\"medium\":{\"name\":\"medium_0d6a88ca-7ff8-4ad9-991b-b2e2a33cf66e.webp\",\"hash\":\"medium_0d6a88ca_7ff8_4ad9_991b_b2e2a33cf66e_e498b69fcc\",\"ext\":\".webp\",\"mime\":\"image/webp\",\"path\":null,\"width\":600,\"height\":750,\"size\":14.34,\"url\":\"/uploads/medium_0d6a88ca_7ff8_4ad9_991b_b2e2a33cf66e_e498b69fcc.webp\"},\"small\":{\"name\":\"small_0d6a88ca-7ff8-4ad9-991b-b2e2a33cf66e.webp\",\"hash\":\"small_0d6a88ca_7ff8_4ad9_991b_b2e2a33cf66e_e498b69fcc\",\"ext\":\".webp\",\"mime\":\"image/webp\",\"path\":null,\"width\":400,\"height\":500,\"size\":7.59,\"url\":\"/uploads/small_0d6a88ca_7ff8_4ad9_991b_b2e2a33cf66e_e498b69fcc.webp\"}},\"hash\":\"0d6a88ca_7ff8_4ad9_991b_b2e2a33cf66e_e498b69fcc\",\"ext\":\".webp\",\"mime\":\"image/webp\",\"size\":30.06,\"url\":\"/uploads/0d6a88ca_7ff8_4ad9_991b_b2e2a33cf66e_e498b69fcc.webp\",\"previewUrl\":null,\"provider\":\"local\",\"provider_metadata\":null,\"createdAt\":\"2023-04-10T15:32:18.644Z\",\"updatedAt\":\"2023-04-10T15:32:18.644Z\"}},{\"id\":2,\"attributes\":{\"name\":\"672537b9-5384-49e0-8128-5dedd538c208.webp\",\"alternativeText\":null,\"caption\":null,\"width\":864,\"height\":1080,\"formats\":{\"thumbnail\":{\"name\":\"thumbnail_672537b9-5384-49e0-8128-5dedd538c208.webp\",\"hash\":\"thumbnail_672537b9_5384_49e0_8128_5dedd538c208_37238b6728\",\"ext\":\".webp\",\"mime\":\"image/webp\",\"path\":null,\"width\":125,\"height\":156,\"size\":0.7,\"url\":\"/uploads/thumbnail_672537b9_5384_49e0_8128_5dedd538c208_37238b6728.webp\"},\"large\":{\"name\":\"large_672537b9-5384-49e0-8128-5dedd538c208.webp\",\"hash\":\"large_672537b9_5384_49e0_8128_5dedd538c208_37238b6728\",\"ext\":\".webp\",\"mime\":\"image/webp\",\"path\":null,\"width\":800,\"height\":1000,\"size\":8.11,\"url\":\"/uploads/large_672537b9_5384_49e0_8128_5dedd538c208_37238b6728.webp\"},\"small\":{\"name\":\"small_672537b9-5384-49e0-8128-5dedd538c208.webp\",\"hash\":\"small_672537b9_5384_49e0_8128_5dedd538c208_37238b6728\",\"ext\":\".webp\",\"mime\":\"image/webp\",\"path\":null,\"width\":400,\"height\":500,\"size\":3.18,\"url\":\"/uploads/small_672537b9_5384_49e0_8128_5dedd538c208_37238b6728.webp\"},\"medium\":{\"name\":\"medium_672537b9-5384-49e0-8128-5dedd538c208.webp\",\"hash\":\"medium_672537b9_5384_49e0_8128_5dedd538c208_37238b6728\",\"ext\":\".webp\",\"mime\":\"image/webp\",\"path\":null,\"width\":600,\"height\":750,\"size\":5.66,\"url\":\"/uploads/medium_672537b9_5384_49e0_8128_5dedd538c208_37238b6728.webp\"}},\"hash\":\"672537b9_5384_49e0_8128_5dedd538c208_37238b6728\",\"ext\":\".webp\",\"mime\":\"image/webp\",\"size\":10.34,\"url\":\"/uploads/672537b9_5384_49e0_8128_5dedd538c208_37238b6728.webp\",\"previewUrl\":null,\"provider\":\"local\",\"provider_metadata\":null,\"createdAt\":\"2023-04-10T15:32:18.511Z\",\"updatedAt\":\"2023-04-10T15:32:18.511Z\"}}]},\"thumbnail\":{\"data\":{\"id\":1,\"attributes\":{\"name\":\"thumbnail.webp\",\"alternativeText\":null,\"caption\":null,\"width\":592,\"height\":592,\"formats\":{\"thumbnail\":{\"name\":\"thumbnail_thumbnail.webp\",\"hash\":\"thumbnail_thumbnail_f2a4d6d988\",\"ext\":\".webp\",\"mime\":\"image/webp\",\"path\":null,\"width\":156,\"height\":156,\"size\":1.75,\"url\":\"/uploads/thumbnail_thumbnail_f2a4d6d988.webp\"},\"small\":{\"name\":\"small_thumbnail.webp\",\"hash\":\"small_thumbnail_f2a4d6d988\",\"ext\":\".webp\",\"mime\":\"image/webp\",\"path\":null,\"width\":500,\"height\":500,\"size\":9.92,\"url\":\"/uploads/small_thumbnail_f2a4d6d988.webp\"}},\"hash\":\"thumbnail_f2a4d6d988\",\"ext\":\".webp\",\"mime\":\"image/webp\",\"size\":15.38,\"url\":\"/uploads/thumbnail_f2a4d6d988.webp\",\"previewUrl\":null,\"provider\":\"local\",\"provider_metadata\":null,\"createdAt\":\"2023-04-10T15:32:18.419Z\",\"updatedAt\":\"2023-04-14T21:50:24.004Z\"}}},\"sizes\":[{\"id\":8,\"name\":\"XL\",\"stock\":121},{\"id\":9,\"name\":\"SM\",\"stock\":12},{\"id\":10,\"name\":\"XS\",\"stock\":2}],\"cards\":{\"data\":[]}},\"size\":\"XL\",\"count\":1}]', 'test', 'fsdsd@gmail.com', '09974884', '1', '5'),
(22, '2023-05-02 21:57:46.511000', '2023-05-03 01:42:27.530000', '2023-05-02 21:57:46.507000', NULL, 1, '61475.00', NULL, 'cash', 'new', '[{\"id\":1,\"attributes\":{\"name\":\"Air Jordan 1 Mid 124213\",\"subtitle\":\"Men\'s Shoes\",\"price\":24590,\"description\":\"\\\"Every time the AJ1 gets a remake, you get the classic sneaker in new colours and textures for an exciting, revamped look but with all the familiar comforts you know. Premium materials and accents give modern expression to an all-time favourite.\\n\\n- Colour Shown: White/Black/Ice Blue\\n- Style: DV1308-104\\\"\",\"original_price\":20000,\"slug\":\"air-jordan-1-mid-se\",\"createdAt\":\"2023-04-10T15:34:05.130Z\",\"updatedAt\":\"2023-04-20T08:42:18.220Z\",\"publishedAt\":\"2023-04-10T15:34:09.644Z\",\"image\":{\"data\":[{\"id\":5,\"attributes\":{\"name\":\"266f9922-ec59-41e3-9b36-85c5fab5c1ec.webp\",\"alternativeText\":null,\"caption\":null,\"width\":864,\"height\":1080,\"formats\":{\"thumbnail\":{\"name\":\"thumbnail_266f9922-ec59-41e3-9b36-85c5fab5c1ec.webp\",\"hash\":\"thumbnail_266f9922_ec59_41e3_9b36_85c5fab5c1ec_b00de598ef\",\"ext\":\".webp\",\"mime\":\"image/webp\",\"path\":null,\"width\":125,\"height\":156,\"size\":2.52,\"url\":\"/uploads/thumbnail_266f9922_ec59_41e3_9b36_85c5fab5c1ec_b00de598ef.webp\"},\"large\":{\"name\":\"large_266f9922-ec59-41e3-9b36-85c5fab5c1ec.webp\",\"hash\":\"large_266f9922_ec59_41e3_9b36_85c5fab5c1ec_b00de598ef\",\"ext\":\".webp\",\"mime\":\"image/webp\",\"path\":null,\"width\":800,\"height\":1000,\"size\":35.85,\"url\":\"/uploads/large_266f9922_ec59_41e3_9b36_85c5fab5c1ec_b00de598ef.webp\"},\"medium\":{\"name\":\"medium_266f9922-ec59-41e3-9b36-85c5fab5c1ec.webp\",\"hash\":\"medium_266f9922_ec59_41e3_9b36_85c5fab5c1ec_b00de598ef\",\"ext\":\".webp\",\"mime\":\"image/webp\",\"path\":null,\"width\":600,\"height\":750,\"size\":24.62,\"url\":\"/uploads/medium_266f9922_ec59_41e3_9b36_85c5fab5c1ec_b00de598ef.webp\"},\"small\":{\"name\":\"small_266f9922-ec59-41e3-9b36-85c5fab5c1ec.webp\",\"hash\":\"small_266f9922_ec59_41e3_9b36_85c5fab5c1ec_b00de598ef\",\"ext\":\".webp\",\"mime\":\"image/webp\",\"path\":null,\"width\":400,\"height\":500,\"size\":13.53,\"url\":\"/uploads/small_266f9922_ec59_41e3_9b36_85c5fab5c1ec_b00de598ef.webp\"}},\"hash\":\"266f9922_ec59_41e3_9b36_85c5fab5c1ec_b00de598ef\",\"ext\":\".webp\",\"mime\":\"image/webp\",\"size\":49.94,\"url\":\"/uploads/266f9922_ec59_41e3_9b36_85c5fab5c1ec_b00de598ef.webp\",\"previewUrl\":null,\"provider\":\"local\",\"provider_metadata\":null,\"createdAt\":\"2023-04-10T15:32:18.665Z\",\"updatedAt\":\"2023-04-10T15:32:18.665Z\"}},{\"id\":4,\"attributes\":{\"name\":\"ca113e5f-2165-476a-8dcf-ce7a0d85356c.webp\",\"alternativeText\":null,\"caption\":null,\"width\":864,\"height\":1080,\"formats\":{\"thumbnail\":{\"name\":\"thumbnail_ca113e5f-2165-476a-8dcf-ce7a0d85356c.webp\",\"hash\":\"thumbnail_ca113e5f_2165_476a_8dcf_ce7a0d85356c_207abacbe0\",\"ext\":\".webp\",\"mime\":\"image/webp\",\"path\":null,\"width\":125,\"height\":156,\"size\":1.4,\"url\":\"/uploads/thumbnail_ca113e5f_2165_476a_8dcf_ce7a0d85356c_207abacbe0.webp\"},\"large\":{\"name\":\"large_ca113e5f-2165-476a-8dcf-ce7a0d85356c.webp\",\"hash\":\"large_ca113e5f_2165_476a_8dcf_ce7a0d85356c_207abacbe0\",\"ext\":\".webp\",\"mime\":\"image/webp\",\"path\":null,\"width\":800,\"height\":1000,\"size\":23.45,\"url\":\"/uploads/large_ca113e5f_2165_476a_8dcf_ce7a0d85356c_207abacbe0.webp\"},\"medium\":{\"name\":\"medium_ca113e5f-2165-476a-8dcf-ce7a0d85356c.webp\",\"hash\":\"medium_ca113e5f_2165_476a_8dcf_ce7a0d85356c_207abacbe0\",\"ext\":\".webp\",\"mime\":\"image/webp\",\"path\":null,\"width\":600,\"height\":750,\"size\":15.26,\"url\":\"/uploads/medium_ca113e5f_2165_476a_8dcf_ce7a0d85356c_207abacbe0.webp\"},\"small\":{\"name\":\"small_ca113e5f-2165-476a-8dcf-ce7a0d85356c.webp\",\"hash\":\"small_ca113e5f_2165_476a_8dcf_ce7a0d85356c_207abacbe0\",\"ext\":\".webp\",\"mime\":\"image/webp\",\"path\":null,\"width\":400,\"height\":500,\"size\":7.99,\"url\":\"/uploads/small_ca113e5f_2165_476a_8dcf_ce7a0d85356c_207abacbe0.webp\"}},\"hash\":\"ca113e5f_2165_476a_8dcf_ce7a0d85356c_207abacbe0\",\"ext\":\".webp\",\"mime\":\"image/webp\",\"size\":30.64,\"url\":\"/uploads/ca113e5f_2165_476a_8dcf_ce7a0d85356c_207abacbe0.webp\",\"previewUrl\":null,\"provider\":\"local\",\"provider_metadata\":null,\"createdAt\":\"2023-04-10T15:32:18.662Z\",\"updatedAt\":\"2023-04-10T15:32:18.662Z\"}},{\"id\":3,\"attributes\":{\"name\":\"0d6a88ca-7ff8-4ad9-991b-b2e2a33cf66e.webp\",\"alternativeText\":null,\"caption\":null,\"width\":864,\"height\":1080,\"formats\":{\"thumbnail\":{\"name\":\"thumbnail_0d6a88ca-7ff8-4ad9-991b-b2e2a33cf66e.webp\",\"hash\":\"thumbnail_0d6a88ca_7ff8_4ad9_991b_b2e2a33cf66e_e498b69fcc\",\"ext\":\".webp\",\"mime\":\"image/webp\",\"path\":null,\"width\":125,\"height\":156,\"size\":1.37,\"url\":\"/uploads/thumbnail_0d6a88ca_7ff8_4ad9_991b_b2e2a33cf66e_e498b69fcc.webp\"},\"large\":{\"name\":\"large_0d6a88ca-7ff8-4ad9-991b-b2e2a33cf66e.webp\",\"hash\":\"large_0d6a88ca_7ff8_4ad9_991b_b2e2a33cf66e_e498b69fcc\",\"ext\":\".webp\",\"mime\":\"image/webp\",\"path\":null,\"width\":800,\"height\":1000,\"size\":21.95,\"url\":\"/uploads/large_0d6a88ca_7ff8_4ad9_991b_b2e2a33cf66e_e498b69fcc.webp\"},\"medium\":{\"name\":\"medium_0d6a88ca-7ff8-4ad9-991b-b2e2a33cf66e.webp\",\"hash\":\"medium_0d6a88ca_7ff8_4ad9_991b_b2e2a33cf66e_e498b69fcc\",\"ext\":\".webp\",\"mime\":\"image/webp\",\"path\":null,\"width\":600,\"height\":750,\"size\":14.34,\"url\":\"/uploads/medium_0d6a88ca_7ff8_4ad9_991b_b2e2a33cf66e_e498b69fcc.webp\"},\"small\":{\"name\":\"small_0d6a88ca-7ff8-4ad9-991b-b2e2a33cf66e.webp\",\"hash\":\"small_0d6a88ca_7ff8_4ad9_991b_b2e2a33cf66e_e498b69fcc\",\"ext\":\".webp\",\"mime\":\"image/webp\",\"path\":null,\"width\":400,\"height\":500,\"size\":7.59,\"url\":\"/uploads/small_0d6a88ca_7ff8_4ad9_991b_b2e2a33cf66e_e498b69fcc.webp\"}},\"hash\":\"0d6a88ca_7ff8_4ad9_991b_b2e2a33cf66e_e498b69fcc\",\"ext\":\".webp\",\"mime\":\"image/webp\",\"size\":30.06,\"url\":\"/uploads/0d6a88ca_7ff8_4ad9_991b_b2e2a33cf66e_e498b69fcc.webp\",\"previewUrl\":null,\"provider\":\"local\",\"provider_metadata\":null,\"createdAt\":\"2023-04-10T15:32:18.644Z\",\"updatedAt\":\"2023-04-10T15:32:18.644Z\"}},{\"id\":2,\"attributes\":{\"name\":\"672537b9-5384-49e0-8128-5dedd538c208.webp\",\"alternativeText\":null,\"caption\":null,\"width\":864,\"height\":1080,\"formats\":{\"thumbnail\":{\"name\":\"thumbnail_672537b9-5384-49e0-8128-5dedd538c208.webp\",\"hash\":\"thumbnail_672537b9_5384_49e0_8128_5dedd538c208_37238b6728\",\"ext\":\".webp\",\"mime\":\"image/webp\",\"path\":null,\"width\":125,\"height\":156,\"size\":0.7,\"url\":\"/uploads/thumbnail_672537b9_5384_49e0_8128_5dedd538c208_37238b6728.webp\"},\"large\":{\"name\":\"large_672537b9-5384-49e0-8128-5dedd538c208.webp\",\"hash\":\"large_672537b9_5384_49e0_8128_5dedd538c208_37238b6728\",\"ext\":\".webp\",\"mime\":\"image/webp\",\"path\":null,\"width\":800,\"height\":1000,\"size\":8.11,\"url\":\"/uploads/large_672537b9_5384_49e0_8128_5dedd538c208_37238b6728.webp\"},\"small\":{\"name\":\"small_672537b9-5384-49e0-8128-5dedd538c208.webp\",\"hash\":\"small_672537b9_5384_49e0_8128_5dedd538c208_37238b6728\",\"ext\":\".webp\",\"mime\":\"image/webp\",\"path\":null,\"width\":400,\"height\":500,\"size\":3.18,\"url\":\"/uploads/small_672537b9_5384_49e0_8128_5dedd538c208_37238b6728.webp\"},\"medium\":{\"name\":\"medium_672537b9-5384-49e0-8128-5dedd538c208.webp\",\"hash\":\"medium_672537b9_5384_49e0_8128_5dedd538c208_37238b6728\",\"ext\":\".webp\",\"mime\":\"image/webp\",\"path\":null,\"width\":600,\"height\":750,\"size\":5.66,\"url\":\"/uploads/medium_672537b9_5384_49e0_8128_5dedd538c208_37238b6728.webp\"}},\"hash\":\"672537b9_5384_49e0_8128_5dedd538c208_37238b6728\",\"ext\":\".webp\",\"mime\":\"image/webp\",\"size\":10.34,\"url\":\"/uploads/672537b9_5384_49e0_8128_5dedd538c208_37238b6728.webp\",\"previewUrl\":null,\"provider\":\"local\",\"provider_metadata\":null,\"createdAt\":\"2023-04-10T15:32:18.511Z\",\"updatedAt\":\"2023-04-10T15:32:18.511Z\"}}]},\"thumbnail\":{\"data\":{\"id\":1,\"attributes\":{\"name\":\"thumbnail.webp\",\"alternativeText\":null,\"caption\":null,\"width\":592,\"height\":592,\"formats\":{\"thumbnail\":{\"name\":\"thumbnail_thumbnail.webp\",\"hash\":\"thumbnail_thumbnail_f2a4d6d988\",\"ext\":\".webp\",\"mime\":\"image/webp\",\"path\":null,\"width\":156,\"height\":156,\"size\":1.75,\"url\":\"/uploads/thumbnail_thumbnail_f2a4d6d988.webp\"},\"small\":{\"name\":\"small_thumbnail.webp\",\"hash\":\"small_thumbnail_f2a4d6d988\",\"ext\":\".webp\",\"mime\":\"image/webp\",\"path\":null,\"width\":500,\"height\":500,\"size\":9.92,\"url\":\"/uploads/small_thumbnail_f2a4d6d988.webp\"}},\"hash\":\"thumbnail_f2a4d6d988\",\"ext\":\".webp\",\"mime\":\"image/webp\",\"size\":15.38,\"url\":\"/uploads/thumbnail_f2a4d6d988.webp\",\"previewUrl\":null,\"provider\":\"local\",\"provider_metadata\":null,\"createdAt\":\"2023-04-10T15:32:18.419Z\",\"updatedAt\":\"2023-04-14T21:50:24.004Z\"}}},\"categories\":{\"data\":[{\"id\":2,\"attributes\":{\"name\":\"Football Shoes\",\"slug\":\"football-shoes\",\"createdAt\":\"2023-04-10T15:35:35.994Z\",\"updatedAt\":\"2023-04-10T15:35:36.658Z\",\"publishedAt\":\"2023-04-10T15:35:36.655Z\"}},{\"id\":1,\"attributes\":{\"name\":\"Jordan\",\"slug\":\"jordan\",\"createdAt\":\"2023-04-10T15:34:36.502Z\",\"updatedAt\":\"2023-04-10T15:34:38.713Z\",\"publishedAt\":\"2023-04-10T15:34:38.710Z\"}}]},\"sizes\":[{\"id\":1,\"name\":\"41\",\"stock\":2},{\"id\":2,\"name\":\"42\",\"stock\":21}],\"cards\":{\"data\":[]}},\"size\":\"41\",\"oneQuantityPrice\":12295,\"count\":2},{\"id\":1,\"attributes\":{\"name\":\"Air Jordan 1 Mid 124213\",\"subtitle\":\"Men\'s Shoes\",\"price\":12295,\"description\":\"\\\"Every time the AJ1 gets a remake, you get the classic sneaker in new colours and textures for an exciting, revamped look but with all the familiar comforts you know. Premium materials and accents give modern expression to an all-time favourite.\\n\\n- Colour Shown: White/Black/Ice Blue\\n- Style: DV1308-104\\\"\",\"original_price\":20000,\"slug\":\"air-jordan-1-mid-se\",\"createdAt\":\"2023-04-10T15:34:05.130Z\",\"updatedAt\":\"2023-04-20T08:42:18.220Z\",\"publishedAt\":\"2023-04-10T15:34:09.644Z\",\"image\":{\"data\":[{\"id\":5,\"attributes\":{\"name\":\"266f9922-ec59-41e3-9b36-85c5fab5c1ec.webp\",\"alternativeText\":null,\"caption\":null,\"width\":864,\"height\":1080,\"formats\":{\"thumbnail\":{\"name\":\"thumbnail_266f9922-ec59-41e3-9b36-85c5fab5c1ec.webp\",\"hash\":\"thumbnail_266f9922_ec59_41e3_9b36_85c5fab5c1ec_b00de598ef\",\"ext\":\".webp\",\"mime\":\"image/webp\",\"path\":null,\"width\":125,\"height\":156,\"size\":2.52,\"url\":\"/uploads/thumbnail_266f9922_ec59_41e3_9b36_85c5fab5c1ec_b00de598ef.webp\"},\"large\":{\"name\":\"large_266f9922-ec59-41e3-9b36-85c5fab5c1ec.webp\",\"hash\":\"large_266f9922_ec59_41e3_9b36_85c5fab5c1ec_b00de598ef\",\"ext\":\".webp\",\"mime\":\"image/webp\",\"path\":null,\"width\":800,\"height\":1000,\"size\":35.85,\"url\":\"/uploads/large_266f9922_ec59_41e3_9b36_85c5fab5c1ec_b00de598ef.webp\"},\"medium\":{\"name\":\"medium_266f9922-ec59-41e3-9b36-85c5fab5c1ec.webp\",\"hash\":\"medium_266f9922_ec59_41e3_9b36_85c5fab5c1ec_b00de598ef\",\"ext\":\".webp\",\"mime\":\"image/webp\",\"path\":null,\"width\":600,\"height\":750,\"size\":24.62,\"url\":\"/uploads/medium_266f9922_ec59_41e3_9b36_85c5fab5c1ec_b00de598ef.webp\"},\"small\":{\"name\":\"small_266f9922-ec59-41e3-9b36-85c5fab5c1ec.webp\",\"hash\":\"small_266f9922_ec59_41e3_9b36_85c5fab5c1ec_b00de598ef\",\"ext\":\".webp\",\"mime\":\"image/webp\",\"path\":null,\"width\":400,\"height\":500,\"size\":13.53,\"url\":\"/uploads/small_266f9922_ec59_41e3_9b36_85c5fab5c1ec_b00de598ef.webp\"}},\"hash\":\"266f9922_ec59_41e3_9b36_85c5fab5c1ec_b00de598ef\",\"ext\":\".webp\",\"mime\":\"image/webp\",\"size\":49.94,\"url\":\"/uploads/266f9922_ec59_41e3_9b36_85c5fab5c1ec_b00de598ef.webp\",\"previewUrl\":null,\"provider\":\"local\",\"provider_metadata\":null,\"createdAt\":\"2023-04-10T15:32:18.665Z\",\"updatedAt\":\"2023-04-10T15:32:18.665Z\"}},{\"id\":4,\"attributes\":{\"name\":\"ca113e5f-2165-476a-8dcf-ce7a0d85356c.webp\",\"alternativeText\":null,\"caption\":null,\"width\":864,\"height\":1080,\"formats\":{\"thumbnail\":{\"name\":\"thumbnail_ca113e5f-2165-476a-8dcf-ce7a0d85356c.webp\",\"hash\":\"thumbnail_ca113e5f_2165_476a_8dcf_ce7a0d85356c_207abacbe0\",\"ext\":\".webp\",\"mime\":\"image/webp\",\"path\":null,\"width\":125,\"height\":156,\"size\":1.4,\"url\":\"/uploads/thumbnail_ca113e5f_2165_476a_8dcf_ce7a0d85356c_207abacbe0.webp\"},\"large\":{\"name\":\"large_ca113e5f-2165-476a-8dcf-ce7a0d85356c.webp\",\"hash\":\"large_ca113e5f_2165_476a_8dcf_ce7a0d85356c_207abacbe0\",\"ext\":\".webp\",\"mime\":\"image/webp\",\"path\":null,\"width\":800,\"height\":1000,\"size\":23.45,\"url\":\"/uploads/large_ca113e5f_2165_476a_8dcf_ce7a0d85356c_207abacbe0.webp\"},\"medium\":{\"name\":\"medium_ca113e5f-2165-476a-8dcf-ce7a0d85356c.webp\",\"hash\":\"medium_ca113e5f_2165_476a_8dcf_ce7a0d85356c_207abacbe0\",\"ext\":\".webp\",\"mime\":\"image/webp\",\"path\":null,\"width\":600,\"height\":750,\"size\":15.26,\"url\":\"/uploads/medium_ca113e5f_2165_476a_8dcf_ce7a0d85356c_207abacbe0.webp\"},\"small\":{\"name\":\"small_ca113e5f-2165-476a-8dcf-ce7a0d85356c.webp\",\"hash\":\"small_ca113e5f_2165_476a_8dcf_ce7a0d85356c_207abacbe0\",\"ext\":\".webp\",\"mime\":\"image/webp\",\"path\":null,\"width\":400,\"height\":500,\"size\":7.99,\"url\":\"/uploads/small_ca113e5f_2165_476a_8dcf_ce7a0d85356c_207abacbe0.webp\"}},\"hash\":\"ca113e5f_2165_476a_8dcf_ce7a0d85356c_207abacbe0\",\"ext\":\".webp\",\"mime\":\"image/webp\",\"size\":30.64,\"url\":\"/uploads/ca113e5f_2165_476a_8dcf_ce7a0d85356c_207abacbe0.webp\",\"previewUrl\":null,\"provider\":\"local\",\"provider_metadata\":null,\"createdAt\":\"2023-04-10T15:32:18.662Z\",\"updatedAt\":\"2023-04-10T15:32:18.662Z\"}},{\"id\":3,\"attributes\":{\"name\":\"0d6a88ca-7ff8-4ad9-991b-b2e2a33cf66e.webp\",\"alternativeText\":null,\"caption\":null,\"width\":864,\"height\":1080,\"formats\":{\"thumbnail\":{\"name\":\"thumbnail_0d6a88ca-7ff8-4ad9-991b-b2e2a33cf66e.webp\",\"hash\":\"thumbnail_0d6a88ca_7ff8_4ad9_991b_b2e2a33cf66e_e498b69fcc\",\"ext\":\".webp\",\"mime\":\"image/webp\",\"path\":null,\"width\":125,\"height\":156,\"size\":1.37,\"url\":\"/uploads/thumbnail_0d6a88ca_7ff8_4ad9_991b_b2e2a33cf66e_e498b69fcc.webp\"},\"large\":{\"name\":\"large_0d6a88ca-7ff8-4ad9-991b-b2e2a33cf66e.webp\",\"hash\":\"large_0d6a88ca_7ff8_4ad9_991b_b2e2a33cf66e_e498b69fcc\",\"ext\":\".webp\",\"mime\":\"image/webp\",\"path\":null,\"width\":800,\"height\":1000,\"size\":21.95,\"url\":\"/uploads/large_0d6a88ca_7ff8_4ad9_991b_b2e2a33cf66e_e498b69fcc.webp\"},\"medium\":{\"name\":\"medium_0d6a88ca-7ff8-4ad9-991b-b2e2a33cf66e.webp\",\"hash\":\"medium_0d6a88ca_7ff8_4ad9_991b_b2e2a33cf66e_e498b69fcc\",\"ext\":\".webp\",\"mime\":\"image/webp\",\"path\":null,\"width\":600,\"height\":750,\"size\":14.34,\"url\":\"/uploads/medium_0d6a88ca_7ff8_4ad9_991b_b2e2a33cf66e_e498b69fcc.webp\"},\"small\":{\"name\":\"small_0d6a88ca-7ff8-4ad9-991b-b2e2a33cf66e.webp\",\"hash\":\"small_0d6a88ca_7ff8_4ad9_991b_b2e2a33cf66e_e498b69fcc\",\"ext\":\".webp\",\"mime\":\"image/webp\",\"path\":null,\"width\":400,\"height\":500,\"size\":7.59,\"url\":\"/uploads/small_0d6a88ca_7ff8_4ad9_991b_b2e2a33cf66e_e498b69fcc.webp\"}},\"hash\":\"0d6a88ca_7ff8_4ad9_991b_b2e2a33cf66e_e498b69fcc\",\"ext\":\".webp\",\"mime\":\"image/webp\",\"size\":30.06,\"url\":\"/uploads/0d6a88ca_7ff8_4ad9_991b_b2e2a33cf66e_e498b69fcc.webp\",\"previewUrl\":null,\"provider\":\"local\",\"provider_metadata\":null,\"createdAt\":\"2023-04-10T15:32:18.644Z\",\"updatedAt\":\"2023-04-10T15:32:18.644Z\"}},{\"id\":2,\"attributes\":{\"name\":\"672537b9-5384-49e0-8128-5dedd538c208.webp\",\"alternativeText\":null,\"caption\":null,\"width\":864,\"height\":1080,\"formats\":{\"thumbnail\":{\"name\":\"thumbnail_672537b9-5384-49e0-8128-5dedd538c208.webp\",\"hash\":\"thumbnail_672537b9_5384_49e0_8128_5dedd538c208_37238b6728\",\"ext\":\".webp\",\"mime\":\"image/webp\",\"path\":null,\"width\":125,\"height\":156,\"size\":0.7,\"url\":\"/uploads/thumbnail_672537b9_5384_49e0_8128_5dedd538c208_37238b6728.webp\"},\"large\":{\"name\":\"large_672537b9-5384-49e0-8128-5dedd538c208.webp\",\"hash\":\"large_672537b9_5384_49e0_8128_5dedd538c208_37238b6728\",\"ext\":\".webp\",\"mime\":\"image/webp\",\"path\":null,\"width\":800,\"height\":1000,\"size\":8.11,\"url\":\"/uploads/large_672537b9_5384_49e0_8128_5dedd538c208_37238b6728.webp\"},\"small\":{\"name\":\"small_672537b9-5384-49e0-8128-5dedd538c208.webp\",\"hash\":\"small_672537b9_5384_49e0_8128_5dedd538c208_37238b6728\",\"ext\":\".webp\",\"mime\":\"image/webp\",\"path\":null,\"width\":400,\"height\":500,\"size\":3.18,\"url\":\"/uploads/small_672537b9_5384_49e0_8128_5dedd538c208_37238b6728.webp\"},\"medium\":{\"name\":\"medium_672537b9-5384-49e0-8128-5dedd538c208.webp\",\"hash\":\"medium_672537b9_5384_49e0_8128_5dedd538c208_37238b6728\",\"ext\":\".webp\",\"mime\":\"image/webp\",\"path\":null,\"width\":600,\"height\":750,\"size\":5.66,\"url\":\"/uploads/medium_672537b9_5384_49e0_8128_5dedd538c208_37238b6728.webp\"}},\"hash\":\"672537b9_5384_49e0_8128_5dedd538c208_37238b6728\",\"ext\":\".webp\",\"mime\":\"image/webp\",\"size\":10.34,\"url\":\"/uploads/672537b9_5384_49e0_8128_5dedd538c208_37238b6728.webp\",\"previewUrl\":null,\"provider\":\"local\",\"provider_metadata\":null,\"createdAt\":\"2023-04-10T15:32:18.511Z\",\"updatedAt\":\"2023-04-10T15:32:18.511Z\"}}]},\"thumbnail\":{\"data\":{\"id\":1,\"attributes\":{\"name\":\"thumbnail.webp\",\"alternativeText\":null,\"caption\":null,\"width\":592,\"height\":592,\"formats\":{\"thumbnail\":{\"name\":\"thumbnail_thumbnail.webp\",\"hash\":\"thumbnail_thumbnail_f2a4d6d988\",\"ext\":\".webp\",\"mime\":\"image/webp\",\"path\":null,\"width\":156,\"height\":156,\"size\":1.75,\"url\":\"/uploads/thumbnail_thumbnail_f2a4d6d988.webp\"},\"small\":{\"name\":\"small_thumbnail.webp\",\"hash\":\"small_thumbnail_f2a4d6d988\",\"ext\":\".webp\",\"mime\":\"image/webp\",\"path\":null,\"width\":500,\"height\":500,\"size\":9.92,\"url\":\"/uploads/small_thumbnail_f2a4d6d988.webp\"}},\"hash\":\"thumbnail_f2a4d6d988\",\"ext\":\".webp\",\"mime\":\"image/webp\",\"size\":15.38,\"url\":\"/uploads/thumbnail_f2a4d6d988.webp\",\"previewUrl\":null,\"provider\":\"local\",\"provider_metadata\":null,\"createdAt\":\"2023-04-10T15:32:18.419Z\",\"updatedAt\":\"2023-04-14T21:50:24.004Z\"}}},\"categories\":{\"data\":[{\"id\":2,\"attributes\":{\"name\":\"Football Shoes\",\"slug\":\"football-shoes\",\"createdAt\":\"2023-04-10T15:35:35.994Z\",\"updatedAt\":\"2023-04-10T15:35:36.658Z\",\"publishedAt\":\"2023-04-10T15:35:36.655Z\"}},{\"id\":1,\"attributes\":{\"name\":\"Jordan\",\"slug\":\"jordan\",\"createdAt\":\"2023-04-10T15:34:36.502Z\",\"updatedAt\":\"2023-04-10T15:34:38.713Z\",\"publishedAt\":\"2023-04-10T15:34:38.710Z\"}}]},\"sizes\":[{\"id\":1,\"name\":\"41\",\"stock\":2},{\"id\":2,\"name\":\"42\",\"stock\":21}],\"cards\":{\"data\":[]}},\"size\":\"42\",\"oneQuantityPrice\":12295,\"count\":1}]', 'test', 'seller@gmail.com', '09974884', NULL, '5');
INSERT INTO `orders` (`id`, `created_at`, `updated_at`, `published_at`, `created_by_id`, `updated_by_id`, `total_price`, `address`, `payment_method`, `status`, `list_products`, `name`, `email`, `phone`, `order_id`, `user_id`) VALUES
(23, '2023-05-02 22:00:23.292000', '2023-05-03 01:42:38.637000', '2023-05-02 22:00:23.284000', NULL, 1, '24590.00', NULL, 'cash', 'new', '[{\"id\":2,\"attributes\":{\"name\":\"Air Jordan 1 Mid SE\",\"subtitle\":\"Men\'s Shoes\",\"price\":12295,\"description\":\"\\\"Every time the AJ1 gets a remake, you get the classic sneaker in new colours and textures for an exciting, revamped look but with all the familiar comforts you know. Premium materials and accents give modern expression to an all-time favourite.\\n\\n- Colour Shown: White/Black/Ice Blue\\n- Style: DV1308-104\\\"\",\"original_price\":20000,\"slug\":\"air-jordan-1-mid-se-1\",\"createdAt\":\"2023-04-10T15:38:29.662Z\",\"updatedAt\":\"2023-04-12T18:15:51.822Z\",\"publishedAt\":\"2023-04-10T15:38:30.801Z\",\"image\":{\"data\":[{\"id\":5,\"attributes\":{\"name\":\"266f9922-ec59-41e3-9b36-85c5fab5c1ec.webp\",\"alternativeText\":null,\"caption\":null,\"width\":864,\"height\":1080,\"formats\":{\"thumbnail\":{\"name\":\"thumbnail_266f9922-ec59-41e3-9b36-85c5fab5c1ec.webp\",\"hash\":\"thumbnail_266f9922_ec59_41e3_9b36_85c5fab5c1ec_b00de598ef\",\"ext\":\".webp\",\"mime\":\"image/webp\",\"path\":null,\"width\":125,\"height\":156,\"size\":2.52,\"url\":\"/uploads/thumbnail_266f9922_ec59_41e3_9b36_85c5fab5c1ec_b00de598ef.webp\"},\"large\":{\"name\":\"large_266f9922-ec59-41e3-9b36-85c5fab5c1ec.webp\",\"hash\":\"large_266f9922_ec59_41e3_9b36_85c5fab5c1ec_b00de598ef\",\"ext\":\".webp\",\"mime\":\"image/webp\",\"path\":null,\"width\":800,\"height\":1000,\"size\":35.85,\"url\":\"/uploads/large_266f9922_ec59_41e3_9b36_85c5fab5c1ec_b00de598ef.webp\"},\"medium\":{\"name\":\"medium_266f9922-ec59-41e3-9b36-85c5fab5c1ec.webp\",\"hash\":\"medium_266f9922_ec59_41e3_9b36_85c5fab5c1ec_b00de598ef\",\"ext\":\".webp\",\"mime\":\"image/webp\",\"path\":null,\"width\":600,\"height\":750,\"size\":24.62,\"url\":\"/uploads/medium_266f9922_ec59_41e3_9b36_85c5fab5c1ec_b00de598ef.webp\"},\"small\":{\"name\":\"small_266f9922-ec59-41e3-9b36-85c5fab5c1ec.webp\",\"hash\":\"small_266f9922_ec59_41e3_9b36_85c5fab5c1ec_b00de598ef\",\"ext\":\".webp\",\"mime\":\"image/webp\",\"path\":null,\"width\":400,\"height\":500,\"size\":13.53,\"url\":\"/uploads/small_266f9922_ec59_41e3_9b36_85c5fab5c1ec_b00de598ef.webp\"}},\"hash\":\"266f9922_ec59_41e3_9b36_85c5fab5c1ec_b00de598ef\",\"ext\":\".webp\",\"mime\":\"image/webp\",\"size\":49.94,\"url\":\"/uploads/266f9922_ec59_41e3_9b36_85c5fab5c1ec_b00de598ef.webp\",\"previewUrl\":null,\"provider\":\"local\",\"provider_metadata\":null,\"createdAt\":\"2023-04-10T15:32:18.665Z\",\"updatedAt\":\"2023-04-10T15:32:18.665Z\"}},{\"id\":4,\"attributes\":{\"name\":\"ca113e5f-2165-476a-8dcf-ce7a0d85356c.webp\",\"alternativeText\":null,\"caption\":null,\"width\":864,\"height\":1080,\"formats\":{\"thumbnail\":{\"name\":\"thumbnail_ca113e5f-2165-476a-8dcf-ce7a0d85356c.webp\",\"hash\":\"thumbnail_ca113e5f_2165_476a_8dcf_ce7a0d85356c_207abacbe0\",\"ext\":\".webp\",\"mime\":\"image/webp\",\"path\":null,\"width\":125,\"height\":156,\"size\":1.4,\"url\":\"/uploads/thumbnail_ca113e5f_2165_476a_8dcf_ce7a0d85356c_207abacbe0.webp\"},\"large\":{\"name\":\"large_ca113e5f-2165-476a-8dcf-ce7a0d85356c.webp\",\"hash\":\"large_ca113e5f_2165_476a_8dcf_ce7a0d85356c_207abacbe0\",\"ext\":\".webp\",\"mime\":\"image/webp\",\"path\":null,\"width\":800,\"height\":1000,\"size\":23.45,\"url\":\"/uploads/large_ca113e5f_2165_476a_8dcf_ce7a0d85356c_207abacbe0.webp\"},\"medium\":{\"name\":\"medium_ca113e5f-2165-476a-8dcf-ce7a0d85356c.webp\",\"hash\":\"medium_ca113e5f_2165_476a_8dcf_ce7a0d85356c_207abacbe0\",\"ext\":\".webp\",\"mime\":\"image/webp\",\"path\":null,\"width\":600,\"height\":750,\"size\":15.26,\"url\":\"/uploads/medium_ca113e5f_2165_476a_8dcf_ce7a0d85356c_207abacbe0.webp\"},\"small\":{\"name\":\"small_ca113e5f-2165-476a-8dcf-ce7a0d85356c.webp\",\"hash\":\"small_ca113e5f_2165_476a_8dcf_ce7a0d85356c_207abacbe0\",\"ext\":\".webp\",\"mime\":\"image/webp\",\"path\":null,\"width\":400,\"height\":500,\"size\":7.99,\"url\":\"/uploads/small_ca113e5f_2165_476a_8dcf_ce7a0d85356c_207abacbe0.webp\"}},\"hash\":\"ca113e5f_2165_476a_8dcf_ce7a0d85356c_207abacbe0\",\"ext\":\".webp\",\"mime\":\"image/webp\",\"size\":30.64,\"url\":\"/uploads/ca113e5f_2165_476a_8dcf_ce7a0d85356c_207abacbe0.webp\",\"previewUrl\":null,\"provider\":\"local\",\"provider_metadata\":null,\"createdAt\":\"2023-04-10T15:32:18.662Z\",\"updatedAt\":\"2023-04-10T15:32:18.662Z\"}},{\"id\":3,\"attributes\":{\"name\":\"0d6a88ca-7ff8-4ad9-991b-b2e2a33cf66e.webp\",\"alternativeText\":null,\"caption\":null,\"width\":864,\"height\":1080,\"formats\":{\"thumbnail\":{\"name\":\"thumbnail_0d6a88ca-7ff8-4ad9-991b-b2e2a33cf66e.webp\",\"hash\":\"thumbnail_0d6a88ca_7ff8_4ad9_991b_b2e2a33cf66e_e498b69fcc\",\"ext\":\".webp\",\"mime\":\"image/webp\",\"path\":null,\"width\":125,\"height\":156,\"size\":1.37,\"url\":\"/uploads/thumbnail_0d6a88ca_7ff8_4ad9_991b_b2e2a33cf66e_e498b69fcc.webp\"},\"large\":{\"name\":\"large_0d6a88ca-7ff8-4ad9-991b-b2e2a33cf66e.webp\",\"hash\":\"large_0d6a88ca_7ff8_4ad9_991b_b2e2a33cf66e_e498b69fcc\",\"ext\":\".webp\",\"mime\":\"image/webp\",\"path\":null,\"width\":800,\"height\":1000,\"size\":21.95,\"url\":\"/uploads/large_0d6a88ca_7ff8_4ad9_991b_b2e2a33cf66e_e498b69fcc.webp\"},\"medium\":{\"name\":\"medium_0d6a88ca-7ff8-4ad9-991b-b2e2a33cf66e.webp\",\"hash\":\"medium_0d6a88ca_7ff8_4ad9_991b_b2e2a33cf66e_e498b69fcc\",\"ext\":\".webp\",\"mime\":\"image/webp\",\"path\":null,\"width\":600,\"height\":750,\"size\":14.34,\"url\":\"/uploads/medium_0d6a88ca_7ff8_4ad9_991b_b2e2a33cf66e_e498b69fcc.webp\"},\"small\":{\"name\":\"small_0d6a88ca-7ff8-4ad9-991b-b2e2a33cf66e.webp\",\"hash\":\"small_0d6a88ca_7ff8_4ad9_991b_b2e2a33cf66e_e498b69fcc\",\"ext\":\".webp\",\"mime\":\"image/webp\",\"path\":null,\"width\":400,\"height\":500,\"size\":7.59,\"url\":\"/uploads/small_0d6a88ca_7ff8_4ad9_991b_b2e2a33cf66e_e498b69fcc.webp\"}},\"hash\":\"0d6a88ca_7ff8_4ad9_991b_b2e2a33cf66e_e498b69fcc\",\"ext\":\".webp\",\"mime\":\"image/webp\",\"size\":30.06,\"url\":\"/uploads/0d6a88ca_7ff8_4ad9_991b_b2e2a33cf66e_e498b69fcc.webp\",\"previewUrl\":null,\"provider\":\"local\",\"provider_metadata\":null,\"createdAt\":\"2023-04-10T15:32:18.644Z\",\"updatedAt\":\"2023-04-10T15:32:18.644Z\"}},{\"id\":2,\"attributes\":{\"name\":\"672537b9-5384-49e0-8128-5dedd538c208.webp\",\"alternativeText\":null,\"caption\":null,\"width\":864,\"height\":1080,\"formats\":{\"thumbnail\":{\"name\":\"thumbnail_672537b9-5384-49e0-8128-5dedd538c208.webp\",\"hash\":\"thumbnail_672537b9_5384_49e0_8128_5dedd538c208_37238b6728\",\"ext\":\".webp\",\"mime\":\"image/webp\",\"path\":null,\"width\":125,\"height\":156,\"size\":0.7,\"url\":\"/uploads/thumbnail_672537b9_5384_49e0_8128_5dedd538c208_37238b6728.webp\"},\"large\":{\"name\":\"large_672537b9-5384-49e0-8128-5dedd538c208.webp\",\"hash\":\"large_672537b9_5384_49e0_8128_5dedd538c208_37238b6728\",\"ext\":\".webp\",\"mime\":\"image/webp\",\"path\":null,\"width\":800,\"height\":1000,\"size\":8.11,\"url\":\"/uploads/large_672537b9_5384_49e0_8128_5dedd538c208_37238b6728.webp\"},\"small\":{\"name\":\"small_672537b9-5384-49e0-8128-5dedd538c208.webp\",\"hash\":\"small_672537b9_5384_49e0_8128_5dedd538c208_37238b6728\",\"ext\":\".webp\",\"mime\":\"image/webp\",\"path\":null,\"width\":400,\"height\":500,\"size\":3.18,\"url\":\"/uploads/small_672537b9_5384_49e0_8128_5dedd538c208_37238b6728.webp\"},\"medium\":{\"name\":\"medium_672537b9-5384-49e0-8128-5dedd538c208.webp\",\"hash\":\"medium_672537b9_5384_49e0_8128_5dedd538c208_37238b6728\",\"ext\":\".webp\",\"mime\":\"image/webp\",\"path\":null,\"width\":600,\"height\":750,\"size\":5.66,\"url\":\"/uploads/medium_672537b9_5384_49e0_8128_5dedd538c208_37238b6728.webp\"}},\"hash\":\"672537b9_5384_49e0_8128_5dedd538c208_37238b6728\",\"ext\":\".webp\",\"mime\":\"image/webp\",\"size\":10.34,\"url\":\"/uploads/672537b9_5384_49e0_8128_5dedd538c208_37238b6728.webp\",\"previewUrl\":null,\"provider\":\"local\",\"provider_metadata\":null,\"createdAt\":\"2023-04-10T15:32:18.511Z\",\"updatedAt\":\"2023-04-10T15:32:18.511Z\"}}]},\"thumbnail\":{\"data\":{\"id\":1,\"attributes\":{\"name\":\"thumbnail.webp\",\"alternativeText\":null,\"caption\":null,\"width\":592,\"height\":592,\"formats\":{\"thumbnail\":{\"name\":\"thumbnail_thumbnail.webp\",\"hash\":\"thumbnail_thumbnail_f2a4d6d988\",\"ext\":\".webp\",\"mime\":\"image/webp\",\"path\":null,\"width\":156,\"height\":156,\"size\":1.75,\"url\":\"/uploads/thumbnail_thumbnail_f2a4d6d988.webp\"},\"small\":{\"name\":\"small_thumbnail.webp\",\"hash\":\"small_thumbnail_f2a4d6d988\",\"ext\":\".webp\",\"mime\":\"image/webp\",\"path\":null,\"width\":500,\"height\":500,\"size\":9.92,\"url\":\"/uploads/small_thumbnail_f2a4d6d988.webp\"}},\"hash\":\"thumbnail_f2a4d6d988\",\"ext\":\".webp\",\"mime\":\"image/webp\",\"size\":15.38,\"url\":\"/uploads/thumbnail_f2a4d6d988.webp\",\"previewUrl\":null,\"provider\":\"local\",\"provider_metadata\":null,\"createdAt\":\"2023-04-10T15:32:18.419Z\",\"updatedAt\":\"2023-04-14T21:50:24.004Z\"}}},\"categories\":{\"data\":[{\"id\":4,\"attributes\":{\"name\":\"Running Shoes\",\"slug\":\"running-shoes\",\"createdAt\":\"2023-04-10T15:36:18.091Z\",\"updatedAt\":\"2023-04-10T15:36:23.386Z\",\"publishedAt\":\"2023-04-10T15:36:23.381Z\"}},{\"id\":3,\"attributes\":{\"name\":\"Sneakers\",\"slug\":\"sneakers\",\"createdAt\":\"2023-04-10T15:35:56.810Z\",\"updatedAt\":\"2023-04-10T15:35:57.501Z\",\"publishedAt\":\"2023-04-10T15:35:57.497Z\"}}]},\"sizes\":[{\"id\":3,\"name\":\"M\",\"stock\":223},{\"id\":4,\"name\":\"L\",\"stock\":31}],\"cards\":{\"data\":[]}},\"size\":\"M\",\"oneQuantityPrice\":12295,\"count\":1},{\"id\":2,\"attributes\":{\"name\":\"Air Jordan 1 Mid SE\",\"subtitle\":\"Men\'s Shoes\",\"price\":12295,\"description\":\"\\\"Every time the AJ1 gets a remake, you get the classic sneaker in new colours and textures for an exciting, revamped look but with all the familiar comforts you know. Premium materials and accents give modern expression to an all-time favourite.\\n\\n- Colour Shown: White/Black/Ice Blue\\n- Style: DV1308-104\\\"\",\"original_price\":20000,\"slug\":\"air-jordan-1-mid-se-1\",\"createdAt\":\"2023-04-10T15:38:29.662Z\",\"updatedAt\":\"2023-04-12T18:15:51.822Z\",\"publishedAt\":\"2023-04-10T15:38:30.801Z\",\"image\":{\"data\":[{\"id\":5,\"attributes\":{\"name\":\"266f9922-ec59-41e3-9b36-85c5fab5c1ec.webp\",\"alternativeText\":null,\"caption\":null,\"width\":864,\"height\":1080,\"formats\":{\"thumbnail\":{\"name\":\"thumbnail_266f9922-ec59-41e3-9b36-85c5fab5c1ec.webp\",\"hash\":\"thumbnail_266f9922_ec59_41e3_9b36_85c5fab5c1ec_b00de598ef\",\"ext\":\".webp\",\"mime\":\"image/webp\",\"path\":null,\"width\":125,\"height\":156,\"size\":2.52,\"url\":\"/uploads/thumbnail_266f9922_ec59_41e3_9b36_85c5fab5c1ec_b00de598ef.webp\"},\"large\":{\"name\":\"large_266f9922-ec59-41e3-9b36-85c5fab5c1ec.webp\",\"hash\":\"large_266f9922_ec59_41e3_9b36_85c5fab5c1ec_b00de598ef\",\"ext\":\".webp\",\"mime\":\"image/webp\",\"path\":null,\"width\":800,\"height\":1000,\"size\":35.85,\"url\":\"/uploads/large_266f9922_ec59_41e3_9b36_85c5fab5c1ec_b00de598ef.webp\"},\"medium\":{\"name\":\"medium_266f9922-ec59-41e3-9b36-85c5fab5c1ec.webp\",\"hash\":\"medium_266f9922_ec59_41e3_9b36_85c5fab5c1ec_b00de598ef\",\"ext\":\".webp\",\"mime\":\"image/webp\",\"path\":null,\"width\":600,\"height\":750,\"size\":24.62,\"url\":\"/uploads/medium_266f9922_ec59_41e3_9b36_85c5fab5c1ec_b00de598ef.webp\"},\"small\":{\"name\":\"small_266f9922-ec59-41e3-9b36-85c5fab5c1ec.webp\",\"hash\":\"small_266f9922_ec59_41e3_9b36_85c5fab5c1ec_b00de598ef\",\"ext\":\".webp\",\"mime\":\"image/webp\",\"path\":null,\"width\":400,\"height\":500,\"size\":13.53,\"url\":\"/uploads/small_266f9922_ec59_41e3_9b36_85c5fab5c1ec_b00de598ef.webp\"}},\"hash\":\"266f9922_ec59_41e3_9b36_85c5fab5c1ec_b00de598ef\",\"ext\":\".webp\",\"mime\":\"image/webp\",\"size\":49.94,\"url\":\"/uploads/266f9922_ec59_41e3_9b36_85c5fab5c1ec_b00de598ef.webp\",\"previewUrl\":null,\"provider\":\"local\",\"provider_metadata\":null,\"createdAt\":\"2023-04-10T15:32:18.665Z\",\"updatedAt\":\"2023-04-10T15:32:18.665Z\"}},{\"id\":4,\"attributes\":{\"name\":\"ca113e5f-2165-476a-8dcf-ce7a0d85356c.webp\",\"alternativeText\":null,\"caption\":null,\"width\":864,\"height\":1080,\"formats\":{\"thumbnail\":{\"name\":\"thumbnail_ca113e5f-2165-476a-8dcf-ce7a0d85356c.webp\",\"hash\":\"thumbnail_ca113e5f_2165_476a_8dcf_ce7a0d85356c_207abacbe0\",\"ext\":\".webp\",\"mime\":\"image/webp\",\"path\":null,\"width\":125,\"height\":156,\"size\":1.4,\"url\":\"/uploads/thumbnail_ca113e5f_2165_476a_8dcf_ce7a0d85356c_207abacbe0.webp\"},\"large\":{\"name\":\"large_ca113e5f-2165-476a-8dcf-ce7a0d85356c.webp\",\"hash\":\"large_ca113e5f_2165_476a_8dcf_ce7a0d85356c_207abacbe0\",\"ext\":\".webp\",\"mime\":\"image/webp\",\"path\":null,\"width\":800,\"height\":1000,\"size\":23.45,\"url\":\"/uploads/large_ca113e5f_2165_476a_8dcf_ce7a0d85356c_207abacbe0.webp\"},\"medium\":{\"name\":\"medium_ca113e5f-2165-476a-8dcf-ce7a0d85356c.webp\",\"hash\":\"medium_ca113e5f_2165_476a_8dcf_ce7a0d85356c_207abacbe0\",\"ext\":\".webp\",\"mime\":\"image/webp\",\"path\":null,\"width\":600,\"height\":750,\"size\":15.26,\"url\":\"/uploads/medium_ca113e5f_2165_476a_8dcf_ce7a0d85356c_207abacbe0.webp\"},\"small\":{\"name\":\"small_ca113e5f-2165-476a-8dcf-ce7a0d85356c.webp\",\"hash\":\"small_ca113e5f_2165_476a_8dcf_ce7a0d85356c_207abacbe0\",\"ext\":\".webp\",\"mime\":\"image/webp\",\"path\":null,\"width\":400,\"height\":500,\"size\":7.99,\"url\":\"/uploads/small_ca113e5f_2165_476a_8dcf_ce7a0d85356c_207abacbe0.webp\"}},\"hash\":\"ca113e5f_2165_476a_8dcf_ce7a0d85356c_207abacbe0\",\"ext\":\".webp\",\"mime\":\"image/webp\",\"size\":30.64,\"url\":\"/uploads/ca113e5f_2165_476a_8dcf_ce7a0d85356c_207abacbe0.webp\",\"previewUrl\":null,\"provider\":\"local\",\"provider_metadata\":null,\"createdAt\":\"2023-04-10T15:32:18.662Z\",\"updatedAt\":\"2023-04-10T15:32:18.662Z\"}},{\"id\":3,\"attributes\":{\"name\":\"0d6a88ca-7ff8-4ad9-991b-b2e2a33cf66e.webp\",\"alternativeText\":null,\"caption\":null,\"width\":864,\"height\":1080,\"formats\":{\"thumbnail\":{\"name\":\"thumbnail_0d6a88ca-7ff8-4ad9-991b-b2e2a33cf66e.webp\",\"hash\":\"thumbnail_0d6a88ca_7ff8_4ad9_991b_b2e2a33cf66e_e498b69fcc\",\"ext\":\".webp\",\"mime\":\"image/webp\",\"path\":null,\"width\":125,\"height\":156,\"size\":1.37,\"url\":\"/uploads/thumbnail_0d6a88ca_7ff8_4ad9_991b_b2e2a33cf66e_e498b69fcc.webp\"},\"large\":{\"name\":\"large_0d6a88ca-7ff8-4ad9-991b-b2e2a33cf66e.webp\",\"hash\":\"large_0d6a88ca_7ff8_4ad9_991b_b2e2a33cf66e_e498b69fcc\",\"ext\":\".webp\",\"mime\":\"image/webp\",\"path\":null,\"width\":800,\"height\":1000,\"size\":21.95,\"url\":\"/uploads/large_0d6a88ca_7ff8_4ad9_991b_b2e2a33cf66e_e498b69fcc.webp\"},\"medium\":{\"name\":\"medium_0d6a88ca-7ff8-4ad9-991b-b2e2a33cf66e.webp\",\"hash\":\"medium_0d6a88ca_7ff8_4ad9_991b_b2e2a33cf66e_e498b69fcc\",\"ext\":\".webp\",\"mime\":\"image/webp\",\"path\":null,\"width\":600,\"height\":750,\"size\":14.34,\"url\":\"/uploads/medium_0d6a88ca_7ff8_4ad9_991b_b2e2a33cf66e_e498b69fcc.webp\"},\"small\":{\"name\":\"small_0d6a88ca-7ff8-4ad9-991b-b2e2a33cf66e.webp\",\"hash\":\"small_0d6a88ca_7ff8_4ad9_991b_b2e2a33cf66e_e498b69fcc\",\"ext\":\".webp\",\"mime\":\"image/webp\",\"path\":null,\"width\":400,\"height\":500,\"size\":7.59,\"url\":\"/uploads/small_0d6a88ca_7ff8_4ad9_991b_b2e2a33cf66e_e498b69fcc.webp\"}},\"hash\":\"0d6a88ca_7ff8_4ad9_991b_b2e2a33cf66e_e498b69fcc\",\"ext\":\".webp\",\"mime\":\"image/webp\",\"size\":30.06,\"url\":\"/uploads/0d6a88ca_7ff8_4ad9_991b_b2e2a33cf66e_e498b69fcc.webp\",\"previewUrl\":null,\"provider\":\"local\",\"provider_metadata\":null,\"createdAt\":\"2023-04-10T15:32:18.644Z\",\"updatedAt\":\"2023-04-10T15:32:18.644Z\"}},{\"id\":2,\"attributes\":{\"name\":\"672537b9-5384-49e0-8128-5dedd538c208.webp\",\"alternativeText\":null,\"caption\":null,\"width\":864,\"height\":1080,\"formats\":{\"thumbnail\":{\"name\":\"thumbnail_672537b9-5384-49e0-8128-5dedd538c208.webp\",\"hash\":\"thumbnail_672537b9_5384_49e0_8128_5dedd538c208_37238b6728\",\"ext\":\".webp\",\"mime\":\"image/webp\",\"path\":null,\"width\":125,\"height\":156,\"size\":0.7,\"url\":\"/uploads/thumbnail_672537b9_5384_49e0_8128_5dedd538c208_37238b6728.webp\"},\"large\":{\"name\":\"large_672537b9-5384-49e0-8128-5dedd538c208.webp\",\"hash\":\"large_672537b9_5384_49e0_8128_5dedd538c208_37238b6728\",\"ext\":\".webp\",\"mime\":\"image/webp\",\"path\":null,\"width\":800,\"height\":1000,\"size\":8.11,\"url\":\"/uploads/large_672537b9_5384_49e0_8128_5dedd538c208_37238b6728.webp\"},\"small\":{\"name\":\"small_672537b9-5384-49e0-8128-5dedd538c208.webp\",\"hash\":\"small_672537b9_5384_49e0_8128_5dedd538c208_37238b6728\",\"ext\":\".webp\",\"mime\":\"image/webp\",\"path\":null,\"width\":400,\"height\":500,\"size\":3.18,\"url\":\"/uploads/small_672537b9_5384_49e0_8128_5dedd538c208_37238b6728.webp\"},\"medium\":{\"name\":\"medium_672537b9-5384-49e0-8128-5dedd538c208.webp\",\"hash\":\"medium_672537b9_5384_49e0_8128_5dedd538c208_37238b6728\",\"ext\":\".webp\",\"mime\":\"image/webp\",\"path\":null,\"width\":600,\"height\":750,\"size\":5.66,\"url\":\"/uploads/medium_672537b9_5384_49e0_8128_5dedd538c208_37238b6728.webp\"}},\"hash\":\"672537b9_5384_49e0_8128_5dedd538c208_37238b6728\",\"ext\":\".webp\",\"mime\":\"image/webp\",\"size\":10.34,\"url\":\"/uploads/672537b9_5384_49e0_8128_5dedd538c208_37238b6728.webp\",\"previewUrl\":null,\"provider\":\"local\",\"provider_metadata\":null,\"createdAt\":\"2023-04-10T15:32:18.511Z\",\"updatedAt\":\"2023-04-10T15:32:18.511Z\"}}]},\"thumbnail\":{\"data\":{\"id\":1,\"attributes\":{\"name\":\"thumbnail.webp\",\"alternativeText\":null,\"caption\":null,\"width\":592,\"height\":592,\"formats\":{\"thumbnail\":{\"name\":\"thumbnail_thumbnail.webp\",\"hash\":\"thumbnail_thumbnail_f2a4d6d988\",\"ext\":\".webp\",\"mime\":\"image/webp\",\"path\":null,\"width\":156,\"height\":156,\"size\":1.75,\"url\":\"/uploads/thumbnail_thumbnail_f2a4d6d988.webp\"},\"small\":{\"name\":\"small_thumbnail.webp\",\"hash\":\"small_thumbnail_f2a4d6d988\",\"ext\":\".webp\",\"mime\":\"image/webp\",\"path\":null,\"width\":500,\"height\":500,\"size\":9.92,\"url\":\"/uploads/small_thumbnail_f2a4d6d988.webp\"}},\"hash\":\"thumbnail_f2a4d6d988\",\"ext\":\".webp\",\"mime\":\"image/webp\",\"size\":15.38,\"url\":\"/uploads/thumbnail_f2a4d6d988.webp\",\"previewUrl\":null,\"provider\":\"local\",\"provider_metadata\":null,\"createdAt\":\"2023-04-10T15:32:18.419Z\",\"updatedAt\":\"2023-04-14T21:50:24.004Z\"}}},\"categories\":{\"data\":[{\"id\":4,\"attributes\":{\"name\":\"Running Shoes\",\"slug\":\"running-shoes\",\"createdAt\":\"2023-04-10T15:36:18.091Z\",\"updatedAt\":\"2023-04-10T15:36:23.386Z\",\"publishedAt\":\"2023-04-10T15:36:23.381Z\"}},{\"id\":3,\"attributes\":{\"name\":\"Sneakers\",\"slug\":\"sneakers\",\"createdAt\":\"2023-04-10T15:35:56.810Z\",\"updatedAt\":\"2023-04-10T15:35:57.501Z\",\"publishedAt\":\"2023-04-10T15:35:57.497Z\"}}]},\"sizes\":[{\"id\":3,\"name\":\"M\",\"stock\":223},{\"id\":4,\"name\":\"L\",\"stock\":31}],\"cards\":{\"data\":[]}},\"size\":\"L\",\"oneQuantityPrice\":12295,\"count\":1}]', 'orderId', 'test@gmail.com', '09974884', '43999663-c0c9-4ebe-b11a-2208fef87a3b', '5'),
(24, '2023-05-03 01:26:09.049000', '2023-05-03 01:34:29.289000', '2023-05-03 01:26:09.039000', NULL, 1, '24590.00', NULL, 'cash', 'new', '[{\"id\":1,\"attributes\":{\"name\":\"Air Jordan 1 Mid 124213\",\"subtitle\":\"Men\'s Shoes\",\"price\":12295,\"description\":\"\\\"Every time the AJ1 gets a remake, you get the classic sneaker in new colours and textures for an exciting, revamped look but with all the familiar comforts you know. Premium materials and accents give modern expression to an all-time favourite.\\n\\n- Colour Shown: White/Black/Ice Blue\\n- Style: DV1308-104\\\"\",\"original_price\":20000,\"slug\":\"air-jordan-1-mid-se\",\"createdAt\":\"2023-04-10T15:34:05.130Z\",\"updatedAt\":\"2023-04-20T08:42:18.220Z\",\"publishedAt\":\"2023-04-10T15:34:09.644Z\",\"image\":{\"data\":[{\"id\":5,\"attributes\":{\"name\":\"266f9922-ec59-41e3-9b36-85c5fab5c1ec.webp\",\"alternativeText\":null,\"caption\":null,\"width\":864,\"height\":1080,\"formats\":{\"thumbnail\":{\"name\":\"thumbnail_266f9922-ec59-41e3-9b36-85c5fab5c1ec.webp\",\"hash\":\"thumbnail_266f9922_ec59_41e3_9b36_85c5fab5c1ec_b00de598ef\",\"ext\":\".webp\",\"mime\":\"image/webp\",\"path\":null,\"width\":125,\"height\":156,\"size\":2.52,\"url\":\"/uploads/thumbnail_266f9922_ec59_41e3_9b36_85c5fab5c1ec_b00de598ef.webp\"},\"large\":{\"name\":\"large_266f9922-ec59-41e3-9b36-85c5fab5c1ec.webp\",\"hash\":\"large_266f9922_ec59_41e3_9b36_85c5fab5c1ec_b00de598ef\",\"ext\":\".webp\",\"mime\":\"image/webp\",\"path\":null,\"width\":800,\"height\":1000,\"size\":35.85,\"url\":\"/uploads/large_266f9922_ec59_41e3_9b36_85c5fab5c1ec_b00de598ef.webp\"},\"medium\":{\"name\":\"medium_266f9922-ec59-41e3-9b36-85c5fab5c1ec.webp\",\"hash\":\"medium_266f9922_ec59_41e3_9b36_85c5fab5c1ec_b00de598ef\",\"ext\":\".webp\",\"mime\":\"image/webp\",\"path\":null,\"width\":600,\"height\":750,\"size\":24.62,\"url\":\"/uploads/medium_266f9922_ec59_41e3_9b36_85c5fab5c1ec_b00de598ef.webp\"},\"small\":{\"name\":\"small_266f9922-ec59-41e3-9b36-85c5fab5c1ec.webp\",\"hash\":\"small_266f9922_ec59_41e3_9b36_85c5fab5c1ec_b00de598ef\",\"ext\":\".webp\",\"mime\":\"image/webp\",\"path\":null,\"width\":400,\"height\":500,\"size\":13.53,\"url\":\"/uploads/small_266f9922_ec59_41e3_9b36_85c5fab5c1ec_b00de598ef.webp\"}},\"hash\":\"266f9922_ec59_41e3_9b36_85c5fab5c1ec_b00de598ef\",\"ext\":\".webp\",\"mime\":\"image/webp\",\"size\":49.94,\"url\":\"/uploads/266f9922_ec59_41e3_9b36_85c5fab5c1ec_b00de598ef.webp\",\"previewUrl\":null,\"provider\":\"local\",\"provider_metadata\":null,\"createdAt\":\"2023-04-10T15:32:18.665Z\",\"updatedAt\":\"2023-04-10T15:32:18.665Z\"}},{\"id\":4,\"attributes\":{\"name\":\"ca113e5f-2165-476a-8dcf-ce7a0d85356c.webp\",\"alternativeText\":null,\"caption\":null,\"width\":864,\"height\":1080,\"formats\":{\"thumbnail\":{\"name\":\"thumbnail_ca113e5f-2165-476a-8dcf-ce7a0d85356c.webp\",\"hash\":\"thumbnail_ca113e5f_2165_476a_8dcf_ce7a0d85356c_207abacbe0\",\"ext\":\".webp\",\"mime\":\"image/webp\",\"path\":null,\"width\":125,\"height\":156,\"size\":1.4,\"url\":\"/uploads/thumbnail_ca113e5f_2165_476a_8dcf_ce7a0d85356c_207abacbe0.webp\"},\"large\":{\"name\":\"large_ca113e5f-2165-476a-8dcf-ce7a0d85356c.webp\",\"hash\":\"large_ca113e5f_2165_476a_8dcf_ce7a0d85356c_207abacbe0\",\"ext\":\".webp\",\"mime\":\"image/webp\",\"path\":null,\"width\":800,\"height\":1000,\"size\":23.45,\"url\":\"/uploads/large_ca113e5f_2165_476a_8dcf_ce7a0d85356c_207abacbe0.webp\"},\"medium\":{\"name\":\"medium_ca113e5f-2165-476a-8dcf-ce7a0d85356c.webp\",\"hash\":\"medium_ca113e5f_2165_476a_8dcf_ce7a0d85356c_207abacbe0\",\"ext\":\".webp\",\"mime\":\"image/webp\",\"path\":null,\"width\":600,\"height\":750,\"size\":15.26,\"url\":\"/uploads/medium_ca113e5f_2165_476a_8dcf_ce7a0d85356c_207abacbe0.webp\"},\"small\":{\"name\":\"small_ca113e5f-2165-476a-8dcf-ce7a0d85356c.webp\",\"hash\":\"small_ca113e5f_2165_476a_8dcf_ce7a0d85356c_207abacbe0\",\"ext\":\".webp\",\"mime\":\"image/webp\",\"path\":null,\"width\":400,\"height\":500,\"size\":7.99,\"url\":\"/uploads/small_ca113e5f_2165_476a_8dcf_ce7a0d85356c_207abacbe0.webp\"}},\"hash\":\"ca113e5f_2165_476a_8dcf_ce7a0d85356c_207abacbe0\",\"ext\":\".webp\",\"mime\":\"image/webp\",\"size\":30.64,\"url\":\"/uploads/ca113e5f_2165_476a_8dcf_ce7a0d85356c_207abacbe0.webp\",\"previewUrl\":null,\"provider\":\"local\",\"provider_metadata\":null,\"createdAt\":\"2023-04-10T15:32:18.662Z\",\"updatedAt\":\"2023-04-10T15:32:18.662Z\"}},{\"id\":3,\"attributes\":{\"name\":\"0d6a88ca-7ff8-4ad9-991b-b2e2a33cf66e.webp\",\"alternativeText\":null,\"caption\":null,\"width\":864,\"height\":1080,\"formats\":{\"thumbnail\":{\"name\":\"thumbnail_0d6a88ca-7ff8-4ad9-991b-b2e2a33cf66e.webp\",\"hash\":\"thumbnail_0d6a88ca_7ff8_4ad9_991b_b2e2a33cf66e_e498b69fcc\",\"ext\":\".webp\",\"mime\":\"image/webp\",\"path\":null,\"width\":125,\"height\":156,\"size\":1.37,\"url\":\"/uploads/thumbnail_0d6a88ca_7ff8_4ad9_991b_b2e2a33cf66e_e498b69fcc.webp\"},\"large\":{\"name\":\"large_0d6a88ca-7ff8-4ad9-991b-b2e2a33cf66e.webp\",\"hash\":\"large_0d6a88ca_7ff8_4ad9_991b_b2e2a33cf66e_e498b69fcc\",\"ext\":\".webp\",\"mime\":\"image/webp\",\"path\":null,\"width\":800,\"height\":1000,\"size\":21.95,\"url\":\"/uploads/large_0d6a88ca_7ff8_4ad9_991b_b2e2a33cf66e_e498b69fcc.webp\"},\"medium\":{\"name\":\"medium_0d6a88ca-7ff8-4ad9-991b-b2e2a33cf66e.webp\",\"hash\":\"medium_0d6a88ca_7ff8_4ad9_991b_b2e2a33cf66e_e498b69fcc\",\"ext\":\".webp\",\"mime\":\"image/webp\",\"path\":null,\"width\":600,\"height\":750,\"size\":14.34,\"url\":\"/uploads/medium_0d6a88ca_7ff8_4ad9_991b_b2e2a33cf66e_e498b69fcc.webp\"},\"small\":{\"name\":\"small_0d6a88ca-7ff8-4ad9-991b-b2e2a33cf66e.webp\",\"hash\":\"small_0d6a88ca_7ff8_4ad9_991b_b2e2a33cf66e_e498b69fcc\",\"ext\":\".webp\",\"mime\":\"image/webp\",\"path\":null,\"width\":400,\"height\":500,\"size\":7.59,\"url\":\"/uploads/small_0d6a88ca_7ff8_4ad9_991b_b2e2a33cf66e_e498b69fcc.webp\"}},\"hash\":\"0d6a88ca_7ff8_4ad9_991b_b2e2a33cf66e_e498b69fcc\",\"ext\":\".webp\",\"mime\":\"image/webp\",\"size\":30.06,\"url\":\"/uploads/0d6a88ca_7ff8_4ad9_991b_b2e2a33cf66e_e498b69fcc.webp\",\"previewUrl\":null,\"provider\":\"local\",\"provider_metadata\":null,\"createdAt\":\"2023-04-10T15:32:18.644Z\",\"updatedAt\":\"2023-04-10T15:32:18.644Z\"}},{\"id\":2,\"attributes\":{\"name\":\"672537b9-5384-49e0-8128-5dedd538c208.webp\",\"alternativeText\":null,\"caption\":null,\"width\":864,\"height\":1080,\"formats\":{\"thumbnail\":{\"name\":\"thumbnail_672537b9-5384-49e0-8128-5dedd538c208.webp\",\"hash\":\"thumbnail_672537b9_5384_49e0_8128_5dedd538c208_37238b6728\",\"ext\":\".webp\",\"mime\":\"image/webp\",\"path\":null,\"width\":125,\"height\":156,\"size\":0.7,\"url\":\"/uploads/thumbnail_672537b9_5384_49e0_8128_5dedd538c208_37238b6728.webp\"},\"large\":{\"name\":\"large_672537b9-5384-49e0-8128-5dedd538c208.webp\",\"hash\":\"large_672537b9_5384_49e0_8128_5dedd538c208_37238b6728\",\"ext\":\".webp\",\"mime\":\"image/webp\",\"path\":null,\"width\":800,\"height\":1000,\"size\":8.11,\"url\":\"/uploads/large_672537b9_5384_49e0_8128_5dedd538c208_37238b6728.webp\"},\"small\":{\"name\":\"small_672537b9-5384-49e0-8128-5dedd538c208.webp\",\"hash\":\"small_672537b9_5384_49e0_8128_5dedd538c208_37238b6728\",\"ext\":\".webp\",\"mime\":\"image/webp\",\"path\":null,\"width\":400,\"height\":500,\"size\":3.18,\"url\":\"/uploads/small_672537b9_5384_49e0_8128_5dedd538c208_37238b6728.webp\"},\"medium\":{\"name\":\"medium_672537b9-5384-49e0-8128-5dedd538c208.webp\",\"hash\":\"medium_672537b9_5384_49e0_8128_5dedd538c208_37238b6728\",\"ext\":\".webp\",\"mime\":\"image/webp\",\"path\":null,\"width\":600,\"height\":750,\"size\":5.66,\"url\":\"/uploads/medium_672537b9_5384_49e0_8128_5dedd538c208_37238b6728.webp\"}},\"hash\":\"672537b9_5384_49e0_8128_5dedd538c208_37238b6728\",\"ext\":\".webp\",\"mime\":\"image/webp\",\"size\":10.34,\"url\":\"/uploads/672537b9_5384_49e0_8128_5dedd538c208_37238b6728.webp\",\"previewUrl\":null,\"provider\":\"local\",\"provider_metadata\":null,\"createdAt\":\"2023-04-10T15:32:18.511Z\",\"updatedAt\":\"2023-04-10T15:32:18.511Z\"}}]},\"thumbnail\":{\"data\":{\"id\":1,\"attributes\":{\"name\":\"thumbnail.webp\",\"alternativeText\":null,\"caption\":null,\"width\":592,\"height\":592,\"formats\":{\"thumbnail\":{\"name\":\"thumbnail_thumbnail.webp\",\"hash\":\"thumbnail_thumbnail_f2a4d6d988\",\"ext\":\".webp\",\"mime\":\"image/webp\",\"path\":null,\"width\":156,\"height\":156,\"size\":1.75,\"url\":\"/uploads/thumbnail_thumbnail_f2a4d6d988.webp\"},\"small\":{\"name\":\"small_thumbnail.webp\",\"hash\":\"small_thumbnail_f2a4d6d988\",\"ext\":\".webp\",\"mime\":\"image/webp\",\"path\":null,\"width\":500,\"height\":500,\"size\":9.92,\"url\":\"/uploads/small_thumbnail_f2a4d6d988.webp\"}},\"hash\":\"thumbnail_f2a4d6d988\",\"ext\":\".webp\",\"mime\":\"image/webp\",\"size\":15.38,\"url\":\"/uploads/thumbnail_f2a4d6d988.webp\",\"previewUrl\":null,\"provider\":\"local\",\"provider_metadata\":null,\"createdAt\":\"2023-04-10T15:32:18.419Z\",\"updatedAt\":\"2023-04-14T21:50:24.004Z\"}}},\"sizes\":[{\"id\":1,\"name\":\"41\",\"stock\":2},{\"id\":2,\"name\":\"42\",\"stock\":21}],\"cards\":{\"data\":[]}},\"size\":\"41\",\"count\":1},{\"id\":1,\"attributes\":{\"name\":\"Air Jordan 1 Mid 124213\",\"subtitle\":\"Men\'s Shoes\",\"price\":12295,\"description\":\"\\\"Every time the AJ1 gets a remake, you get the classic sneaker in new colours and textures for an exciting, revamped look but with all the familiar comforts you know. Premium materials and accents give modern expression to an all-time favourite.\\n\\n- Colour Shown: White/Black/Ice Blue\\n- Style: DV1308-104\\\"\",\"original_price\":20000,\"slug\":\"air-jordan-1-mid-se\",\"createdAt\":\"2023-04-10T15:34:05.130Z\",\"updatedAt\":\"2023-04-20T08:42:18.220Z\",\"publishedAt\":\"2023-04-10T15:34:09.644Z\",\"image\":{\"data\":[{\"id\":5,\"attributes\":{\"name\":\"266f9922-ec59-41e3-9b36-85c5fab5c1ec.webp\",\"alternativeText\":null,\"caption\":null,\"width\":864,\"height\":1080,\"formats\":{\"thumbnail\":{\"name\":\"thumbnail_266f9922-ec59-41e3-9b36-85c5fab5c1ec.webp\",\"hash\":\"thumbnail_266f9922_ec59_41e3_9b36_85c5fab5c1ec_b00de598ef\",\"ext\":\".webp\",\"mime\":\"image/webp\",\"path\":null,\"width\":125,\"height\":156,\"size\":2.52,\"url\":\"/uploads/thumbnail_266f9922_ec59_41e3_9b36_85c5fab5c1ec_b00de598ef.webp\"},\"large\":{\"name\":\"large_266f9922-ec59-41e3-9b36-85c5fab5c1ec.webp\",\"hash\":\"large_266f9922_ec59_41e3_9b36_85c5fab5c1ec_b00de598ef\",\"ext\":\".webp\",\"mime\":\"image/webp\",\"path\":null,\"width\":800,\"height\":1000,\"size\":35.85,\"url\":\"/uploads/large_266f9922_ec59_41e3_9b36_85c5fab5c1ec_b00de598ef.webp\"},\"medium\":{\"name\":\"medium_266f9922-ec59-41e3-9b36-85c5fab5c1ec.webp\",\"hash\":\"medium_266f9922_ec59_41e3_9b36_85c5fab5c1ec_b00de598ef\",\"ext\":\".webp\",\"mime\":\"image/webp\",\"path\":null,\"width\":600,\"height\":750,\"size\":24.62,\"url\":\"/uploads/medium_266f9922_ec59_41e3_9b36_85c5fab5c1ec_b00de598ef.webp\"},\"small\":{\"name\":\"small_266f9922-ec59-41e3-9b36-85c5fab5c1ec.webp\",\"hash\":\"small_266f9922_ec59_41e3_9b36_85c5fab5c1ec_b00de598ef\",\"ext\":\".webp\",\"mime\":\"image/webp\",\"path\":null,\"width\":400,\"height\":500,\"size\":13.53,\"url\":\"/uploads/small_266f9922_ec59_41e3_9b36_85c5fab5c1ec_b00de598ef.webp\"}},\"hash\":\"266f9922_ec59_41e3_9b36_85c5fab5c1ec_b00de598ef\",\"ext\":\".webp\",\"mime\":\"image/webp\",\"size\":49.94,\"url\":\"/uploads/266f9922_ec59_41e3_9b36_85c5fab5c1ec_b00de598ef.webp\",\"previewUrl\":null,\"provider\":\"local\",\"provider_metadata\":null,\"createdAt\":\"2023-04-10T15:32:18.665Z\",\"updatedAt\":\"2023-04-10T15:32:18.665Z\"}},{\"id\":4,\"attributes\":{\"name\":\"ca113e5f-2165-476a-8dcf-ce7a0d85356c.webp\",\"alternativeText\":null,\"caption\":null,\"width\":864,\"height\":1080,\"formats\":{\"thumbnail\":{\"name\":\"thumbnail_ca113e5f-2165-476a-8dcf-ce7a0d85356c.webp\",\"hash\":\"thumbnail_ca113e5f_2165_476a_8dcf_ce7a0d85356c_207abacbe0\",\"ext\":\".webp\",\"mime\":\"image/webp\",\"path\":null,\"width\":125,\"height\":156,\"size\":1.4,\"url\":\"/uploads/thumbnail_ca113e5f_2165_476a_8dcf_ce7a0d85356c_207abacbe0.webp\"},\"large\":{\"name\":\"large_ca113e5f-2165-476a-8dcf-ce7a0d85356c.webp\",\"hash\":\"large_ca113e5f_2165_476a_8dcf_ce7a0d85356c_207abacbe0\",\"ext\":\".webp\",\"mime\":\"image/webp\",\"path\":null,\"width\":800,\"height\":1000,\"size\":23.45,\"url\":\"/uploads/large_ca113e5f_2165_476a_8dcf_ce7a0d85356c_207abacbe0.webp\"},\"medium\":{\"name\":\"medium_ca113e5f-2165-476a-8dcf-ce7a0d85356c.webp\",\"hash\":\"medium_ca113e5f_2165_476a_8dcf_ce7a0d85356c_207abacbe0\",\"ext\":\".webp\",\"mime\":\"image/webp\",\"path\":null,\"width\":600,\"height\":750,\"size\":15.26,\"url\":\"/uploads/medium_ca113e5f_2165_476a_8dcf_ce7a0d85356c_207abacbe0.webp\"},\"small\":{\"name\":\"small_ca113e5f-2165-476a-8dcf-ce7a0d85356c.webp\",\"hash\":\"small_ca113e5f_2165_476a_8dcf_ce7a0d85356c_207abacbe0\",\"ext\":\".webp\",\"mime\":\"image/webp\",\"path\":null,\"width\":400,\"height\":500,\"size\":7.99,\"url\":\"/uploads/small_ca113e5f_2165_476a_8dcf_ce7a0d85356c_207abacbe0.webp\"}},\"hash\":\"ca113e5f_2165_476a_8dcf_ce7a0d85356c_207abacbe0\",\"ext\":\".webp\",\"mime\":\"image/webp\",\"size\":30.64,\"url\":\"/uploads/ca113e5f_2165_476a_8dcf_ce7a0d85356c_207abacbe0.webp\",\"previewUrl\":null,\"provider\":\"local\",\"provider_metadata\":null,\"createdAt\":\"2023-04-10T15:32:18.662Z\",\"updatedAt\":\"2023-04-10T15:32:18.662Z\"}},{\"id\":3,\"attributes\":{\"name\":\"0d6a88ca-7ff8-4ad9-991b-b2e2a33cf66e.webp\",\"alternativeText\":null,\"caption\":null,\"width\":864,\"height\":1080,\"formats\":{\"thumbnail\":{\"name\":\"thumbnail_0d6a88ca-7ff8-4ad9-991b-b2e2a33cf66e.webp\",\"hash\":\"thumbnail_0d6a88ca_7ff8_4ad9_991b_b2e2a33cf66e_e498b69fcc\",\"ext\":\".webp\",\"mime\":\"image/webp\",\"path\":null,\"width\":125,\"height\":156,\"size\":1.37,\"url\":\"/uploads/thumbnail_0d6a88ca_7ff8_4ad9_991b_b2e2a33cf66e_e498b69fcc.webp\"},\"large\":{\"name\":\"large_0d6a88ca-7ff8-4ad9-991b-b2e2a33cf66e.webp\",\"hash\":\"large_0d6a88ca_7ff8_4ad9_991b_b2e2a33cf66e_e498b69fcc\",\"ext\":\".webp\",\"mime\":\"image/webp\",\"path\":null,\"width\":800,\"height\":1000,\"size\":21.95,\"url\":\"/uploads/large_0d6a88ca_7ff8_4ad9_991b_b2e2a33cf66e_e498b69fcc.webp\"},\"medium\":{\"name\":\"medium_0d6a88ca-7ff8-4ad9-991b-b2e2a33cf66e.webp\",\"hash\":\"medium_0d6a88ca_7ff8_4ad9_991b_b2e2a33cf66e_e498b69fcc\",\"ext\":\".webp\",\"mime\":\"image/webp\",\"path\":null,\"width\":600,\"height\":750,\"size\":14.34,\"url\":\"/uploads/medium_0d6a88ca_7ff8_4ad9_991b_b2e2a33cf66e_e498b69fcc.webp\"},\"small\":{\"name\":\"small_0d6a88ca-7ff8-4ad9-991b-b2e2a33cf66e.webp\",\"hash\":\"small_0d6a88ca_7ff8_4ad9_991b_b2e2a33cf66e_e498b69fcc\",\"ext\":\".webp\",\"mime\":\"image/webp\",\"path\":null,\"width\":400,\"height\":500,\"size\":7.59,\"url\":\"/uploads/small_0d6a88ca_7ff8_4ad9_991b_b2e2a33cf66e_e498b69fcc.webp\"}},\"hash\":\"0d6a88ca_7ff8_4ad9_991b_b2e2a33cf66e_e498b69fcc\",\"ext\":\".webp\",\"mime\":\"image/webp\",\"size\":30.06,\"url\":\"/uploads/0d6a88ca_7ff8_4ad9_991b_b2e2a33cf66e_e498b69fcc.webp\",\"previewUrl\":null,\"provider\":\"local\",\"provider_metadata\":null,\"createdAt\":\"2023-04-10T15:32:18.644Z\",\"updatedAt\":\"2023-04-10T15:32:18.644Z\"}},{\"id\":2,\"attributes\":{\"name\":\"672537b9-5384-49e0-8128-5dedd538c208.webp\",\"alternativeText\":null,\"caption\":null,\"width\":864,\"height\":1080,\"formats\":{\"thumbnail\":{\"name\":\"thumbnail_672537b9-5384-49e0-8128-5dedd538c208.webp\",\"hash\":\"thumbnail_672537b9_5384_49e0_8128_5dedd538c208_37238b6728\",\"ext\":\".webp\",\"mime\":\"image/webp\",\"path\":null,\"width\":125,\"height\":156,\"size\":0.7,\"url\":\"/uploads/thumbnail_672537b9_5384_49e0_8128_5dedd538c208_37238b6728.webp\"},\"large\":{\"name\":\"large_672537b9-5384-49e0-8128-5dedd538c208.webp\",\"hash\":\"large_672537b9_5384_49e0_8128_5dedd538c208_37238b6728\",\"ext\":\".webp\",\"mime\":\"image/webp\",\"path\":null,\"width\":800,\"height\":1000,\"size\":8.11,\"url\":\"/uploads/large_672537b9_5384_49e0_8128_5dedd538c208_37238b6728.webp\"},\"small\":{\"name\":\"small_672537b9-5384-49e0-8128-5dedd538c208.webp\",\"hash\":\"small_672537b9_5384_49e0_8128_5dedd538c208_37238b6728\",\"ext\":\".webp\",\"mime\":\"image/webp\",\"path\":null,\"width\":400,\"height\":500,\"size\":3.18,\"url\":\"/uploads/small_672537b9_5384_49e0_8128_5dedd538c208_37238b6728.webp\"},\"medium\":{\"name\":\"medium_672537b9-5384-49e0-8128-5dedd538c208.webp\",\"hash\":\"medium_672537b9_5384_49e0_8128_5dedd538c208_37238b6728\",\"ext\":\".webp\",\"mime\":\"image/webp\",\"path\":null,\"width\":600,\"height\":750,\"size\":5.66,\"url\":\"/uploads/medium_672537b9_5384_49e0_8128_5dedd538c208_37238b6728.webp\"}},\"hash\":\"672537b9_5384_49e0_8128_5dedd538c208_37238b6728\",\"ext\":\".webp\",\"mime\":\"image/webp\",\"size\":10.34,\"url\":\"/uploads/672537b9_5384_49e0_8128_5dedd538c208_37238b6728.webp\",\"previewUrl\":null,\"provider\":\"local\",\"provider_metadata\":null,\"createdAt\":\"2023-04-10T15:32:18.511Z\",\"updatedAt\":\"2023-04-10T15:32:18.511Z\"}}]},\"thumbnail\":{\"data\":{\"id\":1,\"attributes\":{\"name\":\"thumbnail.webp\",\"alternativeText\":null,\"caption\":null,\"width\":592,\"height\":592,\"formats\":{\"thumbnail\":{\"name\":\"thumbnail_thumbnail.webp\",\"hash\":\"thumbnail_thumbnail_f2a4d6d988\",\"ext\":\".webp\",\"mime\":\"image/webp\",\"path\":null,\"width\":156,\"height\":156,\"size\":1.75,\"url\":\"/uploads/thumbnail_thumbnail_f2a4d6d988.webp\"},\"small\":{\"name\":\"small_thumbnail.webp\",\"hash\":\"small_thumbnail_f2a4d6d988\",\"ext\":\".webp\",\"mime\":\"image/webp\",\"path\":null,\"width\":500,\"height\":500,\"size\":9.92,\"url\":\"/uploads/small_thumbnail_f2a4d6d988.webp\"}},\"hash\":\"thumbnail_f2a4d6d988\",\"ext\":\".webp\",\"mime\":\"image/webp\",\"size\":15.38,\"url\":\"/uploads/thumbnail_f2a4d6d988.webp\",\"previewUrl\":null,\"provider\":\"local\",\"provider_metadata\":null,\"createdAt\":\"2023-04-10T15:32:18.419Z\",\"updatedAt\":\"2023-04-14T21:50:24.004Z\"}}},\"categories\":{\"data\":[{\"id\":2,\"attributes\":{\"name\":\"Football Shoes\",\"slug\":\"football-shoes\",\"createdAt\":\"2023-04-10T15:35:35.994Z\",\"updatedAt\":\"2023-04-10T15:35:36.658Z\",\"publishedAt\":\"2023-04-10T15:35:36.655Z\"}},{\"id\":1,\"attributes\":{\"name\":\"Jordan\",\"slug\":\"jordan\",\"createdAt\":\"2023-04-10T15:34:36.502Z\",\"updatedAt\":\"2023-04-10T15:34:38.713Z\",\"publishedAt\":\"2023-04-10T15:34:38.710Z\"}}]},\"sizes\":[{\"id\":1,\"name\":\"41\",\"stock\":2},{\"id\":2,\"name\":\"42\",\"stock\":21}],\"cards\":{\"data\":[]}},\"size\":\"42\",\"oneQuantityPrice\":12295,\"count\":1}]', 'test', 'test@gmail.com', '09974884', 'c7e08993-0bf7-482c-970f-517b2a735a59', '1'),
(25, '2023-05-03 01:29:45.833000', '2023-05-03 01:29:45.833000', '2023-05-03 01:29:45.830000', NULL, NULL, '12295.00', 'test fasdfasdfasdf asd', 'cash', 'new', '[{\"id\":2,\"attributes\":{\"name\":\"Air Jordan 1 Mid SE\",\"subtitle\":\"Men\'s Shoes\",\"price\":12295,\"description\":\"\\\"Every time the AJ1 gets a remake, you get the classic sneaker in new colours and textures for an exciting, revamped look but with all the familiar comforts you know. Premium materials and accents give modern expression to an all-time favourite.\\n\\n- Colour Shown: White/Black/Ice Blue\\n- Style: DV1308-104\\\"\",\"original_price\":20000,\"slug\":\"air-jordan-1-mid-se-1\",\"createdAt\":\"2023-04-10T15:38:29.662Z\",\"updatedAt\":\"2023-04-12T18:15:51.822Z\",\"publishedAt\":\"2023-04-10T15:38:30.801Z\",\"image\":{\"data\":[{\"id\":5,\"attributes\":{\"name\":\"266f9922-ec59-41e3-9b36-85c5fab5c1ec.webp\",\"alternativeText\":null,\"caption\":null,\"width\":864,\"height\":1080,\"formats\":{\"thumbnail\":{\"name\":\"thumbnail_266f9922-ec59-41e3-9b36-85c5fab5c1ec.webp\",\"hash\":\"thumbnail_266f9922_ec59_41e3_9b36_85c5fab5c1ec_b00de598ef\",\"ext\":\".webp\",\"mime\":\"image/webp\",\"path\":null,\"width\":125,\"height\":156,\"size\":2.52,\"url\":\"/uploads/thumbnail_266f9922_ec59_41e3_9b36_85c5fab5c1ec_b00de598ef.webp\"},\"large\":{\"name\":\"large_266f9922-ec59-41e3-9b36-85c5fab5c1ec.webp\",\"hash\":\"large_266f9922_ec59_41e3_9b36_85c5fab5c1ec_b00de598ef\",\"ext\":\".webp\",\"mime\":\"image/webp\",\"path\":null,\"width\":800,\"height\":1000,\"size\":35.85,\"url\":\"/uploads/large_266f9922_ec59_41e3_9b36_85c5fab5c1ec_b00de598ef.webp\"},\"medium\":{\"name\":\"medium_266f9922-ec59-41e3-9b36-85c5fab5c1ec.webp\",\"hash\":\"medium_266f9922_ec59_41e3_9b36_85c5fab5c1ec_b00de598ef\",\"ext\":\".webp\",\"mime\":\"image/webp\",\"path\":null,\"width\":600,\"height\":750,\"size\":24.62,\"url\":\"/uploads/medium_266f9922_ec59_41e3_9b36_85c5fab5c1ec_b00de598ef.webp\"},\"small\":{\"name\":\"small_266f9922-ec59-41e3-9b36-85c5fab5c1ec.webp\",\"hash\":\"small_266f9922_ec59_41e3_9b36_85c5fab5c1ec_b00de598ef\",\"ext\":\".webp\",\"mime\":\"image/webp\",\"path\":null,\"width\":400,\"height\":500,\"size\":13.53,\"url\":\"/uploads/small_266f9922_ec59_41e3_9b36_85c5fab5c1ec_b00de598ef.webp\"}},\"hash\":\"266f9922_ec59_41e3_9b36_85c5fab5c1ec_b00de598ef\",\"ext\":\".webp\",\"mime\":\"image/webp\",\"size\":49.94,\"url\":\"/uploads/266f9922_ec59_41e3_9b36_85c5fab5c1ec_b00de598ef.webp\",\"previewUrl\":null,\"provider\":\"local\",\"provider_metadata\":null,\"createdAt\":\"2023-04-10T15:32:18.665Z\",\"updatedAt\":\"2023-04-10T15:32:18.665Z\"}},{\"id\":4,\"attributes\":{\"name\":\"ca113e5f-2165-476a-8dcf-ce7a0d85356c.webp\",\"alternativeText\":null,\"caption\":null,\"width\":864,\"height\":1080,\"formats\":{\"thumbnail\":{\"name\":\"thumbnail_ca113e5f-2165-476a-8dcf-ce7a0d85356c.webp\",\"hash\":\"thumbnail_ca113e5f_2165_476a_8dcf_ce7a0d85356c_207abacbe0\",\"ext\":\".webp\",\"mime\":\"image/webp\",\"path\":null,\"width\":125,\"height\":156,\"size\":1.4,\"url\":\"/uploads/thumbnail_ca113e5f_2165_476a_8dcf_ce7a0d85356c_207abacbe0.webp\"},\"large\":{\"name\":\"large_ca113e5f-2165-476a-8dcf-ce7a0d85356c.webp\",\"hash\":\"large_ca113e5f_2165_476a_8dcf_ce7a0d85356c_207abacbe0\",\"ext\":\".webp\",\"mime\":\"image/webp\",\"path\":null,\"width\":800,\"height\":1000,\"size\":23.45,\"url\":\"/uploads/large_ca113e5f_2165_476a_8dcf_ce7a0d85356c_207abacbe0.webp\"},\"medium\":{\"name\":\"medium_ca113e5f-2165-476a-8dcf-ce7a0d85356c.webp\",\"hash\":\"medium_ca113e5f_2165_476a_8dcf_ce7a0d85356c_207abacbe0\",\"ext\":\".webp\",\"mime\":\"image/webp\",\"path\":null,\"width\":600,\"height\":750,\"size\":15.26,\"url\":\"/uploads/medium_ca113e5f_2165_476a_8dcf_ce7a0d85356c_207abacbe0.webp\"},\"small\":{\"name\":\"small_ca113e5f-2165-476a-8dcf-ce7a0d85356c.webp\",\"hash\":\"small_ca113e5f_2165_476a_8dcf_ce7a0d85356c_207abacbe0\",\"ext\":\".webp\",\"mime\":\"image/webp\",\"path\":null,\"width\":400,\"height\":500,\"size\":7.99,\"url\":\"/uploads/small_ca113e5f_2165_476a_8dcf_ce7a0d85356c_207abacbe0.webp\"}},\"hash\":\"ca113e5f_2165_476a_8dcf_ce7a0d85356c_207abacbe0\",\"ext\":\".webp\",\"mime\":\"image/webp\",\"size\":30.64,\"url\":\"/uploads/ca113e5f_2165_476a_8dcf_ce7a0d85356c_207abacbe0.webp\",\"previewUrl\":null,\"provider\":\"local\",\"provider_metadata\":null,\"createdAt\":\"2023-04-10T15:32:18.662Z\",\"updatedAt\":\"2023-04-10T15:32:18.662Z\"}},{\"id\":3,\"attributes\":{\"name\":\"0d6a88ca-7ff8-4ad9-991b-b2e2a33cf66e.webp\",\"alternativeText\":null,\"caption\":null,\"width\":864,\"height\":1080,\"formats\":{\"thumbnail\":{\"name\":\"thumbnail_0d6a88ca-7ff8-4ad9-991b-b2e2a33cf66e.webp\",\"hash\":\"thumbnail_0d6a88ca_7ff8_4ad9_991b_b2e2a33cf66e_e498b69fcc\",\"ext\":\".webp\",\"mime\":\"image/webp\",\"path\":null,\"width\":125,\"height\":156,\"size\":1.37,\"url\":\"/uploads/thumbnail_0d6a88ca_7ff8_4ad9_991b_b2e2a33cf66e_e498b69fcc.webp\"},\"large\":{\"name\":\"large_0d6a88ca-7ff8-4ad9-991b-b2e2a33cf66e.webp\",\"hash\":\"large_0d6a88ca_7ff8_4ad9_991b_b2e2a33cf66e_e498b69fcc\",\"ext\":\".webp\",\"mime\":\"image/webp\",\"path\":null,\"width\":800,\"height\":1000,\"size\":21.95,\"url\":\"/uploads/large_0d6a88ca_7ff8_4ad9_991b_b2e2a33cf66e_e498b69fcc.webp\"},\"medium\":{\"name\":\"medium_0d6a88ca-7ff8-4ad9-991b-b2e2a33cf66e.webp\",\"hash\":\"medium_0d6a88ca_7ff8_4ad9_991b_b2e2a33cf66e_e498b69fcc\",\"ext\":\".webp\",\"mime\":\"image/webp\",\"path\":null,\"width\":600,\"height\":750,\"size\":14.34,\"url\":\"/uploads/medium_0d6a88ca_7ff8_4ad9_991b_b2e2a33cf66e_e498b69fcc.webp\"},\"small\":{\"name\":\"small_0d6a88ca-7ff8-4ad9-991b-b2e2a33cf66e.webp\",\"hash\":\"small_0d6a88ca_7ff8_4ad9_991b_b2e2a33cf66e_e498b69fcc\",\"ext\":\".webp\",\"mime\":\"image/webp\",\"path\":null,\"width\":400,\"height\":500,\"size\":7.59,\"url\":\"/uploads/small_0d6a88ca_7ff8_4ad9_991b_b2e2a33cf66e_e498b69fcc.webp\"}},\"hash\":\"0d6a88ca_7ff8_4ad9_991b_b2e2a33cf66e_e498b69fcc\",\"ext\":\".webp\",\"mime\":\"image/webp\",\"size\":30.06,\"url\":\"/uploads/0d6a88ca_7ff8_4ad9_991b_b2e2a33cf66e_e498b69fcc.webp\",\"previewUrl\":null,\"provider\":\"local\",\"provider_metadata\":null,\"createdAt\":\"2023-04-10T15:32:18.644Z\",\"updatedAt\":\"2023-04-10T15:32:18.644Z\"}},{\"id\":2,\"attributes\":{\"name\":\"672537b9-5384-49e0-8128-5dedd538c208.webp\",\"alternativeText\":null,\"caption\":null,\"width\":864,\"height\":1080,\"formats\":{\"thumbnail\":{\"name\":\"thumbnail_672537b9-5384-49e0-8128-5dedd538c208.webp\",\"hash\":\"thumbnail_672537b9_5384_49e0_8128_5dedd538c208_37238b6728\",\"ext\":\".webp\",\"mime\":\"image/webp\",\"path\":null,\"width\":125,\"height\":156,\"size\":0.7,\"url\":\"/uploads/thumbnail_672537b9_5384_49e0_8128_5dedd538c208_37238b6728.webp\"},\"large\":{\"name\":\"large_672537b9-5384-49e0-8128-5dedd538c208.webp\",\"hash\":\"large_672537b9_5384_49e0_8128_5dedd538c208_37238b6728\",\"ext\":\".webp\",\"mime\":\"image/webp\",\"path\":null,\"width\":800,\"height\":1000,\"size\":8.11,\"url\":\"/uploads/large_672537b9_5384_49e0_8128_5dedd538c208_37238b6728.webp\"},\"small\":{\"name\":\"small_672537b9-5384-49e0-8128-5dedd538c208.webp\",\"hash\":\"small_672537b9_5384_49e0_8128_5dedd538c208_37238b6728\",\"ext\":\".webp\",\"mime\":\"image/webp\",\"path\":null,\"width\":400,\"height\":500,\"size\":3.18,\"url\":\"/uploads/small_672537b9_5384_49e0_8128_5dedd538c208_37238b6728.webp\"},\"medium\":{\"name\":\"medium_672537b9-5384-49e0-8128-5dedd538c208.webp\",\"hash\":\"medium_672537b9_5384_49e0_8128_5dedd538c208_37238b6728\",\"ext\":\".webp\",\"mime\":\"image/webp\",\"path\":null,\"width\":600,\"height\":750,\"size\":5.66,\"url\":\"/uploads/medium_672537b9_5384_49e0_8128_5dedd538c208_37238b6728.webp\"}},\"hash\":\"672537b9_5384_49e0_8128_5dedd538c208_37238b6728\",\"ext\":\".webp\",\"mime\":\"image/webp\",\"size\":10.34,\"url\":\"/uploads/672537b9_5384_49e0_8128_5dedd538c208_37238b6728.webp\",\"previewUrl\":null,\"provider\":\"local\",\"provider_metadata\":null,\"createdAt\":\"2023-04-10T15:32:18.511Z\",\"updatedAt\":\"2023-04-10T15:32:18.511Z\"}}]},\"thumbnail\":{\"data\":{\"id\":1,\"attributes\":{\"name\":\"thumbnail.webp\",\"alternativeText\":null,\"caption\":null,\"width\":592,\"height\":592,\"formats\":{\"thumbnail\":{\"name\":\"thumbnail_thumbnail.webp\",\"hash\":\"thumbnail_thumbnail_f2a4d6d988\",\"ext\":\".webp\",\"mime\":\"image/webp\",\"path\":null,\"width\":156,\"height\":156,\"size\":1.75,\"url\":\"/uploads/thumbnail_thumbnail_f2a4d6d988.webp\"},\"small\":{\"name\":\"small_thumbnail.webp\",\"hash\":\"small_thumbnail_f2a4d6d988\",\"ext\":\".webp\",\"mime\":\"image/webp\",\"path\":null,\"width\":500,\"height\":500,\"size\":9.92,\"url\":\"/uploads/small_thumbnail_f2a4d6d988.webp\"}},\"hash\":\"thumbnail_f2a4d6d988\",\"ext\":\".webp\",\"mime\":\"image/webp\",\"size\":15.38,\"url\":\"/uploads/thumbnail_f2a4d6d988.webp\",\"previewUrl\":null,\"provider\":\"local\",\"provider_metadata\":null,\"createdAt\":\"2023-04-10T15:32:18.419Z\",\"updatedAt\":\"2023-04-14T21:50:24.004Z\"}}},\"sizes\":[{\"id\":3,\"name\":\"M\",\"stock\":223},{\"id\":4,\"name\":\"L\",\"stock\":31}],\"cards\":{\"data\":[]}},\"size\":\"M\",\"count\":1}]', 'test', 'seller@gmail.com', '09974884', '43c968da-f6fc-435a-8f53-9b9daebb364e', '1');
INSERT INTO `orders` (`id`, `created_at`, `updated_at`, `published_at`, `created_by_id`, `updated_by_id`, `total_price`, `address`, `payment_method`, `status`, `list_products`, `name`, `email`, `phone`, `order_id`, `user_id`) VALUES
(26, '2023-05-04 16:27:57.345000', '2023-05-12 11:52:08.750000', '2023-05-04 16:27:57.338000', NULL, NULL, '61475.00', 'a ch 2', 'cash', 'refuse', '[{\"id\":1,\"attributes\":{\"name\":\"Air Jordan 1 Mid 124213\",\"subtitle\":\"Men\'s Shoes\",\"price\":12295,\"description\":\"\\\"Every time the AJ1 gets a remake, you get the classic sneaker in new colours and textures for an exciting, revamped look but with all the familiar comforts you know. Premium materials and accents give modern expression to an all-time favourite.\\n\\n- Colour Shown: White/Black/Ice Blue\\n- Style: DV1308-104\\\"\",\"original_price\":20000,\"slug\":\"air-jordan-1-mid-se\",\"createdAt\":\"2023-04-10T15:34:05.130Z\",\"updatedAt\":\"2023-04-20T08:42:18.220Z\",\"publishedAt\":\"2023-04-10T15:34:09.644Z\",\"image\":{\"data\":[{\"id\":5,\"attributes\":{\"name\":\"266f9922-ec59-41e3-9b36-85c5fab5c1ec.webp\",\"alternativeText\":null,\"caption\":null,\"width\":864,\"height\":1080,\"formats\":{\"thumbnail\":{\"name\":\"thumbnail_266f9922-ec59-41e3-9b36-85c5fab5c1ec.webp\",\"hash\":\"thumbnail_266f9922_ec59_41e3_9b36_85c5fab5c1ec_b00de598ef\",\"ext\":\".webp\",\"mime\":\"image/webp\",\"path\":null,\"width\":125,\"height\":156,\"size\":2.52,\"url\":\"/uploads/thumbnail_266f9922_ec59_41e3_9b36_85c5fab5c1ec_b00de598ef.webp\"},\"large\":{\"name\":\"large_266f9922-ec59-41e3-9b36-85c5fab5c1ec.webp\",\"hash\":\"large_266f9922_ec59_41e3_9b36_85c5fab5c1ec_b00de598ef\",\"ext\":\".webp\",\"mime\":\"image/webp\",\"path\":null,\"width\":800,\"height\":1000,\"size\":35.85,\"url\":\"/uploads/large_266f9922_ec59_41e3_9b36_85c5fab5c1ec_b00de598ef.webp\"},\"medium\":{\"name\":\"medium_266f9922-ec59-41e3-9b36-85c5fab5c1ec.webp\",\"hash\":\"medium_266f9922_ec59_41e3_9b36_85c5fab5c1ec_b00de598ef\",\"ext\":\".webp\",\"mime\":\"image/webp\",\"path\":null,\"width\":600,\"height\":750,\"size\":24.62,\"url\":\"/uploads/medium_266f9922_ec59_41e3_9b36_85c5fab5c1ec_b00de598ef.webp\"},\"small\":{\"name\":\"small_266f9922-ec59-41e3-9b36-85c5fab5c1ec.webp\",\"hash\":\"small_266f9922_ec59_41e3_9b36_85c5fab5c1ec_b00de598ef\",\"ext\":\".webp\",\"mime\":\"image/webp\",\"path\":null,\"width\":400,\"height\":500,\"size\":13.53,\"url\":\"/uploads/small_266f9922_ec59_41e3_9b36_85c5fab5c1ec_b00de598ef.webp\"}},\"hash\":\"266f9922_ec59_41e3_9b36_85c5fab5c1ec_b00de598ef\",\"ext\":\".webp\",\"mime\":\"image/webp\",\"size\":49.94,\"url\":\"/uploads/266f9922_ec59_41e3_9b36_85c5fab5c1ec_b00de598ef.webp\",\"previewUrl\":null,\"provider\":\"local\",\"provider_metadata\":null,\"createdAt\":\"2023-04-10T15:32:18.665Z\",\"updatedAt\":\"2023-04-10T15:32:18.665Z\"}},{\"id\":4,\"attributes\":{\"name\":\"ca113e5f-2165-476a-8dcf-ce7a0d85356c.webp\",\"alternativeText\":null,\"caption\":null,\"width\":864,\"height\":1080,\"formats\":{\"thumbnail\":{\"name\":\"thumbnail_ca113e5f-2165-476a-8dcf-ce7a0d85356c.webp\",\"hash\":\"thumbnail_ca113e5f_2165_476a_8dcf_ce7a0d85356c_207abacbe0\",\"ext\":\".webp\",\"mime\":\"image/webp\",\"path\":null,\"width\":125,\"height\":156,\"size\":1.4,\"url\":\"/uploads/thumbnail_ca113e5f_2165_476a_8dcf_ce7a0d85356c_207abacbe0.webp\"},\"large\":{\"name\":\"large_ca113e5f-2165-476a-8dcf-ce7a0d85356c.webp\",\"hash\":\"large_ca113e5f_2165_476a_8dcf_ce7a0d85356c_207abacbe0\",\"ext\":\".webp\",\"mime\":\"image/webp\",\"path\":null,\"width\":800,\"height\":1000,\"size\":23.45,\"url\":\"/uploads/large_ca113e5f_2165_476a_8dcf_ce7a0d85356c_207abacbe0.webp\"},\"medium\":{\"name\":\"medium_ca113e5f-2165-476a-8dcf-ce7a0d85356c.webp\",\"hash\":\"medium_ca113e5f_2165_476a_8dcf_ce7a0d85356c_207abacbe0\",\"ext\":\".webp\",\"mime\":\"image/webp\",\"path\":null,\"width\":600,\"height\":750,\"size\":15.26,\"url\":\"/uploads/medium_ca113e5f_2165_476a_8dcf_ce7a0d85356c_207abacbe0.webp\"},\"small\":{\"name\":\"small_ca113e5f-2165-476a-8dcf-ce7a0d85356c.webp\",\"hash\":\"small_ca113e5f_2165_476a_8dcf_ce7a0d85356c_207abacbe0\",\"ext\":\".webp\",\"mime\":\"image/webp\",\"path\":null,\"width\":400,\"height\":500,\"size\":7.99,\"url\":\"/uploads/small_ca113e5f_2165_476a_8dcf_ce7a0d85356c_207abacbe0.webp\"}},\"hash\":\"ca113e5f_2165_476a_8dcf_ce7a0d85356c_207abacbe0\",\"ext\":\".webp\",\"mime\":\"image/webp\",\"size\":30.64,\"url\":\"/uploads/ca113e5f_2165_476a_8dcf_ce7a0d85356c_207abacbe0.webp\",\"previewUrl\":null,\"provider\":\"local\",\"provider_metadata\":null,\"createdAt\":\"2023-04-10T15:32:18.662Z\",\"updatedAt\":\"2023-04-10T15:32:18.662Z\"}},{\"id\":3,\"attributes\":{\"name\":\"0d6a88ca-7ff8-4ad9-991b-b2e2a33cf66e.webp\",\"alternativeText\":null,\"caption\":null,\"width\":864,\"height\":1080,\"formats\":{\"thumbnail\":{\"name\":\"thumbnail_0d6a88ca-7ff8-4ad9-991b-b2e2a33cf66e.webp\",\"hash\":\"thumbnail_0d6a88ca_7ff8_4ad9_991b_b2e2a33cf66e_e498b69fcc\",\"ext\":\".webp\",\"mime\":\"image/webp\",\"path\":null,\"width\":125,\"height\":156,\"size\":1.37,\"url\":\"/uploads/thumbnail_0d6a88ca_7ff8_4ad9_991b_b2e2a33cf66e_e498b69fcc.webp\"},\"large\":{\"name\":\"large_0d6a88ca-7ff8-4ad9-991b-b2e2a33cf66e.webp\",\"hash\":\"large_0d6a88ca_7ff8_4ad9_991b_b2e2a33cf66e_e498b69fcc\",\"ext\":\".webp\",\"mime\":\"image/webp\",\"path\":null,\"width\":800,\"height\":1000,\"size\":21.95,\"url\":\"/uploads/large_0d6a88ca_7ff8_4ad9_991b_b2e2a33cf66e_e498b69fcc.webp\"},\"medium\":{\"name\":\"medium_0d6a88ca-7ff8-4ad9-991b-b2e2a33cf66e.webp\",\"hash\":\"medium_0d6a88ca_7ff8_4ad9_991b_b2e2a33cf66e_e498b69fcc\",\"ext\":\".webp\",\"mime\":\"image/webp\",\"path\":null,\"width\":600,\"height\":750,\"size\":14.34,\"url\":\"/uploads/medium_0d6a88ca_7ff8_4ad9_991b_b2e2a33cf66e_e498b69fcc.webp\"},\"small\":{\"name\":\"small_0d6a88ca-7ff8-4ad9-991b-b2e2a33cf66e.webp\",\"hash\":\"small_0d6a88ca_7ff8_4ad9_991b_b2e2a33cf66e_e498b69fcc\",\"ext\":\".webp\",\"mime\":\"image/webp\",\"path\":null,\"width\":400,\"height\":500,\"size\":7.59,\"url\":\"/uploads/small_0d6a88ca_7ff8_4ad9_991b_b2e2a33cf66e_e498b69fcc.webp\"}},\"hash\":\"0d6a88ca_7ff8_4ad9_991b_b2e2a33cf66e_e498b69fcc\",\"ext\":\".webp\",\"mime\":\"image/webp\",\"size\":30.06,\"url\":\"/uploads/0d6a88ca_7ff8_4ad9_991b_b2e2a33cf66e_e498b69fcc.webp\",\"previewUrl\":null,\"provider\":\"local\",\"provider_metadata\":null,\"createdAt\":\"2023-04-10T15:32:18.644Z\",\"updatedAt\":\"2023-04-10T15:32:18.644Z\"}},{\"id\":2,\"attributes\":{\"name\":\"672537b9-5384-49e0-8128-5dedd538c208.webp\",\"alternativeText\":null,\"caption\":null,\"width\":864,\"height\":1080,\"formats\":{\"thumbnail\":{\"name\":\"thumbnail_672537b9-5384-49e0-8128-5dedd538c208.webp\",\"hash\":\"thumbnail_672537b9_5384_49e0_8128_5dedd538c208_37238b6728\",\"ext\":\".webp\",\"mime\":\"image/webp\",\"path\":null,\"width\":125,\"height\":156,\"size\":0.7,\"url\":\"/uploads/thumbnail_672537b9_5384_49e0_8128_5dedd538c208_37238b6728.webp\"},\"large\":{\"name\":\"large_672537b9-5384-49e0-8128-5dedd538c208.webp\",\"hash\":\"large_672537b9_5384_49e0_8128_5dedd538c208_37238b6728\",\"ext\":\".webp\",\"mime\":\"image/webp\",\"path\":null,\"width\":800,\"height\":1000,\"size\":8.11,\"url\":\"/uploads/large_672537b9_5384_49e0_8128_5dedd538c208_37238b6728.webp\"},\"small\":{\"name\":\"small_672537b9-5384-49e0-8128-5dedd538c208.webp\",\"hash\":\"small_672537b9_5384_49e0_8128_5dedd538c208_37238b6728\",\"ext\":\".webp\",\"mime\":\"image/webp\",\"path\":null,\"width\":400,\"height\":500,\"size\":3.18,\"url\":\"/uploads/small_672537b9_5384_49e0_8128_5dedd538c208_37238b6728.webp\"},\"medium\":{\"name\":\"medium_672537b9-5384-49e0-8128-5dedd538c208.webp\",\"hash\":\"medium_672537b9_5384_49e0_8128_5dedd538c208_37238b6728\",\"ext\":\".webp\",\"mime\":\"image/webp\",\"path\":null,\"width\":600,\"height\":750,\"size\":5.66,\"url\":\"/uploads/medium_672537b9_5384_49e0_8128_5dedd538c208_37238b6728.webp\"}},\"hash\":\"672537b9_5384_49e0_8128_5dedd538c208_37238b6728\",\"ext\":\".webp\",\"mime\":\"image/webp\",\"size\":10.34,\"url\":\"/uploads/672537b9_5384_49e0_8128_5dedd538c208_37238b6728.webp\",\"previewUrl\":null,\"provider\":\"local\",\"provider_metadata\":null,\"createdAt\":\"2023-04-10T15:32:18.511Z\",\"updatedAt\":\"2023-04-10T15:32:18.511Z\"}}]},\"thumbnail\":{\"data\":{\"id\":1,\"attributes\":{\"name\":\"thumbnail.webp\",\"alternativeText\":null,\"caption\":null,\"width\":592,\"height\":592,\"formats\":{\"thumbnail\":{\"name\":\"thumbnail_thumbnail.webp\",\"hash\":\"thumbnail_thumbnail_f2a4d6d988\",\"ext\":\".webp\",\"mime\":\"image/webp\",\"path\":null,\"width\":156,\"height\":156,\"size\":1.75,\"url\":\"/uploads/thumbnail_thumbnail_f2a4d6d988.webp\"},\"small\":{\"name\":\"small_thumbnail.webp\",\"hash\":\"small_thumbnail_f2a4d6d988\",\"ext\":\".webp\",\"mime\":\"image/webp\",\"path\":null,\"width\":500,\"height\":500,\"size\":9.92,\"url\":\"/uploads/small_thumbnail_f2a4d6d988.webp\"}},\"hash\":\"thumbnail_f2a4d6d988\",\"ext\":\".webp\",\"mime\":\"image/webp\",\"size\":15.38,\"url\":\"/uploads/thumbnail_f2a4d6d988.webp\",\"previewUrl\":null,\"provider\":\"local\",\"provider_metadata\":null,\"createdAt\":\"2023-04-10T15:32:18.419Z\",\"updatedAt\":\"2023-04-14T21:50:24.004Z\"}}},\"sizes\":[{\"id\":1,\"name\":\"41\",\"stock\":2},{\"id\":2,\"name\":\"42\",\"stock\":21}],\"cards\":{\"data\":[]}},\"size\":\"41\",\"count\":2},{\"id\":1,\"attributes\":{\"name\":\"Air Jordan 1 Mid 124213\",\"subtitle\":\"Men\'s Shoes\",\"price\":12295,\"description\":\"\\\"Every time the AJ1 gets a remake, you get the classic sneaker in new colours and textures for an exciting, revamped look but with all the familiar comforts you know. Premium materials and accents give modern expression to an all-time favourite.\\n\\n- Colour Shown: White/Black/Ice Blue\\n- Style: DV1308-104\\\"\",\"original_price\":20000,\"slug\":\"air-jordan-1-mid-se\",\"createdAt\":\"2023-04-10T15:34:05.130Z\",\"updatedAt\":\"2023-04-20T08:42:18.220Z\",\"publishedAt\":\"2023-04-10T15:34:09.644Z\",\"image\":{\"data\":[{\"id\":5,\"attributes\":{\"name\":\"266f9922-ec59-41e3-9b36-85c5fab5c1ec.webp\",\"alternativeText\":null,\"caption\":null,\"width\":864,\"height\":1080,\"formats\":{\"thumbnail\":{\"name\":\"thumbnail_266f9922-ec59-41e3-9b36-85c5fab5c1ec.webp\",\"hash\":\"thumbnail_266f9922_ec59_41e3_9b36_85c5fab5c1ec_b00de598ef\",\"ext\":\".webp\",\"mime\":\"image/webp\",\"path\":null,\"width\":125,\"height\":156,\"size\":2.52,\"url\":\"/uploads/thumbnail_266f9922_ec59_41e3_9b36_85c5fab5c1ec_b00de598ef.webp\"},\"large\":{\"name\":\"large_266f9922-ec59-41e3-9b36-85c5fab5c1ec.webp\",\"hash\":\"large_266f9922_ec59_41e3_9b36_85c5fab5c1ec_b00de598ef\",\"ext\":\".webp\",\"mime\":\"image/webp\",\"path\":null,\"width\":800,\"height\":1000,\"size\":35.85,\"url\":\"/uploads/large_266f9922_ec59_41e3_9b36_85c5fab5c1ec_b00de598ef.webp\"},\"medium\":{\"name\":\"medium_266f9922-ec59-41e3-9b36-85c5fab5c1ec.webp\",\"hash\":\"medium_266f9922_ec59_41e3_9b36_85c5fab5c1ec_b00de598ef\",\"ext\":\".webp\",\"mime\":\"image/webp\",\"path\":null,\"width\":600,\"height\":750,\"size\":24.62,\"url\":\"/uploads/medium_266f9922_ec59_41e3_9b36_85c5fab5c1ec_b00de598ef.webp\"},\"small\":{\"name\":\"small_266f9922-ec59-41e3-9b36-85c5fab5c1ec.webp\",\"hash\":\"small_266f9922_ec59_41e3_9b36_85c5fab5c1ec_b00de598ef\",\"ext\":\".webp\",\"mime\":\"image/webp\",\"path\":null,\"width\":400,\"height\":500,\"size\":13.53,\"url\":\"/uploads/small_266f9922_ec59_41e3_9b36_85c5fab5c1ec_b00de598ef.webp\"}},\"hash\":\"266f9922_ec59_41e3_9b36_85c5fab5c1ec_b00de598ef\",\"ext\":\".webp\",\"mime\":\"image/webp\",\"size\":49.94,\"url\":\"/uploads/266f9922_ec59_41e3_9b36_85c5fab5c1ec_b00de598ef.webp\",\"previewUrl\":null,\"provider\":\"local\",\"provider_metadata\":null,\"createdAt\":\"2023-04-10T15:32:18.665Z\",\"updatedAt\":\"2023-04-10T15:32:18.665Z\"}},{\"id\":4,\"attributes\":{\"name\":\"ca113e5f-2165-476a-8dcf-ce7a0d85356c.webp\",\"alternativeText\":null,\"caption\":null,\"width\":864,\"height\":1080,\"formats\":{\"thumbnail\":{\"name\":\"thumbnail_ca113e5f-2165-476a-8dcf-ce7a0d85356c.webp\",\"hash\":\"thumbnail_ca113e5f_2165_476a_8dcf_ce7a0d85356c_207abacbe0\",\"ext\":\".webp\",\"mime\":\"image/webp\",\"path\":null,\"width\":125,\"height\":156,\"size\":1.4,\"url\":\"/uploads/thumbnail_ca113e5f_2165_476a_8dcf_ce7a0d85356c_207abacbe0.webp\"},\"large\":{\"name\":\"large_ca113e5f-2165-476a-8dcf-ce7a0d85356c.webp\",\"hash\":\"large_ca113e5f_2165_476a_8dcf_ce7a0d85356c_207abacbe0\",\"ext\":\".webp\",\"mime\":\"image/webp\",\"path\":null,\"width\":800,\"height\":1000,\"size\":23.45,\"url\":\"/uploads/large_ca113e5f_2165_476a_8dcf_ce7a0d85356c_207abacbe0.webp\"},\"medium\":{\"name\":\"medium_ca113e5f-2165-476a-8dcf-ce7a0d85356c.webp\",\"hash\":\"medium_ca113e5f_2165_476a_8dcf_ce7a0d85356c_207abacbe0\",\"ext\":\".webp\",\"mime\":\"image/webp\",\"path\":null,\"width\":600,\"height\":750,\"size\":15.26,\"url\":\"/uploads/medium_ca113e5f_2165_476a_8dcf_ce7a0d85356c_207abacbe0.webp\"},\"small\":{\"name\":\"small_ca113e5f-2165-476a-8dcf-ce7a0d85356c.webp\",\"hash\":\"small_ca113e5f_2165_476a_8dcf_ce7a0d85356c_207abacbe0\",\"ext\":\".webp\",\"mime\":\"image/webp\",\"path\":null,\"width\":400,\"height\":500,\"size\":7.99,\"url\":\"/uploads/small_ca113e5f_2165_476a_8dcf_ce7a0d85356c_207abacbe0.webp\"}},\"hash\":\"ca113e5f_2165_476a_8dcf_ce7a0d85356c_207abacbe0\",\"ext\":\".webp\",\"mime\":\"image/webp\",\"size\":30.64,\"url\":\"/uploads/ca113e5f_2165_476a_8dcf_ce7a0d85356c_207abacbe0.webp\",\"previewUrl\":null,\"provider\":\"local\",\"provider_metadata\":null,\"createdAt\":\"2023-04-10T15:32:18.662Z\",\"updatedAt\":\"2023-04-10T15:32:18.662Z\"}},{\"id\":3,\"attributes\":{\"name\":\"0d6a88ca-7ff8-4ad9-991b-b2e2a33cf66e.webp\",\"alternativeText\":null,\"caption\":null,\"width\":864,\"height\":1080,\"formats\":{\"thumbnail\":{\"name\":\"thumbnail_0d6a88ca-7ff8-4ad9-991b-b2e2a33cf66e.webp\",\"hash\":\"thumbnail_0d6a88ca_7ff8_4ad9_991b_b2e2a33cf66e_e498b69fcc\",\"ext\":\".webp\",\"mime\":\"image/webp\",\"path\":null,\"width\":125,\"height\":156,\"size\":1.37,\"url\":\"/uploads/thumbnail_0d6a88ca_7ff8_4ad9_991b_b2e2a33cf66e_e498b69fcc.webp\"},\"large\":{\"name\":\"large_0d6a88ca-7ff8-4ad9-991b-b2e2a33cf66e.webp\",\"hash\":\"large_0d6a88ca_7ff8_4ad9_991b_b2e2a33cf66e_e498b69fcc\",\"ext\":\".webp\",\"mime\":\"image/webp\",\"path\":null,\"width\":800,\"height\":1000,\"size\":21.95,\"url\":\"/uploads/large_0d6a88ca_7ff8_4ad9_991b_b2e2a33cf66e_e498b69fcc.webp\"},\"medium\":{\"name\":\"medium_0d6a88ca-7ff8-4ad9-991b-b2e2a33cf66e.webp\",\"hash\":\"medium_0d6a88ca_7ff8_4ad9_991b_b2e2a33cf66e_e498b69fcc\",\"ext\":\".webp\",\"mime\":\"image/webp\",\"path\":null,\"width\":600,\"height\":750,\"size\":14.34,\"url\":\"/uploads/medium_0d6a88ca_7ff8_4ad9_991b_b2e2a33cf66e_e498b69fcc.webp\"},\"small\":{\"name\":\"small_0d6a88ca-7ff8-4ad9-991b-b2e2a33cf66e.webp\",\"hash\":\"small_0d6a88ca_7ff8_4ad9_991b_b2e2a33cf66e_e498b69fcc\",\"ext\":\".webp\",\"mime\":\"image/webp\",\"path\":null,\"width\":400,\"height\":500,\"size\":7.59,\"url\":\"/uploads/small_0d6a88ca_7ff8_4ad9_991b_b2e2a33cf66e_e498b69fcc.webp\"}},\"hash\":\"0d6a88ca_7ff8_4ad9_991b_b2e2a33cf66e_e498b69fcc\",\"ext\":\".webp\",\"mime\":\"image/webp\",\"size\":30.06,\"url\":\"/uploads/0d6a88ca_7ff8_4ad9_991b_b2e2a33cf66e_e498b69fcc.webp\",\"previewUrl\":null,\"provider\":\"local\",\"provider_metadata\":null,\"createdAt\":\"2023-04-10T15:32:18.644Z\",\"updatedAt\":\"2023-04-10T15:32:18.644Z\"}},{\"id\":2,\"attributes\":{\"name\":\"672537b9-5384-49e0-8128-5dedd538c208.webp\",\"alternativeText\":null,\"caption\":null,\"width\":864,\"height\":1080,\"formats\":{\"thumbnail\":{\"name\":\"thumbnail_672537b9-5384-49e0-8128-5dedd538c208.webp\",\"hash\":\"thumbnail_672537b9_5384_49e0_8128_5dedd538c208_37238b6728\",\"ext\":\".webp\",\"mime\":\"image/webp\",\"path\":null,\"width\":125,\"height\":156,\"size\":0.7,\"url\":\"/uploads/thumbnail_672537b9_5384_49e0_8128_5dedd538c208_37238b6728.webp\"},\"large\":{\"name\":\"large_672537b9-5384-49e0-8128-5dedd538c208.webp\",\"hash\":\"large_672537b9_5384_49e0_8128_5dedd538c208_37238b6728\",\"ext\":\".webp\",\"mime\":\"image/webp\",\"path\":null,\"width\":800,\"height\":1000,\"size\":8.11,\"url\":\"/uploads/large_672537b9_5384_49e0_8128_5dedd538c208_37238b6728.webp\"},\"small\":{\"name\":\"small_672537b9-5384-49e0-8128-5dedd538c208.webp\",\"hash\":\"small_672537b9_5384_49e0_8128_5dedd538c208_37238b6728\",\"ext\":\".webp\",\"mime\":\"image/webp\",\"path\":null,\"width\":400,\"height\":500,\"size\":3.18,\"url\":\"/uploads/small_672537b9_5384_49e0_8128_5dedd538c208_37238b6728.webp\"},\"medium\":{\"name\":\"medium_672537b9-5384-49e0-8128-5dedd538c208.webp\",\"hash\":\"medium_672537b9_5384_49e0_8128_5dedd538c208_37238b6728\",\"ext\":\".webp\",\"mime\":\"image/webp\",\"path\":null,\"width\":600,\"height\":750,\"size\":5.66,\"url\":\"/uploads/medium_672537b9_5384_49e0_8128_5dedd538c208_37238b6728.webp\"}},\"hash\":\"672537b9_5384_49e0_8128_5dedd538c208_37238b6728\",\"ext\":\".webp\",\"mime\":\"image/webp\",\"size\":10.34,\"url\":\"/uploads/672537b9_5384_49e0_8128_5dedd538c208_37238b6728.webp\",\"previewUrl\":null,\"provider\":\"local\",\"provider_metadata\":null,\"createdAt\":\"2023-04-10T15:32:18.511Z\",\"updatedAt\":\"2023-04-10T15:32:18.511Z\"}}]},\"thumbnail\":{\"data\":{\"id\":1,\"attributes\":{\"name\":\"thumbnail.webp\",\"alternativeText\":null,\"caption\":null,\"width\":592,\"height\":592,\"formats\":{\"thumbnail\":{\"name\":\"thumbnail_thumbnail.webp\",\"hash\":\"thumbnail_thumbnail_f2a4d6d988\",\"ext\":\".webp\",\"mime\":\"image/webp\",\"path\":null,\"width\":156,\"height\":156,\"size\":1.75,\"url\":\"/uploads/thumbnail_thumbnail_f2a4d6d988.webp\"},\"small\":{\"name\":\"small_thumbnail.webp\",\"hash\":\"small_thumbnail_f2a4d6d988\",\"ext\":\".webp\",\"mime\":\"image/webp\",\"path\":null,\"width\":500,\"height\":500,\"size\":9.92,\"url\":\"/uploads/small_thumbnail_f2a4d6d988.webp\"}},\"hash\":\"thumbnail_f2a4d6d988\",\"ext\":\".webp\",\"mime\":\"image/webp\",\"size\":15.38,\"url\":\"/uploads/thumbnail_f2a4d6d988.webp\",\"previewUrl\":null,\"provider\":\"local\",\"provider_metadata\":null,\"createdAt\":\"2023-04-10T15:32:18.419Z\",\"updatedAt\":\"2023-04-14T21:50:24.004Z\"}}},\"sizes\":[{\"id\":1,\"name\":\"41\",\"stock\":2},{\"id\":2,\"name\":\"42\",\"stock\":21}],\"cards\":{\"data\":[]}},\"size\":\"42\",\"count\":3}]', 'tuan', 'nbtuan@gmail.com', '11111111', '6b2f0727-52d2-4044-882b-f5e2bab1e27b', '7'),
(27, '2023-05-08 06:07:55.179000', '2023-05-08 06:07:55.179000', '2023-05-08 06:07:55.175000', NULL, NULL, '12295.00', 'test ', 'cash', 'new', '[{\"id\":1,\"attributes\":{\"name\":\"Air Jordan 1 Mid 124213\",\"subtitle\":\"Men\'s Shoes\",\"price\":12295,\"description\":\"\\\"Mi khi AJ1 c lm li, bn s c c i giy th thao c in vi mu sc v ha tit mi  c v ngoi th v, c tn trang li nhng vn c tt c s thoi mi quen thuc m bn bit. Cht liu v im nhn cao cp mang n biu hin hin i cho i giy c yu thch nht mi thi i. - Mu sc Hin th: Trng/en/Xanh bng - Kiu dng: DV1308-104\\\"\",\"original_price\":20000,\"slug\":\"air-jordan-1-mid-se\",\"createdAt\":\"2023-04-10T15:34:05.130Z\",\"updatedAt\":\"2023-05-07T17:24:19.626Z\",\"publishedAt\":\"2023-04-10T15:34:09.644Z\",\"image\":{\"data\":[{\"id\":5,\"attributes\":{\"name\":\"266f9922-ec59-41e3-9b36-85c5fab5c1ec.webp\",\"alternativeText\":null,\"caption\":null,\"width\":864,\"height\":1080,\"formats\":{\"thumbnail\":{\"name\":\"thumbnail_266f9922-ec59-41e3-9b36-85c5fab5c1ec.webp\",\"hash\":\"thumbnail_266f9922_ec59_41e3_9b36_85c5fab5c1ec_b00de598ef\",\"ext\":\".webp\",\"mime\":\"image/webp\",\"path\":null,\"width\":125,\"height\":156,\"size\":2.52,\"url\":\"/uploads/thumbnail_266f9922_ec59_41e3_9b36_85c5fab5c1ec_b00de598ef.webp\"},\"large\":{\"name\":\"large_266f9922-ec59-41e3-9b36-85c5fab5c1ec.webp\",\"hash\":\"large_266f9922_ec59_41e3_9b36_85c5fab5c1ec_b00de598ef\",\"ext\":\".webp\",\"mime\":\"image/webp\",\"path\":null,\"width\":800,\"height\":1000,\"size\":35.85,\"url\":\"/uploads/large_266f9922_ec59_41e3_9b36_85c5fab5c1ec_b00de598ef.webp\"},\"medium\":{\"name\":\"medium_266f9922-ec59-41e3-9b36-85c5fab5c1ec.webp\",\"hash\":\"medium_266f9922_ec59_41e3_9b36_85c5fab5c1ec_b00de598ef\",\"ext\":\".webp\",\"mime\":\"image/webp\",\"path\":null,\"width\":600,\"height\":750,\"size\":24.62,\"url\":\"/uploads/medium_266f9922_ec59_41e3_9b36_85c5fab5c1ec_b00de598ef.webp\"},\"small\":{\"name\":\"small_266f9922-ec59-41e3-9b36-85c5fab5c1ec.webp\",\"hash\":\"small_266f9922_ec59_41e3_9b36_85c5fab5c1ec_b00de598ef\",\"ext\":\".webp\",\"mime\":\"image/webp\",\"path\":null,\"width\":400,\"height\":500,\"size\":13.53,\"url\":\"/uploads/small_266f9922_ec59_41e3_9b36_85c5fab5c1ec_b00de598ef.webp\"}},\"hash\":\"266f9922_ec59_41e3_9b36_85c5fab5c1ec_b00de598ef\",\"ext\":\".webp\",\"mime\":\"image/webp\",\"size\":49.94,\"url\":\"/uploads/266f9922_ec59_41e3_9b36_85c5fab5c1ec_b00de598ef.webp\",\"previewUrl\":null,\"provider\":\"local\",\"provider_metadata\":null,\"createdAt\":\"2023-04-10T15:32:18.665Z\",\"updatedAt\":\"2023-04-10T15:32:18.665Z\"}},{\"id\":4,\"attributes\":{\"name\":\"ca113e5f-2165-476a-8dcf-ce7a0d85356c.webp\",\"alternativeText\":null,\"caption\":null,\"width\":864,\"height\":1080,\"formats\":{\"thumbnail\":{\"name\":\"thumbnail_ca113e5f-2165-476a-8dcf-ce7a0d85356c.webp\",\"hash\":\"thumbnail_ca113e5f_2165_476a_8dcf_ce7a0d85356c_207abacbe0\",\"ext\":\".webp\",\"mime\":\"image/webp\",\"path\":null,\"width\":125,\"height\":156,\"size\":1.4,\"url\":\"/uploads/thumbnail_ca113e5f_2165_476a_8dcf_ce7a0d85356c_207abacbe0.webp\"},\"large\":{\"name\":\"large_ca113e5f-2165-476a-8dcf-ce7a0d85356c.webp\",\"hash\":\"large_ca113e5f_2165_476a_8dcf_ce7a0d85356c_207abacbe0\",\"ext\":\".webp\",\"mime\":\"image/webp\",\"path\":null,\"width\":800,\"height\":1000,\"size\":23.45,\"url\":\"/uploads/large_ca113e5f_2165_476a_8dcf_ce7a0d85356c_207abacbe0.webp\"},\"medium\":{\"name\":\"medium_ca113e5f-2165-476a-8dcf-ce7a0d85356c.webp\",\"hash\":\"medium_ca113e5f_2165_476a_8dcf_ce7a0d85356c_207abacbe0\",\"ext\":\".webp\",\"mime\":\"image/webp\",\"path\":null,\"width\":600,\"height\":750,\"size\":15.26,\"url\":\"/uploads/medium_ca113e5f_2165_476a_8dcf_ce7a0d85356c_207abacbe0.webp\"},\"small\":{\"name\":\"small_ca113e5f-2165-476a-8dcf-ce7a0d85356c.webp\",\"hash\":\"small_ca113e5f_2165_476a_8dcf_ce7a0d85356c_207abacbe0\",\"ext\":\".webp\",\"mime\":\"image/webp\",\"path\":null,\"width\":400,\"height\":500,\"size\":7.99,\"url\":\"/uploads/small_ca113e5f_2165_476a_8dcf_ce7a0d85356c_207abacbe0.webp\"}},\"hash\":\"ca113e5f_2165_476a_8dcf_ce7a0d85356c_207abacbe0\",\"ext\":\".webp\",\"mime\":\"image/webp\",\"size\":30.64,\"url\":\"/uploads/ca113e5f_2165_476a_8dcf_ce7a0d85356c_207abacbe0.webp\",\"previewUrl\":null,\"provider\":\"local\",\"provider_metadata\":null,\"createdAt\":\"2023-04-10T15:32:18.662Z\",\"updatedAt\":\"2023-04-10T15:32:18.662Z\"}},{\"id\":3,\"attributes\":{\"name\":\"0d6a88ca-7ff8-4ad9-991b-b2e2a33cf66e.webp\",\"alternativeText\":null,\"caption\":null,\"width\":864,\"height\":1080,\"formats\":{\"thumbnail\":{\"name\":\"thumbnail_0d6a88ca-7ff8-4ad9-991b-b2e2a33cf66e.webp\",\"hash\":\"thumbnail_0d6a88ca_7ff8_4ad9_991b_b2e2a33cf66e_e498b69fcc\",\"ext\":\".webp\",\"mime\":\"image/webp\",\"path\":null,\"width\":125,\"height\":156,\"size\":1.37,\"url\":\"/uploads/thumbnail_0d6a88ca_7ff8_4ad9_991b_b2e2a33cf66e_e498b69fcc.webp\"},\"large\":{\"name\":\"large_0d6a88ca-7ff8-4ad9-991b-b2e2a33cf66e.webp\",\"hash\":\"large_0d6a88ca_7ff8_4ad9_991b_b2e2a33cf66e_e498b69fcc\",\"ext\":\".webp\",\"mime\":\"image/webp\",\"path\":null,\"width\":800,\"height\":1000,\"size\":21.95,\"url\":\"/uploads/large_0d6a88ca_7ff8_4ad9_991b_b2e2a33cf66e_e498b69fcc.webp\"},\"medium\":{\"name\":\"medium_0d6a88ca-7ff8-4ad9-991b-b2e2a33cf66e.webp\",\"hash\":\"medium_0d6a88ca_7ff8_4ad9_991b_b2e2a33cf66e_e498b69fcc\",\"ext\":\".webp\",\"mime\":\"image/webp\",\"path\":null,\"width\":600,\"height\":750,\"size\":14.34,\"url\":\"/uploads/medium_0d6a88ca_7ff8_4ad9_991b_b2e2a33cf66e_e498b69fcc.webp\"},\"small\":{\"name\":\"small_0d6a88ca-7ff8-4ad9-991b-b2e2a33cf66e.webp\",\"hash\":\"small_0d6a88ca_7ff8_4ad9_991b_b2e2a33cf66e_e498b69fcc\",\"ext\":\".webp\",\"mime\":\"image/webp\",\"path\":null,\"width\":400,\"height\":500,\"size\":7.59,\"url\":\"/uploads/small_0d6a88ca_7ff8_4ad9_991b_b2e2a33cf66e_e498b69fcc.webp\"}},\"hash\":\"0d6a88ca_7ff8_4ad9_991b_b2e2a33cf66e_e498b69fcc\",\"ext\":\".webp\",\"mime\":\"image/webp\",\"size\":30.06,\"url\":\"/uploads/0d6a88ca_7ff8_4ad9_991b_b2e2a33cf66e_e498b69fcc.webp\",\"previewUrl\":null,\"provider\":\"local\",\"provider_metadata\":null,\"createdAt\":\"2023-04-10T15:32:18.644Z\",\"updatedAt\":\"2023-04-10T15:32:18.644Z\"}},{\"id\":2,\"attributes\":{\"name\":\"672537b9-5384-49e0-8128-5dedd538c208.webp\",\"alternativeText\":null,\"caption\":null,\"width\":864,\"height\":1080,\"formats\":{\"thumbnail\":{\"name\":\"thumbnail_672537b9-5384-49e0-8128-5dedd538c208.webp\",\"hash\":\"thumbnail_672537b9_5384_49e0_8128_5dedd538c208_37238b6728\",\"ext\":\".webp\",\"mime\":\"image/webp\",\"path\":null,\"width\":125,\"height\":156,\"size\":0.7,\"url\":\"/uploads/thumbnail_672537b9_5384_49e0_8128_5dedd538c208_37238b6728.webp\"},\"large\":{\"name\":\"large_672537b9-5384-49e0-8128-5dedd538c208.webp\",\"hash\":\"large_672537b9_5384_49e0_8128_5dedd538c208_37238b6728\",\"ext\":\".webp\",\"mime\":\"image/webp\",\"path\":null,\"width\":800,\"height\":1000,\"size\":8.11,\"url\":\"/uploads/large_672537b9_5384_49e0_8128_5dedd538c208_37238b6728.webp\"},\"small\":{\"name\":\"small_672537b9-5384-49e0-8128-5dedd538c208.webp\",\"hash\":\"small_672537b9_5384_49e0_8128_5dedd538c208_37238b6728\",\"ext\":\".webp\",\"mime\":\"image/webp\",\"path\":null,\"width\":400,\"height\":500,\"size\":3.18,\"url\":\"/uploads/small_672537b9_5384_49e0_8128_5dedd538c208_37238b6728.webp\"},\"medium\":{\"name\":\"medium_672537b9-5384-49e0-8128-5dedd538c208.webp\",\"hash\":\"medium_672537b9_5384_49e0_8128_5dedd538c208_37238b6728\",\"ext\":\".webp\",\"mime\":\"image/webp\",\"path\":null,\"width\":600,\"height\":750,\"size\":5.66,\"url\":\"/uploads/medium_672537b9_5384_49e0_8128_5dedd538c208_37238b6728.webp\"}},\"hash\":\"672537b9_5384_49e0_8128_5dedd538c208_37238b6728\",\"ext\":\".webp\",\"mime\":\"image/webp\",\"size\":10.34,\"url\":\"/uploads/672537b9_5384_49e0_8128_5dedd538c208_37238b6728.webp\",\"previewUrl\":null,\"provider\":\"local\",\"provider_metadata\":null,\"createdAt\":\"2023-04-10T15:32:18.511Z\",\"updatedAt\":\"2023-04-10T15:32:18.511Z\"}}]},\"thumbnail\":{\"data\":{\"id\":1,\"attributes\":{\"name\":\"thumbnail.webp\",\"alternativeText\":null,\"caption\":null,\"width\":592,\"height\":592,\"formats\":{\"thumbnail\":{\"name\":\"thumbnail_thumbnail.webp\",\"hash\":\"thumbnail_thumbnail_f2a4d6d988\",\"ext\":\".webp\",\"mime\":\"image/webp\",\"path\":null,\"width\":156,\"height\":156,\"size\":1.75,\"url\":\"/uploads/thumbnail_thumbnail_f2a4d6d988.webp\"},\"small\":{\"name\":\"small_thumbnail.webp\",\"hash\":\"small_thumbnail_f2a4d6d988\",\"ext\":\".webp\",\"mime\":\"image/webp\",\"path\":null,\"width\":500,\"height\":500,\"size\":9.92,\"url\":\"/uploads/small_thumbnail_f2a4d6d988.webp\"}},\"hash\":\"thumbnail_f2a4d6d988\",\"ext\":\".webp\",\"mime\":\"image/webp\",\"size\":15.38,\"url\":\"/uploads/thumbnail_f2a4d6d988.webp\",\"previewUrl\":null,\"provider\":\"local\",\"provider_metadata\":null,\"createdAt\":\"2023-04-10T15:32:18.419Z\",\"updatedAt\":\"2023-04-14T21:50:24.004Z\"}}},\"sizes\":[{\"id\":1,\"name\":\"41\",\"stock\":3},{\"id\":2,\"name\":\"42\",\"stock\":21}],\"cards\":{\"data\":[]}},\"size\":\"41\",\"count\":1}]', 'admin', 'admin@gmail.com', '123412412', 'b7bbb667-76e7-4f8b-ad85-ba38ac86d02d', '5'),
(28, '2023-05-08 09:52:55.809000', '2023-05-14 08:22:40.660000', '2023-05-08 09:52:55.802000', NULL, NULL, '1454590.00', 'a ch 3', 'cash', 'refuse', '[{\"id\":1,\"attributes\":{\"name\":\"Air Jordan 1 Mid 124213\",\"subtitle\":\"Men\'s Shoes\",\"price\":12295,\"description\":\"\\\"Mi khi AJ1 c lm li, bn s c c i giy th thao c in vi mu sc v ha tit mi  c v ngoi th v, c tn trang li nhng vn c tt c s thoi mi quen thuc m bn bit. Cht liu v im nhn cao cp mang n biu hin hin i cho i giy c yu thch nht mi thi i. - Mu sc Hin th: Trng/en/Xanh bng - Kiu dng: DV1308-104\\\"\",\"original_price\":20000,\"slug\":\"air-jordan-1-mid-se\",\"createdAt\":\"2023-04-10T15:34:05.130Z\",\"updatedAt\":\"2023-05-07T17:24:19.626Z\",\"publishedAt\":\"2023-04-10T15:34:09.644Z\",\"image\":{\"data\":[{\"id\":5,\"attributes\":{\"name\":\"266f9922-ec59-41e3-9b36-85c5fab5c1ec.webp\",\"alternativeText\":null,\"caption\":null,\"width\":864,\"height\":1080,\"formats\":{\"thumbnail\":{\"name\":\"thumbnail_266f9922-ec59-41e3-9b36-85c5fab5c1ec.webp\",\"hash\":\"thumbnail_266f9922_ec59_41e3_9b36_85c5fab5c1ec_b00de598ef\",\"ext\":\".webp\",\"mime\":\"image/webp\",\"path\":null,\"width\":125,\"height\":156,\"size\":2.52,\"url\":\"/uploads/thumbnail_266f9922_ec59_41e3_9b36_85c5fab5c1ec_b00de598ef.webp\"},\"large\":{\"name\":\"large_266f9922-ec59-41e3-9b36-85c5fab5c1ec.webp\",\"hash\":\"large_266f9922_ec59_41e3_9b36_85c5fab5c1ec_b00de598ef\",\"ext\":\".webp\",\"mime\":\"image/webp\",\"path\":null,\"width\":800,\"height\":1000,\"size\":35.85,\"url\":\"/uploads/large_266f9922_ec59_41e3_9b36_85c5fab5c1ec_b00de598ef.webp\"},\"medium\":{\"name\":\"medium_266f9922-ec59-41e3-9b36-85c5fab5c1ec.webp\",\"hash\":\"medium_266f9922_ec59_41e3_9b36_85c5fab5c1ec_b00de598ef\",\"ext\":\".webp\",\"mime\":\"image/webp\",\"path\":null,\"width\":600,\"height\":750,\"size\":24.62,\"url\":\"/uploads/medium_266f9922_ec59_41e3_9b36_85c5fab5c1ec_b00de598ef.webp\"},\"small\":{\"name\":\"small_266f9922-ec59-41e3-9b36-85c5fab5c1ec.webp\",\"hash\":\"small_266f9922_ec59_41e3_9b36_85c5fab5c1ec_b00de598ef\",\"ext\":\".webp\",\"mime\":\"image/webp\",\"path\":null,\"width\":400,\"height\":500,\"size\":13.53,\"url\":\"/uploads/small_266f9922_ec59_41e3_9b36_85c5fab5c1ec_b00de598ef.webp\"}},\"hash\":\"266f9922_ec59_41e3_9b36_85c5fab5c1ec_b00de598ef\",\"ext\":\".webp\",\"mime\":\"image/webp\",\"size\":49.94,\"url\":\"/uploads/266f9922_ec59_41e3_9b36_85c5fab5c1ec_b00de598ef.webp\",\"previewUrl\":null,\"provider\":\"local\",\"provider_metadata\":null,\"createdAt\":\"2023-04-10T15:32:18.665Z\",\"updatedAt\":\"2023-04-10T15:32:18.665Z\"}},{\"id\":4,\"attributes\":{\"name\":\"ca113e5f-2165-476a-8dcf-ce7a0d85356c.webp\",\"alternativeText\":null,\"caption\":null,\"width\":864,\"height\":1080,\"formats\":{\"thumbnail\":{\"name\":\"thumbnail_ca113e5f-2165-476a-8dcf-ce7a0d85356c.webp\",\"hash\":\"thumbnail_ca113e5f_2165_476a_8dcf_ce7a0d85356c_207abacbe0\",\"ext\":\".webp\",\"mime\":\"image/webp\",\"path\":null,\"width\":125,\"height\":156,\"size\":1.4,\"url\":\"/uploads/thumbnail_ca113e5f_2165_476a_8dcf_ce7a0d85356c_207abacbe0.webp\"},\"large\":{\"name\":\"large_ca113e5f-2165-476a-8dcf-ce7a0d85356c.webp\",\"hash\":\"large_ca113e5f_2165_476a_8dcf_ce7a0d85356c_207abacbe0\",\"ext\":\".webp\",\"mime\":\"image/webp\",\"path\":null,\"width\":800,\"height\":1000,\"size\":23.45,\"url\":\"/uploads/large_ca113e5f_2165_476a_8dcf_ce7a0d85356c_207abacbe0.webp\"},\"medium\":{\"name\":\"medium_ca113e5f-2165-476a-8dcf-ce7a0d85356c.webp\",\"hash\":\"medium_ca113e5f_2165_476a_8dcf_ce7a0d85356c_207abacbe0\",\"ext\":\".webp\",\"mime\":\"image/webp\",\"path\":null,\"width\":600,\"height\":750,\"size\":15.26,\"url\":\"/uploads/medium_ca113e5f_2165_476a_8dcf_ce7a0d85356c_207abacbe0.webp\"},\"small\":{\"name\":\"small_ca113e5f-2165-476a-8dcf-ce7a0d85356c.webp\",\"hash\":\"small_ca113e5f_2165_476a_8dcf_ce7a0d85356c_207abacbe0\",\"ext\":\".webp\",\"mime\":\"image/webp\",\"path\":null,\"width\":400,\"height\":500,\"size\":7.99,\"url\":\"/uploads/small_ca113e5f_2165_476a_8dcf_ce7a0d85356c_207abacbe0.webp\"}},\"hash\":\"ca113e5f_2165_476a_8dcf_ce7a0d85356c_207abacbe0\",\"ext\":\".webp\",\"mime\":\"image/webp\",\"size\":30.64,\"url\":\"/uploads/ca113e5f_2165_476a_8dcf_ce7a0d85356c_207abacbe0.webp\",\"previewUrl\":null,\"provider\":\"local\",\"provider_metadata\":null,\"createdAt\":\"2023-04-10T15:32:18.662Z\",\"updatedAt\":\"2023-04-10T15:32:18.662Z\"}},{\"id\":3,\"attributes\":{\"name\":\"0d6a88ca-7ff8-4ad9-991b-b2e2a33cf66e.webp\",\"alternativeText\":null,\"caption\":null,\"width\":864,\"height\":1080,\"formats\":{\"thumbnail\":{\"name\":\"thumbnail_0d6a88ca-7ff8-4ad9-991b-b2e2a33cf66e.webp\",\"hash\":\"thumbnail_0d6a88ca_7ff8_4ad9_991b_b2e2a33cf66e_e498b69fcc\",\"ext\":\".webp\",\"mime\":\"image/webp\",\"path\":null,\"width\":125,\"height\":156,\"size\":1.37,\"url\":\"/uploads/thumbnail_0d6a88ca_7ff8_4ad9_991b_b2e2a33cf66e_e498b69fcc.webp\"},\"large\":{\"name\":\"large_0d6a88ca-7ff8-4ad9-991b-b2e2a33cf66e.webp\",\"hash\":\"large_0d6a88ca_7ff8_4ad9_991b_b2e2a33cf66e_e498b69fcc\",\"ext\":\".webp\",\"mime\":\"image/webp\",\"path\":null,\"width\":800,\"height\":1000,\"size\":21.95,\"url\":\"/uploads/large_0d6a88ca_7ff8_4ad9_991b_b2e2a33cf66e_e498b69fcc.webp\"},\"medium\":{\"name\":\"medium_0d6a88ca-7ff8-4ad9-991b-b2e2a33cf66e.webp\",\"hash\":\"medium_0d6a88ca_7ff8_4ad9_991b_b2e2a33cf66e_e498b69fcc\",\"ext\":\".webp\",\"mime\":\"image/webp\",\"path\":null,\"width\":600,\"height\":750,\"size\":14.34,\"url\":\"/uploads/medium_0d6a88ca_7ff8_4ad9_991b_b2e2a33cf66e_e498b69fcc.webp\"},\"small\":{\"name\":\"small_0d6a88ca-7ff8-4ad9-991b-b2e2a33cf66e.webp\",\"hash\":\"small_0d6a88ca_7ff8_4ad9_991b_b2e2a33cf66e_e498b69fcc\",\"ext\":\".webp\",\"mime\":\"image/webp\",\"path\":null,\"width\":400,\"height\":500,\"size\":7.59,\"url\":\"/uploads/small_0d6a88ca_7ff8_4ad9_991b_b2e2a33cf66e_e498b69fcc.webp\"}},\"hash\":\"0d6a88ca_7ff8_4ad9_991b_b2e2a33cf66e_e498b69fcc\",\"ext\":\".webp\",\"mime\":\"image/webp\",\"size\":30.06,\"url\":\"/uploads/0d6a88ca_7ff8_4ad9_991b_b2e2a33cf66e_e498b69fcc.webp\",\"previewUrl\":null,\"provider\":\"local\",\"provider_metadata\":null,\"createdAt\":\"2023-04-10T15:32:18.644Z\",\"updatedAt\":\"2023-04-10T15:32:18.644Z\"}},{\"id\":2,\"attributes\":{\"name\":\"672537b9-5384-49e0-8128-5dedd538c208.webp\",\"alternativeText\":null,\"caption\":null,\"width\":864,\"height\":1080,\"formats\":{\"thumbnail\":{\"name\":\"thumbnail_672537b9-5384-49e0-8128-5dedd538c208.webp\",\"hash\":\"thumbnail_672537b9_5384_49e0_8128_5dedd538c208_37238b6728\",\"ext\":\".webp\",\"mime\":\"image/webp\",\"path\":null,\"width\":125,\"height\":156,\"size\":0.7,\"url\":\"/uploads/thumbnail_672537b9_5384_49e0_8128_5dedd538c208_37238b6728.webp\"},\"large\":{\"name\":\"large_672537b9-5384-49e0-8128-5dedd538c208.webp\",\"hash\":\"large_672537b9_5384_49e0_8128_5dedd538c208_37238b6728\",\"ext\":\".webp\",\"mime\":\"image/webp\",\"path\":null,\"width\":800,\"height\":1000,\"size\":8.11,\"url\":\"/uploads/large_672537b9_5384_49e0_8128_5dedd538c208_37238b6728.webp\"},\"small\":{\"name\":\"small_672537b9-5384-49e0-8128-5dedd538c208.webp\",\"hash\":\"small_672537b9_5384_49e0_8128_5dedd538c208_37238b6728\",\"ext\":\".webp\",\"mime\":\"image/webp\",\"path\":null,\"width\":400,\"height\":500,\"size\":3.18,\"url\":\"/uploads/small_672537b9_5384_49e0_8128_5dedd538c208_37238b6728.webp\"},\"medium\":{\"name\":\"medium_672537b9-5384-49e0-8128-5dedd538c208.webp\",\"hash\":\"medium_672537b9_5384_49e0_8128_5dedd538c208_37238b6728\",\"ext\":\".webp\",\"mime\":\"image/webp\",\"path\":null,\"width\":600,\"height\":750,\"size\":5.66,\"url\":\"/uploads/medium_672537b9_5384_49e0_8128_5dedd538c208_37238b6728.webp\"}},\"hash\":\"672537b9_5384_49e0_8128_5dedd538c208_37238b6728\",\"ext\":\".webp\",\"mime\":\"image/webp\",\"size\":10.34,\"url\":\"/uploads/672537b9_5384_49e0_8128_5dedd538c208_37238b6728.webp\",\"previewUrl\":null,\"provider\":\"local\",\"provider_metadata\":null,\"createdAt\":\"2023-04-10T15:32:18.511Z\",\"updatedAt\":\"2023-04-10T15:32:18.511Z\"}}]},\"thumbnail\":{\"data\":{\"id\":1,\"attributes\":{\"name\":\"thumbnail.webp\",\"alternativeText\":null,\"caption\":null,\"width\":592,\"height\":592,\"formats\":{\"thumbnail\":{\"name\":\"thumbnail_thumbnail.webp\",\"hash\":\"thumbnail_thumbnail_f2a4d6d988\",\"ext\":\".webp\",\"mime\":\"image/webp\",\"path\":null,\"width\":156,\"height\":156,\"size\":1.75,\"url\":\"/uploads/thumbnail_thumbnail_f2a4d6d988.webp\"},\"small\":{\"name\":\"small_thumbnail.webp\",\"hash\":\"small_thumbnail_f2a4d6d988\",\"ext\":\".webp\",\"mime\":\"image/webp\",\"path\":null,\"width\":500,\"height\":500,\"size\":9.92,\"url\":\"/uploads/small_thumbnail_f2a4d6d988.webp\"}},\"hash\":\"thumbnail_f2a4d6d988\",\"ext\":\".webp\",\"mime\":\"image/webp\",\"size\":15.38,\"url\":\"/uploads/thumbnail_f2a4d6d988.webp\",\"previewUrl\":null,\"provider\":\"local\",\"provider_metadata\":null,\"createdAt\":\"2023-04-10T15:32:18.419Z\",\"updatedAt\":\"2023-04-14T21:50:24.004Z\"}}},\"sizes\":[{\"id\":1,\"name\":\"41\",\"stock\":3},{\"id\":2,\"name\":\"42\",\"stock\":21}],\"cards\":{\"data\":[]}},\"size\":\"41\",\"count\":1},{\"id\":1,\"attributes\":{\"name\":\"Air Jordan 1 Mid 124213\",\"subtitle\":\"Men\'s Shoes\",\"price\":12295,\"description\":\"\\\"Mi khi AJ1 c lm li, bn s c c i giy th thao c in vi mu sc v ha tit mi  c v ngoi th v, c tn trang li nhng vn c tt c s thoi mi quen thuc m bn bit. Cht liu v im nhn cao cp mang n biu hin hin i cho i giy c yu thch nht mi thi i. - Mu sc Hin th: Trng/en/Xanh bng - Kiu dng: DV1308-104\\\"\",\"original_price\":20000,\"slug\":\"air-jordan-1-mid-se\",\"createdAt\":\"2023-04-10T15:34:05.130Z\",\"updatedAt\":\"2023-05-07T17:24:19.626Z\",\"publishedAt\":\"2023-04-10T15:34:09.644Z\",\"image\":{\"data\":[{\"id\":5,\"attributes\":{\"name\":\"266f9922-ec59-41e3-9b36-85c5fab5c1ec.webp\",\"alternativeText\":null,\"caption\":null,\"width\":864,\"height\":1080,\"formats\":{\"thumbnail\":{\"name\":\"thumbnail_266f9922-ec59-41e3-9b36-85c5fab5c1ec.webp\",\"hash\":\"thumbnail_266f9922_ec59_41e3_9b36_85c5fab5c1ec_b00de598ef\",\"ext\":\".webp\",\"mime\":\"image/webp\",\"path\":null,\"width\":125,\"height\":156,\"size\":2.52,\"url\":\"/uploads/thumbnail_266f9922_ec59_41e3_9b36_85c5fab5c1ec_b00de598ef.webp\"},\"large\":{\"name\":\"large_266f9922-ec59-41e3-9b36-85c5fab5c1ec.webp\",\"hash\":\"large_266f9922_ec59_41e3_9b36_85c5fab5c1ec_b00de598ef\",\"ext\":\".webp\",\"mime\":\"image/webp\",\"path\":null,\"width\":800,\"height\":1000,\"size\":35.85,\"url\":\"/uploads/large_266f9922_ec59_41e3_9b36_85c5fab5c1ec_b00de598ef.webp\"},\"medium\":{\"name\":\"medium_266f9922-ec59-41e3-9b36-85c5fab5c1ec.webp\",\"hash\":\"medium_266f9922_ec59_41e3_9b36_85c5fab5c1ec_b00de598ef\",\"ext\":\".webp\",\"mime\":\"image/webp\",\"path\":null,\"width\":600,\"height\":750,\"size\":24.62,\"url\":\"/uploads/medium_266f9922_ec59_41e3_9b36_85c5fab5c1ec_b00de598ef.webp\"},\"small\":{\"name\":\"small_266f9922-ec59-41e3-9b36-85c5fab5c1ec.webp\",\"hash\":\"small_266f9922_ec59_41e3_9b36_85c5fab5c1ec_b00de598ef\",\"ext\":\".webp\",\"mime\":\"image/webp\",\"path\":null,\"width\":400,\"height\":500,\"size\":13.53,\"url\":\"/uploads/small_266f9922_ec59_41e3_9b36_85c5fab5c1ec_b00de598ef.webp\"}},\"hash\":\"266f9922_ec59_41e3_9b36_85c5fab5c1ec_b00de598ef\",\"ext\":\".webp\",\"mime\":\"image/webp\",\"size\":49.94,\"url\":\"/uploads/266f9922_ec59_41e3_9b36_85c5fab5c1ec_b00de598ef.webp\",\"previewUrl\":null,\"provider\":\"local\",\"provider_metadata\":null,\"createdAt\":\"2023-04-10T15:32:18.665Z\",\"updatedAt\":\"2023-04-10T15:32:18.665Z\"}},{\"id\":4,\"attributes\":{\"name\":\"ca113e5f-2165-476a-8dcf-ce7a0d85356c.webp\",\"alternativeText\":null,\"caption\":null,\"width\":864,\"height\":1080,\"formats\":{\"thumbnail\":{\"name\":\"thumbnail_ca113e5f-2165-476a-8dcf-ce7a0d85356c.webp\",\"hash\":\"thumbnail_ca113e5f_2165_476a_8dcf_ce7a0d85356c_207abacbe0\",\"ext\":\".webp\",\"mime\":\"image/webp\",\"path\":null,\"width\":125,\"height\":156,\"size\":1.4,\"url\":\"/uploads/thumbnail_ca113e5f_2165_476a_8dcf_ce7a0d85356c_207abacbe0.webp\"},\"large\":{\"name\":\"large_ca113e5f-2165-476a-8dcf-ce7a0d85356c.webp\",\"hash\":\"large_ca113e5f_2165_476a_8dcf_ce7a0d85356c_207abacbe0\",\"ext\":\".webp\",\"mime\":\"image/webp\",\"path\":null,\"width\":800,\"height\":1000,\"size\":23.45,\"url\":\"/uploads/large_ca113e5f_2165_476a_8dcf_ce7a0d85356c_207abacbe0.webp\"},\"medium\":{\"name\":\"medium_ca113e5f-2165-476a-8dcf-ce7a0d85356c.webp\",\"hash\":\"medium_ca113e5f_2165_476a_8dcf_ce7a0d85356c_207abacbe0\",\"ext\":\".webp\",\"mime\":\"image/webp\",\"path\":null,\"width\":600,\"height\":750,\"size\":15.26,\"url\":\"/uploads/medium_ca113e5f_2165_476a_8dcf_ce7a0d85356c_207abacbe0.webp\"},\"small\":{\"name\":\"small_ca113e5f-2165-476a-8dcf-ce7a0d85356c.webp\",\"hash\":\"small_ca113e5f_2165_476a_8dcf_ce7a0d85356c_207abacbe0\",\"ext\":\".webp\",\"mime\":\"image/webp\",\"path\":null,\"width\":400,\"height\":500,\"size\":7.99,\"url\":\"/uploads/small_ca113e5f_2165_476a_8dcf_ce7a0d85356c_207abacbe0.webp\"}},\"hash\":\"ca113e5f_2165_476a_8dcf_ce7a0d85356c_207abacbe0\",\"ext\":\".webp\",\"mime\":\"image/webp\",\"size\":30.64,\"url\":\"/uploads/ca113e5f_2165_476a_8dcf_ce7a0d85356c_207abacbe0.webp\",\"previewUrl\":null,\"provider\":\"local\",\"provider_metadata\":null,\"createdAt\":\"2023-04-10T15:32:18.662Z\",\"updatedAt\":\"2023-04-10T15:32:18.662Z\"}},{\"id\":3,\"attributes\":{\"name\":\"0d6a88ca-7ff8-4ad9-991b-b2e2a33cf66e.webp\",\"alternativeText\":null,\"caption\":null,\"width\":864,\"height\":1080,\"formats\":{\"thumbnail\":{\"name\":\"thumbnail_0d6a88ca-7ff8-4ad9-991b-b2e2a33cf66e.webp\",\"hash\":\"thumbnail_0d6a88ca_7ff8_4ad9_991b_b2e2a33cf66e_e498b69fcc\",\"ext\":\".webp\",\"mime\":\"image/webp\",\"path\":null,\"width\":125,\"height\":156,\"size\":1.37,\"url\":\"/uploads/thumbnail_0d6a88ca_7ff8_4ad9_991b_b2e2a33cf66e_e498b69fcc.webp\"},\"large\":{\"name\":\"large_0d6a88ca-7ff8-4ad9-991b-b2e2a33cf66e.webp\",\"hash\":\"large_0d6a88ca_7ff8_4ad9_991b_b2e2a33cf66e_e498b69fcc\",\"ext\":\".webp\",\"mime\":\"image/webp\",\"path\":null,\"width\":800,\"height\":1000,\"size\":21.95,\"url\":\"/uploads/large_0d6a88ca_7ff8_4ad9_991b_b2e2a33cf66e_e498b69fcc.webp\"},\"medium\":{\"name\":\"medium_0d6a88ca-7ff8-4ad9-991b-b2e2a33cf66e.webp\",\"hash\":\"medium_0d6a88ca_7ff8_4ad9_991b_b2e2a33cf66e_e498b69fcc\",\"ext\":\".webp\",\"mime\":\"image/webp\",\"path\":null,\"width\":600,\"height\":750,\"size\":14.34,\"url\":\"/uploads/medium_0d6a88ca_7ff8_4ad9_991b_b2e2a33cf66e_e498b69fcc.webp\"},\"small\":{\"name\":\"small_0d6a88ca-7ff8-4ad9-991b-b2e2a33cf66e.webp\",\"hash\":\"small_0d6a88ca_7ff8_4ad9_991b_b2e2a33cf66e_e498b69fcc\",\"ext\":\".webp\",\"mime\":\"image/webp\",\"path\":null,\"width\":400,\"height\":500,\"size\":7.59,\"url\":\"/uploads/small_0d6a88ca_7ff8_4ad9_991b_b2e2a33cf66e_e498b69fcc.webp\"}},\"hash\":\"0d6a88ca_7ff8_4ad9_991b_b2e2a33cf66e_e498b69fcc\",\"ext\":\".webp\",\"mime\":\"image/webp\",\"size\":30.06,\"url\":\"/uploads/0d6a88ca_7ff8_4ad9_991b_b2e2a33cf66e_e498b69fcc.webp\",\"previewUrl\":null,\"provider\":\"local\",\"provider_metadata\":null,\"createdAt\":\"2023-04-10T15:32:18.644Z\",\"updatedAt\":\"2023-04-10T15:32:18.644Z\"}},{\"id\":2,\"attributes\":{\"name\":\"672537b9-5384-49e0-8128-5dedd538c208.webp\",\"alternativeText\":null,\"caption\":null,\"width\":864,\"height\":1080,\"formats\":{\"thumbnail\":{\"name\":\"thumbnail_672537b9-5384-49e0-8128-5dedd538c208.webp\",\"hash\":\"thumbnail_672537b9_5384_49e0_8128_5dedd538c208_37238b6728\",\"ext\":\".webp\",\"mime\":\"image/webp\",\"path\":null,\"width\":125,\"height\":156,\"size\":0.7,\"url\":\"/uploads/thumbnail_672537b9_5384_49e0_8128_5dedd538c208_37238b6728.webp\"},\"large\":{\"name\":\"large_672537b9-5384-49e0-8128-5dedd538c208.webp\",\"hash\":\"large_672537b9_5384_49e0_8128_5dedd538c208_37238b6728\",\"ext\":\".webp\",\"mime\":\"image/webp\",\"path\":null,\"width\":800,\"height\":1000,\"size\":8.11,\"url\":\"/uploads/large_672537b9_5384_49e0_8128_5dedd538c208_37238b6728.webp\"},\"small\":{\"name\":\"small_672537b9-5384-49e0-8128-5dedd538c208.webp\",\"hash\":\"small_672537b9_5384_49e0_8128_5dedd538c208_37238b6728\",\"ext\":\".webp\",\"mime\":\"image/webp\",\"path\":null,\"width\":400,\"height\":500,\"size\":3.18,\"url\":\"/uploads/small_672537b9_5384_49e0_8128_5dedd538c208_37238b6728.webp\"},\"medium\":{\"name\":\"medium_672537b9-5384-49e0-8128-5dedd538c208.webp\",\"hash\":\"medium_672537b9_5384_49e0_8128_5dedd538c208_37238b6728\",\"ext\":\".webp\",\"mime\":\"image/webp\",\"path\":null,\"width\":600,\"height\":750,\"size\":5.66,\"url\":\"/uploads/medium_672537b9_5384_49e0_8128_5dedd538c208_37238b6728.webp\"}},\"hash\":\"672537b9_5384_49e0_8128_5dedd538c208_37238b6728\",\"ext\":\".webp\",\"mime\":\"image/webp\",\"size\":10.34,\"url\":\"/uploads/672537b9_5384_49e0_8128_5dedd538c208_37238b6728.webp\",\"previewUrl\":null,\"provider\":\"local\",\"provider_metadata\":null,\"createdAt\":\"2023-04-10T15:32:18.511Z\",\"updatedAt\":\"2023-04-10T15:32:18.511Z\"}}]},\"thumbnail\":{\"data\":{\"id\":1,\"attributes\":{\"name\":\"thumbnail.webp\",\"alternativeText\":null,\"caption\":null,\"width\":592,\"height\":592,\"formats\":{\"thumbnail\":{\"name\":\"thumbnail_thumbnail.webp\",\"hash\":\"thumbnail_thumbnail_f2a4d6d988\",\"ext\":\".webp\",\"mime\":\"image/webp\",\"path\":null,\"width\":156,\"height\":156,\"size\":1.75,\"url\":\"/uploads/thumbnail_thumbnail_f2a4d6d988.webp\"},\"small\":{\"name\":\"small_thumbnail.webp\",\"hash\":\"small_thumbnail_f2a4d6d988\",\"ext\":\".webp\",\"mime\":\"image/webp\",\"path\":null,\"width\":500,\"height\":500,\"size\":9.92,\"url\":\"/uploads/small_thumbnail_f2a4d6d988.webp\"}},\"hash\":\"thumbnail_f2a4d6d988\",\"ext\":\".webp\",\"mime\":\"image/webp\",\"size\":15.38,\"url\":\"/uploads/thumbnail_f2a4d6d988.webp\",\"previewUrl\":null,\"provider\":\"local\",\"provider_metadata\":null,\"createdAt\":\"2023-04-10T15:32:18.419Z\",\"updatedAt\":\"2023-04-14T21:50:24.004Z\"}}},\"sizes\":[{\"id\":1,\"name\":\"41\",\"stock\":3},{\"id\":2,\"name\":\"42\",\"stock\":21}],\"cards\":{\"data\":[]}},\"size\":\"42\",\"count\":1},{\"id\":24,\"attributes\":{\"name\":\"PEAK OUTDOOR MONSTER V3\",\"subtitle\":\"Men\'s Shoes\",\"price\":1430000,\"description\":\"Code: E224211A\\nPhi mu: Off White.\\nCng ngh: m foam c s dng cho ton b Mid-sole.\\nFit: True to size.\\n xut: Indoor / Outdoor.\\nV tr: SF, PF, C.\\n\",\"original_price\":1790000,\"slug\":\"peak-outdoor-monster-v3-74740100000\",\"createdAt\":\"2023-05-07T13:31:27.993Z\",\"updatedAt\":\"2023-05-07T13:31:27.993Z\",\"publishedAt\":\"2023-05-07T13:31:27.960Z\",\"image\":{\"data\":null},\"thumbnail\":{\"data\":{\"id\":26,\"attributes\":{\"name\":\"vylm5031_ad2c7ac529984a57b80c338d2617422b_large.webp\",\"alternativeText\":null,\"caption\":null,\"width\":480,\"height\":480,\"formats\":{\"thumbnail\":{\"name\":\"thumbnail_vylm5031_ad2c7ac529984a57b80c338d2617422b_large.webp\",\"hash\":\"thumbnail_vylm5031_ad2c7ac529984a57b80c338d2617422b_large_a14a64bd49\",\"ext\":\".webp\",\"mime\":\"image/webp\",\"path\":null,\"width\":156,\"height\":156,\"size\":2.94,\"url\":\"/uploads/thumbnail_vylm5031_ad2c7ac529984a57b80c338d2617422b_large_a14a64bd49.webp\"}},\"hash\":\"vylm5031_ad2c7ac529984a57b80c338d2617422b_large_a14a64bd49\",\"ext\":\".webp\",\"mime\":\"image/webp\",\"size\":18.57,\"url\":\"/uploads/vylm5031_ad2c7ac529984a57b80c338d2617422b_large_a14a64bd49.webp\",\"previewUrl\":null,\"provider\":\"local\",\"provider_metadata\":null,\"createdAt\":\"2023-05-07T13:30:28.372Z\",\"updatedAt\":\"2023-05-07T13:30:28.372Z\"}}},\"sizes\":[{\"id\":55,\"name\":\"39\",\"stock\":12},{\"id\":56,\"name\":\"42\",\"stock\":5},{\"id\":57,\"name\":\"37\",\"stock\":9}],\"cards\":{\"data\":[]}},\"size\":\"39\",\"count\":1}]', 'Tun', 'nbtuan@gmail.com', '123123123', '3cdeb2f3-b7b2-4336-86d1-a1754b52cc78', '7');
INSERT INTO `orders` (`id`, `created_at`, `updated_at`, `published_at`, `created_by_id`, `updated_by_id`, `total_price`, `address`, `payment_method`, `status`, `list_products`, `name`, `email`, `phone`, `order_id`, `user_id`) VALUES
(29, '2023-05-12 11:52:29.945000', '2023-05-12 11:52:29.945000', '2023-05-12 11:52:29.942000', NULL, NULL, '1442295.00', 'a ch 1', 'cash', 'new', '[{\"id\":1,\"attributes\":{\"name\":\"Air Jordan 1 Mid 124213\",\"subtitle\":\"Men\'s Shoes\",\"price\":12295,\"description\":\"\\\"Mi khi AJ1 c lm li, bn s c c i giy th thao c in vi mu sc v ha tit mi  c v ngoi th v, c tn trang li nhng vn c tt c s thoi mi quen thuc m bn bit. Cht liu v im nhn cao cp mang n biu hin hin i cho i giy c yu thch nht mi thi i. - Mu sc Hin th: Trng/en/Xanh bng - Kiu dng: DV1308-104\\\"\",\"original_price\":20000,\"slug\":\"air-jordan-1-mid-se\",\"createdAt\":\"2023-04-10T15:34:05.130Z\",\"updatedAt\":\"2023-05-07T17:24:19.626Z\",\"publishedAt\":\"2023-04-10T15:34:09.644Z\",\"image\":{\"data\":[{\"id\":5,\"attributes\":{\"name\":\"266f9922-ec59-41e3-9b36-85c5fab5c1ec.webp\",\"alternativeText\":null,\"caption\":null,\"width\":864,\"height\":1080,\"formats\":{\"thumbnail\":{\"name\":\"thumbnail_266f9922-ec59-41e3-9b36-85c5fab5c1ec.webp\",\"hash\":\"thumbnail_266f9922_ec59_41e3_9b36_85c5fab5c1ec_b00de598ef\",\"ext\":\".webp\",\"mime\":\"image/webp\",\"path\":null,\"width\":125,\"height\":156,\"size\":2.52,\"url\":\"/uploads/thumbnail_266f9922_ec59_41e3_9b36_85c5fab5c1ec_b00de598ef.webp\"},\"large\":{\"name\":\"large_266f9922-ec59-41e3-9b36-85c5fab5c1ec.webp\",\"hash\":\"large_266f9922_ec59_41e3_9b36_85c5fab5c1ec_b00de598ef\",\"ext\":\".webp\",\"mime\":\"image/webp\",\"path\":null,\"width\":800,\"height\":1000,\"size\":35.85,\"url\":\"/uploads/large_266f9922_ec59_41e3_9b36_85c5fab5c1ec_b00de598ef.webp\"},\"medium\":{\"name\":\"medium_266f9922-ec59-41e3-9b36-85c5fab5c1ec.webp\",\"hash\":\"medium_266f9922_ec59_41e3_9b36_85c5fab5c1ec_b00de598ef\",\"ext\":\".webp\",\"mime\":\"image/webp\",\"path\":null,\"width\":600,\"height\":750,\"size\":24.62,\"url\":\"/uploads/medium_266f9922_ec59_41e3_9b36_85c5fab5c1ec_b00de598ef.webp\"},\"small\":{\"name\":\"small_266f9922-ec59-41e3-9b36-85c5fab5c1ec.webp\",\"hash\":\"small_266f9922_ec59_41e3_9b36_85c5fab5c1ec_b00de598ef\",\"ext\":\".webp\",\"mime\":\"image/webp\",\"path\":null,\"width\":400,\"height\":500,\"size\":13.53,\"url\":\"/uploads/small_266f9922_ec59_41e3_9b36_85c5fab5c1ec_b00de598ef.webp\"}},\"hash\":\"266f9922_ec59_41e3_9b36_85c5fab5c1ec_b00de598ef\",\"ext\":\".webp\",\"mime\":\"image/webp\",\"size\":49.94,\"url\":\"/uploads/266f9922_ec59_41e3_9b36_85c5fab5c1ec_b00de598ef.webp\",\"previewUrl\":null,\"provider\":\"local\",\"provider_metadata\":null,\"createdAt\":\"2023-04-10T15:32:18.665Z\",\"updatedAt\":\"2023-04-10T15:32:18.665Z\"}},{\"id\":4,\"attributes\":{\"name\":\"ca113e5f-2165-476a-8dcf-ce7a0d85356c.webp\",\"alternativeText\":null,\"caption\":null,\"width\":864,\"height\":1080,\"formats\":{\"thumbnail\":{\"name\":\"thumbnail_ca113e5f-2165-476a-8dcf-ce7a0d85356c.webp\",\"hash\":\"thumbnail_ca113e5f_2165_476a_8dcf_ce7a0d85356c_207abacbe0\",\"ext\":\".webp\",\"mime\":\"image/webp\",\"path\":null,\"width\":125,\"height\":156,\"size\":1.4,\"url\":\"/uploads/thumbnail_ca113e5f_2165_476a_8dcf_ce7a0d85356c_207abacbe0.webp\"},\"large\":{\"name\":\"large_ca113e5f-2165-476a-8dcf-ce7a0d85356c.webp\",\"hash\":\"large_ca113e5f_2165_476a_8dcf_ce7a0d85356c_207abacbe0\",\"ext\":\".webp\",\"mime\":\"image/webp\",\"path\":null,\"width\":800,\"height\":1000,\"size\":23.45,\"url\":\"/uploads/large_ca113e5f_2165_476a_8dcf_ce7a0d85356c_207abacbe0.webp\"},\"medium\":{\"name\":\"medium_ca113e5f-2165-476a-8dcf-ce7a0d85356c.webp\",\"hash\":\"medium_ca113e5f_2165_476a_8dcf_ce7a0d85356c_207abacbe0\",\"ext\":\".webp\",\"mime\":\"image/webp\",\"path\":null,\"width\":600,\"height\":750,\"size\":15.26,\"url\":\"/uploads/medium_ca113e5f_2165_476a_8dcf_ce7a0d85356c_207abacbe0.webp\"},\"small\":{\"name\":\"small_ca113e5f-2165-476a-8dcf-ce7a0d85356c.webp\",\"hash\":\"small_ca113e5f_2165_476a_8dcf_ce7a0d85356c_207abacbe0\",\"ext\":\".webp\",\"mime\":\"image/webp\",\"path\":null,\"width\":400,\"height\":500,\"size\":7.99,\"url\":\"/uploads/small_ca113e5f_2165_476a_8dcf_ce7a0d85356c_207abacbe0.webp\"}},\"hash\":\"ca113e5f_2165_476a_8dcf_ce7a0d85356c_207abacbe0\",\"ext\":\".webp\",\"mime\":\"image/webp\",\"size\":30.64,\"url\":\"/uploads/ca113e5f_2165_476a_8dcf_ce7a0d85356c_207abacbe0.webp\",\"previewUrl\":null,\"provider\":\"local\",\"provider_metadata\":null,\"createdAt\":\"2023-04-10T15:32:18.662Z\",\"updatedAt\":\"2023-04-10T15:32:18.662Z\"}},{\"id\":3,\"attributes\":{\"name\":\"0d6a88ca-7ff8-4ad9-991b-b2e2a33cf66e.webp\",\"alternativeText\":null,\"caption\":null,\"width\":864,\"height\":1080,\"formats\":{\"thumbnail\":{\"name\":\"thumbnail_0d6a88ca-7ff8-4ad9-991b-b2e2a33cf66e.webp\",\"hash\":\"thumbnail_0d6a88ca_7ff8_4ad9_991b_b2e2a33cf66e_e498b69fcc\",\"ext\":\".webp\",\"mime\":\"image/webp\",\"path\":null,\"width\":125,\"height\":156,\"size\":1.37,\"url\":\"/uploads/thumbnail_0d6a88ca_7ff8_4ad9_991b_b2e2a33cf66e_e498b69fcc.webp\"},\"large\":{\"name\":\"large_0d6a88ca-7ff8-4ad9-991b-b2e2a33cf66e.webp\",\"hash\":\"large_0d6a88ca_7ff8_4ad9_991b_b2e2a33cf66e_e498b69fcc\",\"ext\":\".webp\",\"mime\":\"image/webp\",\"path\":null,\"width\":800,\"height\":1000,\"size\":21.95,\"url\":\"/uploads/large_0d6a88ca_7ff8_4ad9_991b_b2e2a33cf66e_e498b69fcc.webp\"},\"medium\":{\"name\":\"medium_0d6a88ca-7ff8-4ad9-991b-b2e2a33cf66e.webp\",\"hash\":\"medium_0d6a88ca_7ff8_4ad9_991b_b2e2a33cf66e_e498b69fcc\",\"ext\":\".webp\",\"mime\":\"image/webp\",\"path\":null,\"width\":600,\"height\":750,\"size\":14.34,\"url\":\"/uploads/medium_0d6a88ca_7ff8_4ad9_991b_b2e2a33cf66e_e498b69fcc.webp\"},\"small\":{\"name\":\"small_0d6a88ca-7ff8-4ad9-991b-b2e2a33cf66e.webp\",\"hash\":\"small_0d6a88ca_7ff8_4ad9_991b_b2e2a33cf66e_e498b69fcc\",\"ext\":\".webp\",\"mime\":\"image/webp\",\"path\":null,\"width\":400,\"height\":500,\"size\":7.59,\"url\":\"/uploads/small_0d6a88ca_7ff8_4ad9_991b_b2e2a33cf66e_e498b69fcc.webp\"}},\"hash\":\"0d6a88ca_7ff8_4ad9_991b_b2e2a33cf66e_e498b69fcc\",\"ext\":\".webp\",\"mime\":\"image/webp\",\"size\":30.06,\"url\":\"/uploads/0d6a88ca_7ff8_4ad9_991b_b2e2a33cf66e_e498b69fcc.webp\",\"previewUrl\":null,\"provider\":\"local\",\"provider_metadata\":null,\"createdAt\":\"2023-04-10T15:32:18.644Z\",\"updatedAt\":\"2023-04-10T15:32:18.644Z\"}},{\"id\":2,\"attributes\":{\"name\":\"672537b9-5384-49e0-8128-5dedd538c208.webp\",\"alternativeText\":null,\"caption\":null,\"width\":864,\"height\":1080,\"formats\":{\"thumbnail\":{\"name\":\"thumbnail_672537b9-5384-49e0-8128-5dedd538c208.webp\",\"hash\":\"thumbnail_672537b9_5384_49e0_8128_5dedd538c208_37238b6728\",\"ext\":\".webp\",\"mime\":\"image/webp\",\"path\":null,\"width\":125,\"height\":156,\"size\":0.7,\"url\":\"/uploads/thumbnail_672537b9_5384_49e0_8128_5dedd538c208_37238b6728.webp\"},\"large\":{\"name\":\"large_672537b9-5384-49e0-8128-5dedd538c208.webp\",\"hash\":\"large_672537b9_5384_49e0_8128_5dedd538c208_37238b6728\",\"ext\":\".webp\",\"mime\":\"image/webp\",\"path\":null,\"width\":800,\"height\":1000,\"size\":8.11,\"url\":\"/uploads/large_672537b9_5384_49e0_8128_5dedd538c208_37238b6728.webp\"},\"small\":{\"name\":\"small_672537b9-5384-49e0-8128-5dedd538c208.webp\",\"hash\":\"small_672537b9_5384_49e0_8128_5dedd538c208_37238b6728\",\"ext\":\".webp\",\"mime\":\"image/webp\",\"path\":null,\"width\":400,\"height\":500,\"size\":3.18,\"url\":\"/uploads/small_672537b9_5384_49e0_8128_5dedd538c208_37238b6728.webp\"},\"medium\":{\"name\":\"medium_672537b9-5384-49e0-8128-5dedd538c208.webp\",\"hash\":\"medium_672537b9_5384_49e0_8128_5dedd538c208_37238b6728\",\"ext\":\".webp\",\"mime\":\"image/webp\",\"path\":null,\"width\":600,\"height\":750,\"size\":5.66,\"url\":\"/uploads/medium_672537b9_5384_49e0_8128_5dedd538c208_37238b6728.webp\"}},\"hash\":\"672537b9_5384_49e0_8128_5dedd538c208_37238b6728\",\"ext\":\".webp\",\"mime\":\"image/webp\",\"size\":10.34,\"url\":\"/uploads/672537b9_5384_49e0_8128_5dedd538c208_37238b6728.webp\",\"previewUrl\":null,\"provider\":\"local\",\"provider_metadata\":null,\"createdAt\":\"2023-04-10T15:32:18.511Z\",\"updatedAt\":\"2023-04-10T15:32:18.511Z\"}}]},\"thumbnail\":{\"data\":{\"id\":1,\"attributes\":{\"name\":\"thumbnail.webp\",\"alternativeText\":null,\"caption\":null,\"width\":592,\"height\":592,\"formats\":{\"thumbnail\":{\"name\":\"thumbnail_thumbnail.webp\",\"hash\":\"thumbnail_thumbnail_f2a4d6d988\",\"ext\":\".webp\",\"mime\":\"image/webp\",\"path\":null,\"width\":156,\"height\":156,\"size\":1.75,\"url\":\"/uploads/thumbnail_thumbnail_f2a4d6d988.webp\"},\"small\":{\"name\":\"small_thumbnail.webp\",\"hash\":\"small_thumbnail_f2a4d6d988\",\"ext\":\".webp\",\"mime\":\"image/webp\",\"path\":null,\"width\":500,\"height\":500,\"size\":9.92,\"url\":\"/uploads/small_thumbnail_f2a4d6d988.webp\"}},\"hash\":\"thumbnail_f2a4d6d988\",\"ext\":\".webp\",\"mime\":\"image/webp\",\"size\":15.38,\"url\":\"/uploads/thumbnail_f2a4d6d988.webp\",\"previewUrl\":null,\"provider\":\"local\",\"provider_metadata\":null,\"createdAt\":\"2023-04-10T15:32:18.419Z\",\"updatedAt\":\"2023-04-14T21:50:24.004Z\"}}},\"sizes\":[{\"id\":1,\"name\":\"41\",\"stock\":3},{\"id\":2,\"name\":\"42\",\"stock\":21}],\"cards\":{\"data\":[]}},\"size\":\"42\",\"count\":1},{\"id\":24,\"attributes\":{\"name\":\"PEAK OUTDOOR MONSTER V3\",\"subtitle\":\"Men\'s Shoes\",\"price\":1430000,\"description\":\"Code: E224211A\\nPhi mu: Off White.\\nCng ngh: m foam c s dng cho ton b Mid-sole.\\nFit: True to size.\\n xut: Indoor / Outdoor.\\nV tr: SF, PF, C.\\n\",\"original_price\":1790000,\"slug\":\"peak-outdoor-monster-v3-74740100000\",\"createdAt\":\"2023-05-07T13:31:27.993Z\",\"updatedAt\":\"2023-05-07T13:31:27.993Z\",\"publishedAt\":\"2023-05-07T13:31:27.960Z\",\"image\":{\"data\":null},\"thumbnail\":{\"data\":{\"id\":26,\"attributes\":{\"name\":\"vylm5031_ad2c7ac529984a57b80c338d2617422b_large.webp\",\"alternativeText\":null,\"caption\":null,\"width\":480,\"height\":480,\"formats\":{\"thumbnail\":{\"name\":\"thumbnail_vylm5031_ad2c7ac529984a57b80c338d2617422b_large.webp\",\"hash\":\"thumbnail_vylm5031_ad2c7ac529984a57b80c338d2617422b_large_a14a64bd49\",\"ext\":\".webp\",\"mime\":\"image/webp\",\"path\":null,\"width\":156,\"height\":156,\"size\":2.94,\"url\":\"/uploads/thumbnail_vylm5031_ad2c7ac529984a57b80c338d2617422b_large_a14a64bd49.webp\"}},\"hash\":\"vylm5031_ad2c7ac529984a57b80c338d2617422b_large_a14a64bd49\",\"ext\":\".webp\",\"mime\":\"image/webp\",\"size\":18.57,\"url\":\"/uploads/vylm5031_ad2c7ac529984a57b80c338d2617422b_large_a14a64bd49.webp\",\"previewUrl\":null,\"provider\":\"local\",\"provider_metadata\":null,\"createdAt\":\"2023-05-07T13:30:28.372Z\",\"updatedAt\":\"2023-05-07T13:30:28.372Z\"}}},\"sizes\":[{\"id\":55,\"name\":\"39\",\"stock\":12},{\"id\":56,\"name\":\"42\",\"stock\":5},{\"id\":57,\"name\":\"37\",\"stock\":9}],\"cards\":{\"data\":[]}},\"size\":\"39\",\"count\":1}]', 'Tun', 'nbtuan@gmail.com', '123123123', 'ebfc1bd7-da2d-4913-b1b8-4b309f435e52', '7'),
(30, '2023-05-13 19:59:30.823000', '2023-05-13 19:59:30.823000', '2023-05-13 19:59:30.817000', NULL, NULL, '11790000.00', 'a ch 1', 'cash', 'new', '[{\"id\":34,\"attributes\":{\"name\":\"NIKE KOBE 5 PROTRO \\\"5 RINGS\\\"\",\"subtitle\":\"Men\'s Shoes\",\"price\":7300000,\"description\":\"Code: CD4991-400\\nPhi mu: Concord/Midwest Gold.\\nCng ngh: Zoom Air .\\nFit: True to size hoc ln 0.5 size.\\n xut: Indoor.\\nV tr: PG, SG, SF.\\n\",\"original_price\":7300000,\"slug\":\"nike-kobe-5-protro-5-rings-542476100000\",\"createdAt\":\"2023-05-07T13:48:08.790Z\",\"updatedAt\":\"2023-05-07T13:48:08.790Z\",\"publishedAt\":\"2023-05-07T13:48:08.775Z\",\"image\":{\"data\":null},\"thumbnail\":{\"data\":{\"id\":37,\"attributes\":{\"name\":\"img_5984_ae4f7de748624d9d96f3818810df2e88_grande.webp\",\"alternativeText\":null,\"caption\":null,\"width\":600,\"height\":600,\"formats\":{\"thumbnail\":{\"name\":\"thumbnail_img_5984_ae4f7de748624d9d96f3818810df2e88_grande.webp\",\"hash\":\"thumbnail_img_5984_ae4f7de748624d9d96f3818810df2e88_grande_da0bd2d373\",\"ext\":\".webp\",\"mime\":\"image/webp\",\"path\":null,\"width\":156,\"height\":156,\"size\":1.87,\"url\":\"/uploads/thumbnail_img_5984_ae4f7de748624d9d96f3818810df2e88_grande_da0bd2d373.webp\"},\"small\":{\"name\":\"small_img_5984_ae4f7de748624d9d96f3818810df2e88_grande.webp\",\"hash\":\"small_img_5984_ae4f7de748624d9d96f3818810df2e88_grande_da0bd2d373\",\"ext\":\".webp\",\"mime\":\"image/webp\",\"path\":null,\"width\":500,\"height\":500,\"size\":10.4,\"url\":\"/uploads/small_img_5984_ae4f7de748624d9d96f3818810df2e88_grande_da0bd2d373.webp\"}},\"hash\":\"img_5984_ae4f7de748624d9d96f3818810df2e88_grande_da0bd2d373\",\"ext\":\".webp\",\"mime\":\"image/webp\",\"size\":16,\"url\":\"/uploads/img_5984_ae4f7de748624d9d96f3818810df2e88_grande_da0bd2d373.webp\",\"previewUrl\":null,\"provider\":\"local\",\"provider_metadata\":null,\"createdAt\":\"2023-05-07T13:48:05.502Z\",\"updatedAt\":\"2023-05-07T13:48:05.502Z\"}}},\"sizes\":[{\"id\":90,\"name\":\"38\",\"stock\":99},{\"id\":91,\"name\":\"35\",\"stock\":100}],\"cards\":{\"data\":[]}},\"size\":\"38\",\"count\":1},{\"id\":40,\"attributes\":{\"name\":\"NIKE KD 15 \\\"ALL-STAR\\\"\",\"subtitle\":\"Men\'s Shoes\",\"price\":4490000,\"description\":\"Code: DV1200-100\\nPhi mu: Light Orewood Brown/Metallic Gold/Sundial/Sail/Citron Tint.\\nCng ngh: Full-length Air Zoom Strobel.\\nFit: True to size hoc ln 0.5 size.\\n xut: Indoor / Outdoor (mt sn khng qu xu).\\nV tr: PG, SG, SF.\\n\",\"original_price\":4490000,\"slug\":\"nike-kd-15-all-star-888461100000\",\"createdAt\":\"2023-05-07T13:54:04.372Z\",\"updatedAt\":\"2023-05-07T13:54:04.372Z\",\"publishedAt\":\"2023-05-07T13:54:04.345Z\",\"image\":{\"data\":null},\"thumbnail\":{\"data\":{\"id\":44,\"attributes\":{\"name\":\"vylm9563_6b7b276fdc9d4b51b7158690a9aacaaa_grande.webp\",\"alternativeText\":null,\"caption\":null,\"width\":600,\"height\":600,\"formats\":{\"thumbnail\":{\"name\":\"thumbnail_vylm9563_6b7b276fdc9d4b51b7158690a9aacaaa_grande.webp\",\"hash\":\"thumbnail_vylm9563_6b7b276fdc9d4b51b7158690a9aacaaa_grande_ba1de42a57\",\"ext\":\".webp\",\"mime\":\"image/webp\",\"path\":null,\"width\":156,\"height\":156,\"size\":1.92,\"url\":\"/uploads/thumbnail_vylm9563_6b7b276fdc9d4b51b7158690a9aacaaa_grande_ba1de42a57.webp\"},\"small\":{\"name\":\"small_vylm9563_6b7b276fdc9d4b51b7158690a9aacaaa_grande.webp\",\"hash\":\"small_vylm9563_6b7b276fdc9d4b51b7158690a9aacaaa_grande_ba1de42a57\",\"ext\":\".webp\",\"mime\":\"image/webp\",\"path\":null,\"width\":500,\"height\":500,\"size\":10.55,\"url\":\"/uploads/small_vylm9563_6b7b276fdc9d4b51b7158690a9aacaaa_grande_ba1de42a57.webp\"}},\"hash\":\"vylm9563_6b7b276fdc9d4b51b7158690a9aacaaa_grande_ba1de42a57\",\"ext\":\".webp\",\"mime\":\"image/webp\",\"size\":15.91,\"url\":\"/uploads/vylm9563_6b7b276fdc9d4b51b7158690a9aacaaa_grande_ba1de42a57.webp\",\"previewUrl\":null,\"provider\":\"local\",\"provider_metadata\":null,\"createdAt\":\"2023-05-07T13:54:01.913Z\",\"updatedAt\":\"2023-05-07T13:54:01.913Z\"}}},\"sizes\":[{\"id\":108,\"name\":\"38\",\"stock\":3},{\"id\":109,\"name\":\"40\",\"stock\":100},{\"id\":110,\"name\":\"35\",\"stock\":100},{\"id\":111,\"name\":\"37\",\"stock\":100}],\"cards\":{\"data\":[]}},\"size\":\"38\",\"count\":1}]', 'Tun', 'nbtuan@gmail.com', '123123123', '27305a35-d5b1-49c9-9c46-cba6343fb6bf', '7'),
(31, '2023-05-13 20:07:12.364000', '2023-05-13 20:07:12.364000', '2023-05-13 20:07:12.356000', NULL, NULL, '8780000.00', 'a ch 1', 'cash', 'new', '[{\"id\":40,\"attributes\":{\"name\":\"NIKE KD 15 \\\"ALL-STAR\\\"\",\"subtitle\":\"Men\'s Shoes\",\"price\":4490000,\"description\":\"Code: DV1200-100\\nPhi mu: Light Orewood Brown/Metallic Gold/Sundial/Sail/Citron Tint.\\nCng ngh: Full-length Air Zoom Strobel.\\nFit: True to size hoc ln 0.5 size.\\n xut: Indoor / Outdoor (mt sn khng qu xu).\\nV tr: PG, SG, SF.\\n\",\"original_price\":4490000,\"slug\":\"nike-kd-15-all-star-888461100000\",\"createdAt\":\"2023-05-07T13:54:04.372Z\",\"updatedAt\":\"2023-05-07T13:54:04.372Z\",\"publishedAt\":\"2023-05-07T13:54:04.345Z\",\"image\":{\"data\":null},\"thumbnail\":{\"data\":{\"id\":44,\"attributes\":{\"name\":\"vylm9563_6b7b276fdc9d4b51b7158690a9aacaaa_grande.webp\",\"alternativeText\":null,\"caption\":null,\"width\":600,\"height\":600,\"formats\":{\"thumbnail\":{\"name\":\"thumbnail_vylm9563_6b7b276fdc9d4b51b7158690a9aacaaa_grande.webp\",\"hash\":\"thumbnail_vylm9563_6b7b276fdc9d4b51b7158690a9aacaaa_grande_ba1de42a57\",\"ext\":\".webp\",\"mime\":\"image/webp\",\"path\":null,\"width\":156,\"height\":156,\"size\":1.92,\"url\":\"/uploads/thumbnail_vylm9563_6b7b276fdc9d4b51b7158690a9aacaaa_grande_ba1de42a57.webp\"},\"small\":{\"name\":\"small_vylm9563_6b7b276fdc9d4b51b7158690a9aacaaa_grande.webp\",\"hash\":\"small_vylm9563_6b7b276fdc9d4b51b7158690a9aacaaa_grande_ba1de42a57\",\"ext\":\".webp\",\"mime\":\"image/webp\",\"path\":null,\"width\":500,\"height\":500,\"size\":10.55,\"url\":\"/uploads/small_vylm9563_6b7b276fdc9d4b51b7158690a9aacaaa_grande_ba1de42a57.webp\"}},\"hash\":\"vylm9563_6b7b276fdc9d4b51b7158690a9aacaaa_grande_ba1de42a57\",\"ext\":\".webp\",\"mime\":\"image/webp\",\"size\":15.91,\"url\":\"/uploads/vylm9563_6b7b276fdc9d4b51b7158690a9aacaaa_grande_ba1de42a57.webp\",\"previewUrl\":null,\"provider\":\"local\",\"provider_metadata\":null,\"createdAt\":\"2023-05-07T13:54:01.913Z\",\"updatedAt\":\"2023-05-07T13:54:01.913Z\"}}},\"sizes\":[{\"id\":108,\"name\":\"38\",\"stock\":2},{\"id\":109,\"name\":\"40\",\"stock\":100},{\"id\":110,\"name\":\"35\",\"stock\":100},{\"id\":111,\"name\":\"37\",\"stock\":100}],\"cards\":{\"data\":[]}},\"size\":\"38\",\"count\":1},{\"id\":41,\"attributes\":{\"name\":\"PUMA MB.01 \\\"GALAXY\\\"\",\"subtitle\":\"Men\'s Shoes\",\"price\":4290000,\"description\":\"Code: 376677-07\\nPhi mu: Elektro Blue/Green Gecko.\\nCng ngh: m Nitro Foam c s dng cho ton b Midsole.\\nFit: True to size hoc ln 0.5 size.\\n xut: Indoor / Outdoor (mt sn khng qu xu).\\nV tr: PG, SG, SF.\\nBng quy i size\\n\",\"original_price\":4290000,\"slug\":\"puma-mb01-galaxy-472701100000\",\"createdAt\":\"2023-05-07T13:56:05.205Z\",\"updatedAt\":\"2023-05-07T13:56:05.205Z\",\"publishedAt\":\"2023-05-07T13:56:05.182Z\",\"image\":{\"data\":null},\"thumbnail\":{\"data\":{\"id\":45,\"attributes\":{\"name\":\"vylm6166_8dea67fcb9d44f679f2e373745e56e08_grande.webp\",\"alternativeText\":null,\"caption\":null,\"width\":600,\"height\":600,\"formats\":{\"thumbnail\":{\"name\":\"thumbnail_vylm6166_8dea67fcb9d44f679f2e373745e56e08_grande.webp\",\"hash\":\"thumbnail_vylm6166_8dea67fcb9d44f679f2e373745e56e08_grande_c94952bf79\",\"ext\":\".webp\",\"mime\":\"image/webp\",\"path\":null,\"width\":156,\"height\":156,\"size\":1.94,\"url\":\"/uploads/thumbnail_vylm6166_8dea67fcb9d44f679f2e373745e56e08_grande_c94952bf79.webp\"},\"small\":{\"name\":\"small_vylm6166_8dea67fcb9d44f679f2e373745e56e08_grande.webp\",\"hash\":\"small_vylm6166_8dea67fcb9d44f679f2e373745e56e08_grande_c94952bf79\",\"ext\":\".webp\",\"mime\":\"image/webp\",\"path\":null,\"width\":500,\"height\":500,\"size\":10.82,\"url\":\"/uploads/small_vylm6166_8dea67fcb9d44f679f2e373745e56e08_grande_c94952bf79.webp\"}},\"hash\":\"vylm6166_8dea67fcb9d44f679f2e373745e56e08_grande_c94952bf79\",\"ext\":\".webp\",\"mime\":\"image/webp\",\"size\":17.15,\"url\":\"/uploads/vylm6166_8dea67fcb9d44f679f2e373745e56e08_grande_c94952bf79.webp\",\"previewUrl\":null,\"provider\":\"local\",\"provider_metadata\":null,\"createdAt\":\"2023-05-07T13:56:01.471Z\",\"updatedAt\":\"2023-05-07T13:56:01.471Z\"}}},\"sizes\":[{\"id\":112,\"name\":\"38\",\"stock\":100},{\"id\":113,\"name\":\"35\",\"stock\":100},{\"id\":114,\"name\":\"37\",\"stock\":100},{\"id\":115,\"name\":\"43\",\"stock\":100}],\"cards\":{\"data\":[]}},\"size\":\"38\",\"count\":1}]', 'Tun', 'nbtuan@gmail.com', '123123123', '3dbdfe3d-380b-4191-86ac-daa492eb6d43', '7'),
(32, '2023-05-13 20:08:08.351000', '2023-05-13 20:08:08.351000', '2023-05-13 20:08:08.349000', NULL, NULL, '17240000.00', 'a ch 1', 'cash', 'new', '[{\"id\":40,\"attributes\":{\"name\":\"NIKE KD 15 \\\"ALL-STAR\\\"\",\"subtitle\":\"Men\'s Shoes\",\"price\":4490000,\"description\":\"Code: DV1200-100\\nPhi mu: Light Orewood Brown/Metallic Gold/Sundial/Sail/Citron Tint.\\nCng ngh: Full-length Air Zoom Strobel.\\nFit: True to size hoc ln 0.5 size.\\n xut: Indoor / Outdoor (mt sn khng qu xu).\\nV tr: PG, SG, SF.\\n\",\"original_price\":4490000,\"slug\":\"nike-kd-15-all-star-888461100000\",\"createdAt\":\"2023-05-07T13:54:04.372Z\",\"updatedAt\":\"2023-05-07T13:54:04.372Z\",\"publishedAt\":\"2023-05-07T13:54:04.345Z\",\"image\":{\"data\":null},\"thumbnail\":{\"data\":{\"id\":44,\"attributes\":{\"name\":\"vylm9563_6b7b276fdc9d4b51b7158690a9aacaaa_grande.webp\",\"alternativeText\":null,\"caption\":null,\"width\":600,\"height\":600,\"formats\":{\"thumbnail\":{\"name\":\"thumbnail_vylm9563_6b7b276fdc9d4b51b7158690a9aacaaa_grande.webp\",\"hash\":\"thumbnail_vylm9563_6b7b276fdc9d4b51b7158690a9aacaaa_grande_ba1de42a57\",\"ext\":\".webp\",\"mime\":\"image/webp\",\"path\":null,\"width\":156,\"height\":156,\"size\":1.92,\"url\":\"/uploads/thumbnail_vylm9563_6b7b276fdc9d4b51b7158690a9aacaaa_grande_ba1de42a57.webp\"},\"small\":{\"name\":\"small_vylm9563_6b7b276fdc9d4b51b7158690a9aacaaa_grande.webp\",\"hash\":\"small_vylm9563_6b7b276fdc9d4b51b7158690a9aacaaa_grande_ba1de42a57\",\"ext\":\".webp\",\"mime\":\"image/webp\",\"path\":null,\"width\":500,\"height\":500,\"size\":10.55,\"url\":\"/uploads/small_vylm9563_6b7b276fdc9d4b51b7158690a9aacaaa_grande_ba1de42a57.webp\"}},\"hash\":\"vylm9563_6b7b276fdc9d4b51b7158690a9aacaaa_grande_ba1de42a57\",\"ext\":\".webp\",\"mime\":\"image/webp\",\"size\":15.91,\"url\":\"/uploads/vylm9563_6b7b276fdc9d4b51b7158690a9aacaaa_grande_ba1de42a57.webp\",\"previewUrl\":null,\"provider\":\"local\",\"provider_metadata\":null,\"createdAt\":\"2023-05-07T13:54:01.913Z\",\"updatedAt\":\"2023-05-07T13:54:01.913Z\"}}},\"sizes\":[{\"id\":108,\"name\":\"38\",\"stock\":1},{\"id\":109,\"name\":\"40\",\"stock\":100},{\"id\":110,\"name\":\"35\",\"stock\":100},{\"id\":111,\"name\":\"37\",\"stock\":100}],\"cards\":{\"data\":[]}},\"size\":\"38\",\"count\":1},{\"id\":42,\"attributes\":{\"name\":\"NIKE DUNK LOW WMNS DISRUPT \\\"METALLIC GOLD\\\"\",\"subtitle\":\"Men\'s Shoes\",\"price\":4250000,\"description\":\"Code:DD9676-100.\\nPhi mu:White/Metallic Gold/Black/White.\\nPhin bn: Low.\\nFit: True to size.\\n xut: Mang i hng ngy, i chi, su tm.\",\"original_price\":5000000,\"slug\":\"nike-gold-554606100000\",\"createdAt\":\"2023-05-07T13:57:31.633Z\",\"updatedAt\":\"2023-05-13T11:21:33.636Z\",\"publishedAt\":\"2023-05-07T13:57:31.609Z\",\"image\":{\"data\":null},\"thumbnail\":{\"data\":{\"id\":47,\"attributes\":{\"name\":\"img_4011_515742cba1c1490cb967fd8ab3eb261d_grande.webp\",\"alternativeText\":null,\"caption\":null,\"width\":600,\"height\":600,\"formats\":{\"thumbnail\":{\"name\":\"thumbnail_img_4011_515742cba1c1490cb967fd8ab3eb261d_grande.webp\",\"hash\":\"thumbnail_img_4011_515742cba1c1490cb967fd8ab3eb261d_grande_1d3cc0293e\",\"ext\":\".webp\",\"mime\":\"image/webp\",\"path\":null,\"width\":156,\"height\":156,\"size\":0.85,\"url\":\"/uploads/thumbnail_img_4011_515742cba1c1490cb967fd8ab3eb261d_grande_1d3cc0293e.webp\"},\"small\":{\"name\":\"small_img_4011_515742cba1c1490cb967fd8ab3eb261d_grande.webp\",\"hash\":\"small_img_4011_515742cba1c1490cb967fd8ab3eb261d_grande_1d3cc0293e\",\"ext\":\".webp\",\"mime\":\"image/webp\",\"path\":null,\"width\":500,\"height\":500,\"size\":4.27,\"url\":\"/uploads/small_img_4011_515742cba1c1490cb967fd8ab3eb261d_grande_1d3cc0293e.webp\"}},\"hash\":\"img_4011_515742cba1c1490cb967fd8ab3eb261d_grande_1d3cc0293e\",\"ext\":\".webp\",\"mime\":\"image/webp\",\"size\":6.32,\"url\":\"/uploads/img_4011_515742cba1c1490cb967fd8ab3eb261d_grande_1d3cc0293e.webp\",\"previewUrl\":null,\"provider\":\"local\",\"provider_metadata\":null,\"createdAt\":\"2023-05-07T13:57:29.177Z\",\"updatedAt\":\"2023-05-07T13:57:29.177Z\"}}},\"sizes\":[{\"id\":116,\"name\":\"38\",\"stock\":100},{\"id\":117,\"name\":\"35\",\"stock\":100},{\"id\":118,\"name\":\"43\",\"stock\":100},{\"id\":119,\"name\":\"36\",\"stock\":100}],\"cards\":{\"data\":[]}},\"size\":\"35\",\"count\":1},{\"id\":42,\"attributes\":{\"name\":\"NIKE DUNK LOW WMNS DISRUPT \\\"METALLIC GOLD\\\"\",\"subtitle\":\"Men\'s Shoes\",\"price\":4250000,\"description\":\"Code:DD9676-100.\\nPhi mu:White/Metallic Gold/Black/White.\\nPhin bn: Low.\\nFit: True to size.\\n xut: Mang i hng ngy, i chi, su tm.\",\"original_price\":5000000,\"slug\":\"nike-gold-554606100000\",\"createdAt\":\"2023-05-07T13:57:31.633Z\",\"updatedAt\":\"2023-05-13T11:21:33.636Z\",\"publishedAt\":\"2023-05-07T13:57:31.609Z\",\"image\":{\"data\":null},\"thumbnail\":{\"data\":{\"id\":47,\"attributes\":{\"name\":\"img_4011_515742cba1c1490cb967fd8ab3eb261d_grande.webp\",\"alternativeText\":null,\"caption\":null,\"width\":600,\"height\":600,\"formats\":{\"thumbnail\":{\"name\":\"thumbnail_img_4011_515742cba1c1490cb967fd8ab3eb261d_grande.webp\",\"hash\":\"thumbnail_img_4011_515742cba1c1490cb967fd8ab3eb261d_grande_1d3cc0293e\",\"ext\":\".webp\",\"mime\":\"image/webp\",\"path\":null,\"width\":156,\"height\":156,\"size\":0.85,\"url\":\"/uploads/thumbnail_img_4011_515742cba1c1490cb967fd8ab3eb261d_grande_1d3cc0293e.webp\"},\"small\":{\"name\":\"small_img_4011_515742cba1c1490cb967fd8ab3eb261d_grande.webp\",\"hash\":\"small_img_4011_515742cba1c1490cb967fd8ab3eb261d_grande_1d3cc0293e\",\"ext\":\".webp\",\"mime\":\"image/webp\",\"path\":null,\"width\":500,\"height\":500,\"size\":4.27,\"url\":\"/uploads/small_img_4011_515742cba1c1490cb967fd8ab3eb261d_grande_1d3cc0293e.webp\"}},\"hash\":\"img_4011_515742cba1c1490cb967fd8ab3eb261d_grande_1d3cc0293e\",\"ext\":\".webp\",\"mime\":\"image/webp\",\"size\":6.32,\"url\":\"/uploads/img_4011_515742cba1c1490cb967fd8ab3eb261d_grande_1d3cc0293e.webp\",\"previewUrl\":null,\"provider\":\"local\",\"provider_metadata\":null,\"createdAt\":\"2023-05-07T13:57:29.177Z\",\"updatedAt\":\"2023-05-07T13:57:29.177Z\"}}},\"sizes\":[{\"id\":116,\"name\":\"38\",\"stock\":100},{\"id\":117,\"name\":\"35\",\"stock\":100},{\"id\":118,\"name\":\"43\",\"stock\":100},{\"id\":119,\"name\":\"36\",\"stock\":100}],\"cards\":{\"data\":[]}},\"size\":\"36\",\"count\":2}]', 'Tun', 'nbtuan@gmail.com', '123123123', '1211730c-f58b-4d78-ae83-c98158945e26', '7'),
(33, '2023-05-14 01:04:24.882000', '2023-05-14 01:04:24.882000', '2023-05-14 01:04:24.876000', NULL, NULL, '17960000.00', 'Thch Sn, Thch H, H Tnh', 'cash', 'new', '[{\"id\":40,\"attributes\":{\"name\":\"NIKE KD 15 \\\"ALL-STAR\\\"\",\"subtitle\":\"Men\'s Shoes\",\"price\":4490000,\"description\":\"Code: DV1200-100\\nPhi mu: Light Orewood Brown/Metallic Gold/Sundial/Sail/Citron Tint.\\nCng ngh: Full-length Air Zoom Strobel.\\nFit: True to size hoc ln 0.5 size.\\n xut: Indoor / Outdoor (mt sn khng qu xu).\\nV tr: PG, SG, SF.\\n\",\"original_price\":4490000,\"slug\":\"nike-kd-15-all-star-888461100000\",\"createdAt\":\"2023-05-07T13:54:04.372Z\",\"updatedAt\":\"2023-05-07T13:54:04.372Z\",\"publishedAt\":\"2023-05-07T13:54:04.345Z\",\"image\":{\"data\":null},\"thumbnail\":{\"data\":{\"id\":44,\"attributes\":{\"name\":\"vylm9563_6b7b276fdc9d4b51b7158690a9aacaaa_grande.webp\",\"alternativeText\":null,\"caption\":null,\"width\":600,\"height\":600,\"formats\":{\"thumbnail\":{\"name\":\"thumbnail_vylm9563_6b7b276fdc9d4b51b7158690a9aacaaa_grande.webp\",\"hash\":\"thumbnail_vylm9563_6b7b276fdc9d4b51b7158690a9aacaaa_grande_ba1de42a57\",\"ext\":\".webp\",\"mime\":\"image/webp\",\"path\":null,\"width\":156,\"height\":156,\"size\":1.92,\"url\":\"/uploads/thumbnail_vylm9563_6b7b276fdc9d4b51b7158690a9aacaaa_grande_ba1de42a57.webp\"},\"small\":{\"name\":\"small_vylm9563_6b7b276fdc9d4b51b7158690a9aacaaa_grande.webp\",\"hash\":\"small_vylm9563_6b7b276fdc9d4b51b7158690a9aacaaa_grande_ba1de42a57\",\"ext\":\".webp\",\"mime\":\"image/webp\",\"path\":null,\"width\":500,\"height\":500,\"size\":10.55,\"url\":\"/uploads/small_vylm9563_6b7b276fdc9d4b51b7158690a9aacaaa_grande_ba1de42a57.webp\"}},\"hash\":\"vylm9563_6b7b276fdc9d4b51b7158690a9aacaaa_grande_ba1de42a57\",\"ext\":\".webp\",\"mime\":\"image/webp\",\"size\":15.91,\"url\":\"/uploads/vylm9563_6b7b276fdc9d4b51b7158690a9aacaaa_grande_ba1de42a57.webp\",\"previewUrl\":null,\"provider\":\"local\",\"provider_metadata\":null,\"createdAt\":\"2023-05-07T13:54:01.913Z\",\"updatedAt\":\"2023-05-07T13:54:01.913Z\"}}},\"sizes\":[{\"id\":108,\"name\":\"38\",\"stock\":0},{\"id\":109,\"name\":\"40\",\"stock\":100},{\"id\":110,\"name\":\"35\",\"stock\":100},{\"id\":111,\"name\":\"37\",\"stock\":100}],\"cards\":{\"data\":[]}},\"size\":\"35\",\"count\":2},{\"id\":40,\"attributes\":{\"name\":\"NIKE KD 15 \\\"ALL-STAR\\\"\",\"subtitle\":\"Men\'s Shoes\",\"price\":4490000,\"description\":\"Code: DV1200-100\\nPhi mu: Light Orewood Brown/Metallic Gold/Sundial/Sail/Citron Tint.\\nCng ngh: Full-length Air Zoom Strobel.\\nFit: True to size hoc ln 0.5 size.\\n xut: Indoor / Outdoor (mt sn khng qu xu).\\nV tr: PG, SG, SF.\\n\",\"original_price\":4490000,\"slug\":\"nike-kd-15-all-star-888461100000\",\"createdAt\":\"2023-05-07T13:54:04.372Z\",\"updatedAt\":\"2023-05-07T13:54:04.372Z\",\"publishedAt\":\"2023-05-07T13:54:04.345Z\",\"image\":{\"data\":null},\"thumbnail\":{\"data\":{\"id\":44,\"attributes\":{\"name\":\"vylm9563_6b7b276fdc9d4b51b7158690a9aacaaa_grande.webp\",\"alternativeText\":null,\"caption\":null,\"width\":600,\"height\":600,\"formats\":{\"thumbnail\":{\"name\":\"thumbnail_vylm9563_6b7b276fdc9d4b51b7158690a9aacaaa_grande.webp\",\"hash\":\"thumbnail_vylm9563_6b7b276fdc9d4b51b7158690a9aacaaa_grande_ba1de42a57\",\"ext\":\".webp\",\"mime\":\"image/webp\",\"path\":null,\"width\":156,\"height\":156,\"size\":1.92,\"url\":\"/uploads/thumbnail_vylm9563_6b7b276fdc9d4b51b7158690a9aacaaa_grande_ba1de42a57.webp\"},\"small\":{\"name\":\"small_vylm9563_6b7b276fdc9d4b51b7158690a9aacaaa_grande.webp\",\"hash\":\"small_vylm9563_6b7b276fdc9d4b51b7158690a9aacaaa_grande_ba1de42a57\",\"ext\":\".webp\",\"mime\":\"image/webp\",\"path\":null,\"width\":500,\"height\":500,\"size\":10.55,\"url\":\"/uploads/small_vylm9563_6b7b276fdc9d4b51b7158690a9aacaaa_grande_ba1de42a57.webp\"}},\"hash\":\"vylm9563_6b7b276fdc9d4b51b7158690a9aacaaa_grande_ba1de42a57\",\"ext\":\".webp\",\"mime\":\"image/webp\",\"size\":15.91,\"url\":\"/uploads/vylm9563_6b7b276fdc9d4b51b7158690a9aacaaa_grande_ba1de42a57.webp\",\"previewUrl\":null,\"provider\":\"local\",\"provider_metadata\":null,\"createdAt\":\"2023-05-07T13:54:01.913Z\",\"updatedAt\":\"2023-05-07T13:54:01.913Z\"}}},\"sizes\":[{\"id\":108,\"name\":\"38\",\"stock\":0},{\"id\":109,\"name\":\"40\",\"stock\":100},{\"id\":110,\"name\":\"35\",\"stock\":100},{\"id\":111,\"name\":\"37\",\"stock\":100}],\"cards\":{\"data\":[]}},\"size\":\"40\",\"count\":2}]', 'Nguyn B Tun', 'tuannb@gmail.com', '09974884', 'c7158a49-00ba-4e93-84cc-8fc3d81a494b', '9'),
(34, '2023-05-14 06:54:31.680000', '2023-05-14 06:54:31.680000', '2023-05-14 06:54:31.673000', NULL, NULL, '8580000.00', 'nghean', 'cash', 'new', '[{\"id\":41,\"attributes\":{\"name\":\"PUMA MB.01 \\\"GALAXY\\\"\",\"subtitle\":\"Men\'s Shoes\",\"price\":4290000,\"description\":\"Code: 376677-07\\nPhi mu: Elektro Blue/Green Gecko.\\nCng ngh: m Nitro Foam c s dng cho ton b Midsole.\\nFit: True to size hoc ln 0.5 size.\\n xut: Indoor / Outdoor (mt sn khng qu xu).\\nV tr: PG, SG, SF.\\nBng quy i size\\n\",\"original_price\":4290000,\"slug\":\"puma-mb01-galaxy-472701100000\",\"createdAt\":\"2023-05-07T13:56:05.205Z\",\"updatedAt\":\"2023-05-07T13:56:05.205Z\",\"publishedAt\":\"2023-05-07T13:56:05.182Z\",\"image\":{\"data\":null},\"thumbnail\":{\"data\":{\"id\":45,\"attributes\":{\"name\":\"vylm6166_8dea67fcb9d44f679f2e373745e56e08_grande.webp\",\"alternativeText\":null,\"caption\":null,\"width\":600,\"height\":600,\"formats\":{\"thumbnail\":{\"name\":\"thumbnail_vylm6166_8dea67fcb9d44f679f2e373745e56e08_grande.webp\",\"hash\":\"thumbnail_vylm6166_8dea67fcb9d44f679f2e373745e56e08_grande_c94952bf79\",\"ext\":\".webp\",\"mime\":\"image/webp\",\"path\":null,\"width\":156,\"height\":156,\"size\":1.94,\"url\":\"/uploads/thumbnail_vylm6166_8dea67fcb9d44f679f2e373745e56e08_grande_c94952bf79.webp\"},\"small\":{\"name\":\"small_vylm6166_8dea67fcb9d44f679f2e373745e56e08_grande.webp\",\"hash\":\"small_vylm6166_8dea67fcb9d44f679f2e373745e56e08_grande_c94952bf79\",\"ext\":\".webp\",\"mime\":\"image/webp\",\"path\":null,\"width\":500,\"height\":500,\"size\":10.82,\"url\":\"/uploads/small_vylm6166_8dea67fcb9d44f679f2e373745e56e08_grande_c94952bf79.webp\"}},\"hash\":\"vylm6166_8dea67fcb9d44f679f2e373745e56e08_grande_c94952bf79\",\"ext\":\".webp\",\"mime\":\"image/webp\",\"size\":17.15,\"url\":\"/uploads/vylm6166_8dea67fcb9d44f679f2e373745e56e08_grande_c94952bf79.webp\",\"previewUrl\":null,\"provider\":\"local\",\"provider_metadata\":null,\"createdAt\":\"2023-05-07T13:56:01.471Z\",\"updatedAt\":\"2023-05-07T13:56:01.471Z\"}}},\"sizes\":[{\"id\":112,\"name\":\"38\",\"stock\":99},{\"id\":113,\"name\":\"35\",\"stock\":100},{\"id\":114,\"name\":\"37\",\"stock\":100},{\"id\":115,\"name\":\"43\",\"stock\":100}],\"cards\":{\"data\":[]}},\"size\":\"37\",\"count\":2}]', 'sangbui', 'sang@gmail.com', '121213556', '3e2656d8-44e1-492f-99e1-50d7cb157c5c', '10'),
(35, '2023-05-14 07:17:46.669000', '2023-05-14 07:17:46.669000', '2023-05-14 07:17:46.664000', NULL, NULL, '8980000.00', 'nghean', 'cash', 'new', '[{\"id\":40,\"attributes\":{\"name\":\"NIKE KD 15 \\\"ALL-STAR\\\"\",\"subtitle\":\"Men\'s Shoes\",\"price\":4490000,\"description\":\"Code: DV1200-100\\nPhi mu: Light Orewood Brown/Metallic Gold/Sundial/Sail/Citron Tint.\\nCng ngh: Full-length Air Zoom Strobel.\\nFit: True to size hoc ln 0.5 size.\\n xut: Indoor / Outdoor (mt sn khng qu xu).\\nV tr: PG, SG, SF.\\n\",\"original_price\":4490000,\"slug\":\"nike-kd-15-all-star-888461100000\",\"createdAt\":\"2023-05-07T13:54:04.372Z\",\"updatedAt\":\"2023-05-07T13:54:04.372Z\",\"publishedAt\":\"2023-05-07T13:54:04.345Z\",\"image\":{\"data\":null},\"thumbnail\":{\"data\":{\"id\":44,\"attributes\":{\"name\":\"vylm9563_6b7b276fdc9d4b51b7158690a9aacaaa_grande.webp\",\"alternativeText\":null,\"caption\":null,\"width\":600,\"height\":600,\"formats\":{\"thumbnail\":{\"name\":\"thumbnail_vylm9563_6b7b276fdc9d4b51b7158690a9aacaaa_grande.webp\",\"hash\":\"thumbnail_vylm9563_6b7b276fdc9d4b51b7158690a9aacaaa_grande_ba1de42a57\",\"ext\":\".webp\",\"mime\":\"image/webp\",\"path\":null,\"width\":156,\"height\":156,\"size\":1.92,\"url\":\"/uploads/thumbnail_vylm9563_6b7b276fdc9d4b51b7158690a9aacaaa_grande_ba1de42a57.webp\"},\"small\":{\"name\":\"small_vylm9563_6b7b276fdc9d4b51b7158690a9aacaaa_grande.webp\",\"hash\":\"small_vylm9563_6b7b276fdc9d4b51b7158690a9aacaaa_grande_ba1de42a57\",\"ext\":\".webp\",\"mime\":\"image/webp\",\"path\":null,\"width\":500,\"height\":500,\"size\":10.55,\"url\":\"/uploads/small_vylm9563_6b7b276fdc9d4b51b7158690a9aacaaa_grande_ba1de42a57.webp\"}},\"hash\":\"vylm9563_6b7b276fdc9d4b51b7158690a9aacaaa_grande_ba1de42a57\",\"ext\":\".webp\",\"mime\":\"image/webp\",\"size\":15.91,\"url\":\"/uploads/vylm9563_6b7b276fdc9d4b51b7158690a9aacaaa_grande_ba1de42a57.webp\",\"previewUrl\":null,\"provider\":\"local\",\"provider_metadata\":null,\"createdAt\":\"2023-05-07T13:54:01.913Z\",\"updatedAt\":\"2023-05-07T13:54:01.913Z\"}}},\"sizes\":[{\"id\":108,\"name\":\"38\",\"stock\":0},{\"id\":109,\"name\":\"40\",\"stock\":98},{\"id\":110,\"name\":\"35\",\"stock\":98},{\"id\":111,\"name\":\"37\",\"stock\":100}],\"cards\":{\"data\":[]}},\"size\":\"35\",\"count\":1},{\"id\":40,\"attributes\":{\"name\":\"NIKE KD 15 \\\"ALL-STAR\\\"\",\"subtitle\":\"Men\'s Shoes\",\"price\":4490000,\"description\":\"Code: DV1200-100\\nPhi mu: Light Orewood Brown/Metallic Gold/Sundial/Sail/Citron Tint.\\nCng ngh: Full-length Air Zoom Strobel.\\nFit: True to size hoc ln 0.5 size.\\n xut: Indoor / Outdoor (mt sn khng qu xu).\\nV tr: PG, SG, SF.\\n\",\"original_price\":4490000,\"slug\":\"nike-kd-15-all-star-888461100000\",\"createdAt\":\"2023-05-07T13:54:04.372Z\",\"updatedAt\":\"2023-05-07T13:54:04.372Z\",\"publishedAt\":\"2023-05-07T13:54:04.345Z\",\"image\":{\"data\":null},\"thumbnail\":{\"data\":{\"id\":44,\"attributes\":{\"name\":\"vylm9563_6b7b276fdc9d4b51b7158690a9aacaaa_grande.webp\",\"alternativeText\":null,\"caption\":null,\"width\":600,\"height\":600,\"formats\":{\"thumbnail\":{\"name\":\"thumbnail_vylm9563_6b7b276fdc9d4b51b7158690a9aacaaa_grande.webp\",\"hash\":\"thumbnail_vylm9563_6b7b276fdc9d4b51b7158690a9aacaaa_grande_ba1de42a57\",\"ext\":\".webp\",\"mime\":\"image/webp\",\"path\":null,\"width\":156,\"height\":156,\"size\":1.92,\"url\":\"/uploads/thumbnail_vylm9563_6b7b276fdc9d4b51b7158690a9aacaaa_grande_ba1de42a57.webp\"},\"small\":{\"name\":\"small_vylm9563_6b7b276fdc9d4b51b7158690a9aacaaa_grande.webp\",\"hash\":\"small_vylm9563_6b7b276fdc9d4b51b7158690a9aacaaa_grande_ba1de42a57\",\"ext\":\".webp\",\"mime\":\"image/webp\",\"path\":null,\"width\":500,\"height\":500,\"size\":10.55,\"url\":\"/uploads/small_vylm9563_6b7b276fdc9d4b51b7158690a9aacaaa_grande_ba1de42a57.webp\"}},\"hash\":\"vylm9563_6b7b276fdc9d4b51b7158690a9aacaaa_grande_ba1de42a57\",\"ext\":\".webp\",\"mime\":\"image/webp\",\"size\":15.91,\"url\":\"/uploads/vylm9563_6b7b276fdc9d4b51b7158690a9aacaaa_grande_ba1de42a57.webp\",\"previewUrl\":null,\"provider\":\"local\",\"provider_metadata\":null,\"createdAt\":\"2023-05-07T13:54:01.913Z\",\"updatedAt\":\"2023-05-07T13:54:01.913Z\"}}},\"sizes\":[{\"id\":108,\"name\":\"38\",\"stock\":0},{\"id\":109,\"name\":\"40\",\"stock\":98},{\"id\":110,\"name\":\"35\",\"stock\":98},{\"id\":111,\"name\":\"37\",\"stock\":100}],\"cards\":{\"data\":[]}},\"size\":\"40\",\"count\":1}]', 'sangbui', 'sang@gmail.com', '09974884', '0f30041a-5e01-4060-8146-8b2384e7e59e', '10'),
(36, '2023-05-14 08:20:21.059000', '2023-05-14 08:20:21.059000', '2023-05-14 08:20:21.056000', NULL, NULL, '8740000.00', 'a ch 1', 'cash', 'new', '[{\"id\":40,\"attributes\":{\"name\":\"NIKE KD 15 \\\"ALL-STAR\\\"\",\"subtitle\":\"Men\'s Shoes\",\"price\":4490000,\"description\":\"Code: DV1200-100\\nPhi mu: Light Orewood Brown/Metallic Gold/Sundial/Sail/Citron Tint.\\nCng ngh: Full-length Air Zoom Strobel.\\nFit: True to size hoc ln 0.5 size.\\n xut: Indoor / Outdoor (mt sn khng qu xu).\\nV tr: PG, SG, SF.\\n\",\"original_price\":4490000,\"slug\":\"nike-kd-15-all-star-888461100000\",\"createdAt\":\"2023-05-07T13:54:04.372Z\",\"updatedAt\":\"2023-05-07T13:54:04.372Z\",\"publishedAt\":\"2023-05-07T13:54:04.345Z\",\"image\":{\"data\":null},\"thumbnail\":{\"data\":{\"id\":44,\"attributes\":{\"name\":\"vylm9563_6b7b276fdc9d4b51b7158690a9aacaaa_grande.webp\",\"alternativeText\":null,\"caption\":null,\"width\":600,\"height\":600,\"formats\":{\"thumbnail\":{\"name\":\"thumbnail_vylm9563_6b7b276fdc9d4b51b7158690a9aacaaa_grande.webp\",\"hash\":\"thumbnail_vylm9563_6b7b276fdc9d4b51b7158690a9aacaaa_grande_ba1de42a57\",\"ext\":\".webp\",\"mime\":\"image/webp\",\"path\":null,\"width\":156,\"height\":156,\"size\":1.92,\"url\":\"/uploads/thumbnail_vylm9563_6b7b276fdc9d4b51b7158690a9aacaaa_grande_ba1de42a57.webp\"},\"small\":{\"name\":\"small_vylm9563_6b7b276fdc9d4b51b7158690a9aacaaa_grande.webp\",\"hash\":\"small_vylm9563_6b7b276fdc9d4b51b7158690a9aacaaa_grande_ba1de42a57\",\"ext\":\".webp\",\"mime\":\"image/webp\",\"path\":null,\"width\":500,\"height\":500,\"size\":10.55,\"url\":\"/uploads/small_vylm9563_6b7b276fdc9d4b51b7158690a9aacaaa_grande_ba1de42a57.webp\"}},\"hash\":\"vylm9563_6b7b276fdc9d4b51b7158690a9aacaaa_grande_ba1de42a57\",\"ext\":\".webp\",\"mime\":\"image/webp\",\"size\":15.91,\"url\":\"/uploads/vylm9563_6b7b276fdc9d4b51b7158690a9aacaaa_grande_ba1de42a57.webp\",\"previewUrl\":null,\"provider\":\"local\",\"provider_metadata\":null,\"createdAt\":\"2023-05-07T13:54:01.913Z\",\"updatedAt\":\"2023-05-07T13:54:01.913Z\"}}},\"sizes\":[{\"id\":108,\"name\":\"38\",\"stock\":0},{\"id\":109,\"name\":\"40\",\"stock\":97},{\"id\":110,\"name\":\"35\",\"stock\":97},{\"id\":111,\"name\":\"37\",\"stock\":100}],\"cards\":{\"data\":[]}},\"size\":\"40\",\"count\":1},{\"id\":42,\"attributes\":{\"name\":\"NIKE DUNK LOW WMNS DISRUPT \\\"METALLIC GOLD\\\"\",\"subtitle\":\"Men\'s Shoes\",\"price\":4250000,\"description\":\"Code:DD9676-100.\\nPhi mu:White/Metallic Gold/Black/White.\\nPhin bn: Low.\\nFit: True to size.\\n xut: Mang i hng ngy, i chi, su tm.\",\"original_price\":5000000,\"slug\":\"nike-gold-554606100000\",\"createdAt\":\"2023-05-07T13:57:31.633Z\",\"updatedAt\":\"2023-05-14T01:11:01.276Z\",\"publishedAt\":\"2023-05-07T13:57:31.609Z\",\"image\":{\"data\":null},\"thumbnail\":{\"data\":{\"id\":47,\"attributes\":{\"name\":\"img_4011_515742cba1c1490cb967fd8ab3eb261d_grande.webp\",\"alternativeText\":null,\"caption\":null,\"width\":600,\"height\":600,\"formats\":{\"thumbnail\":{\"name\":\"thumbnail_img_4011_515742cba1c1490cb967fd8ab3eb261d_grande.webp\",\"hash\":\"thumbnail_img_4011_515742cba1c1490cb967fd8ab3eb261d_grande_1d3cc0293e\",\"ext\":\".webp\",\"mime\":\"image/webp\",\"path\":null,\"width\":156,\"height\":156,\"size\":0.85,\"url\":\"/uploads/thumbnail_img_4011_515742cba1c1490cb967fd8ab3eb261d_grande_1d3cc0293e.webp\"},\"small\":{\"name\":\"small_img_4011_515742cba1c1490cb967fd8ab3eb261d_grande.webp\",\"hash\":\"small_img_4011_515742cba1c1490cb967fd8ab3eb261d_grande_1d3cc0293e\",\"ext\":\".webp\",\"mime\":\"image/webp\",\"path\":null,\"width\":500,\"height\":500,\"size\":4.27,\"url\":\"/uploads/small_img_4011_515742cba1c1490cb967fd8ab3eb261d_grande_1d3cc0293e.webp\"}},\"hash\":\"img_4011_515742cba1c1490cb967fd8ab3eb261d_grande_1d3cc0293e\",\"ext\":\".webp\",\"mime\":\"image/webp\",\"size\":6.32,\"url\":\"/uploads/img_4011_515742cba1c1490cb967fd8ab3eb261d_grande_1d3cc0293e.webp\",\"previewUrl\":null,\"provider\":\"local\",\"provider_metadata\":null,\"createdAt\":\"2023-05-07T13:57:29.177Z\",\"updatedAt\":\"2023-05-07T13:57:29.177Z\"}}},\"sizes\":[{\"id\":116,\"name\":\"38\",\"stock\":1},{\"id\":117,\"name\":\"35\",\"stock\":99},{\"id\":118,\"name\":\"43\",\"stock\":100},{\"id\":119,\"name\":\"36\",\"stock\":98}],\"cards\":{\"data\":[]}},\"size\":\"38\",\"count\":1}]', 'Tun', 'nbtuan@gmail.com', '123123123', 'b7f6bd12-fe83-4366-b903-6a8ad204709f', '7');

-- --------------------------------------------------------

--
-- Table structure for table `orders_components`
--

CREATE TABLE `orders_components` (
  `id` int(10) UNSIGNED NOT NULL,
  `entity_id` int(10) UNSIGNED DEFAULT NULL,
  `component_id` int(10) UNSIGNED DEFAULT NULL,
  `component_type` varchar(255) DEFAULT NULL,
  `field` varchar(255) DEFAULT NULL,
  `order` double UNSIGNED DEFAULT NULL
) ENGINE=InnoDB DEFAULT CHARSET=utf8mb4;

-- --------------------------------------------------------

--
-- Table structure for table `orders_user_links`
--

CREATE TABLE `orders_user_links` (
  `id` int(10) UNSIGNED NOT NULL,
  `order_id` int(10) UNSIGNED DEFAULT NULL,
  `user_id` int(10) UNSIGNED DEFAULT NULL
) ENGINE=InnoDB DEFAULT CHARSET=utf8mb4;

--
-- Dumping data for table `orders_user_links`
--

INSERT INTO `orders_user_links` (`id`, `order_id`, `user_id`) VALUES
(1, 21, 6);

-- --------------------------------------------------------

--
-- Table structure for table `products`
--

CREATE TABLE `products` (
  `id` int(10) UNSIGNED NOT NULL,
  `name` varchar(255) DEFAULT NULL,
  `subtitle` varchar(255) DEFAULT NULL,
  `price` decimal(10,2) DEFAULT NULL,
  `description` longtext DEFAULT NULL,
  `original_price` decimal(10,2) DEFAULT NULL,
  `slug` varchar(255) DEFAULT NULL,
  `created_at` datetime(6) DEFAULT NULL,
  `updated_at` datetime(6) DEFAULT NULL,
  `published_at` datetime(6) DEFAULT NULL,
  `created_by_id` int(10) UNSIGNED DEFAULT NULL,
  `updated_by_id` int(10) UNSIGNED DEFAULT NULL
) ENGINE=InnoDB DEFAULT CHARSET=utf8mb4;

--
-- Dumping data for table `products`
--

INSERT INTO `products` (`id`, `name`, `subtitle`, `price`, `description`, `original_price`, `slug`, `created_at`, `updated_at`, `published_at`, `created_by_id`, `updated_by_id`) VALUES
(1, 'Air Jordan 1 Mid 124213', 'Men\'s Shoes', '12295.00', '\"Mi khi AJ1 c lm li, bn s c c i giy th thao c in vi mu sc v ha tit mi  c v ngoi th v, c tn trang li nhng vn c tt c s thoi mi quen thuc m bn bit. Cht liu v im nhn cao cp mang n biu hin hin i cho i giy c yu thch nht mi thi i. - Mu sc Hin th: Trng/en/Xanh bng - Kiu dng: DV1308-104\"', '20000.00', 'air-jordan-1-mid-se', '2023-04-10 22:34:05.130000', '2023-05-08 00:24:19.626000', '2023-04-10 22:34:09.644000', 1, 1),
(2, 'Air Jordan 1 Mid SE', 'Men\'s Shoes', '12295.00', '\"Mi khi AJ1 c lm li, bn s c c i giy th thao c in vi mu sc v ha tit mi  c v ngoi th v, c tn trang li nhng vn c tt c s thoi mi quen thuc m bn bit. Cht liu v im nhn cao cp mang n biu hin hin i cho i giy c yu thch nht mi thi i. - Mu sc Hin th: Trng/en/Xanh bng - Kiu dng: DV1308-104\"', '20000.00', 'air-jordan-1-mid-se-1', '2023-04-10 22:38:29.662000', '2023-05-07 23:52:35.778000', '2023-04-10 22:38:30.801000', 1, 1),
(3, 'Air Jordan 1 Mid SE fasdfasdf', 'Men\'s Shoes', '12295.00', '\"Every time the AJ1 gets a remake, you get the classic sneaker in new colours and textures for an exciting, revamped look but with all the familiar comforts you know. Premium materials and accents give modern expression to an all-time favourite.\n\n- Colour Shown: White/Black/Ice Blue\n- Style: DV1308-104\"', '20000.00', 'air-jordan-1-mid-se-fasdfads', '2023-04-10 22:38:45.335000', '2023-04-15 07:54:25.745000', '2023-04-10 22:38:49.824000', 1, 1),
(4, 'Air Jordan 1 Mid SE 11', 'Men\'s Shoes', '12312.00', '\"Every time the AJ1 gets a remake, you get the classic sneaker in new colours and textures for an exciting, revamped look but with all the familiar comforts you know. Premium materials and accents give modern expression to an all-time favourite.\n\n- Colour Shown: White/Black/Ice Blue\n- Style: DV1308-104\"', '20000.00', 'air-jordan-1-mid-se-11', '2023-04-10 22:39:21.609000', '2023-04-13 01:16:21.647000', '2023-04-10 22:39:25.731000', 1, 1),
(9, 'product 1 ', 'pro duct1', '123.00', 'des', '20000.00', 'product-1fasd', '2023-04-15 05:25:52.310000', '2023-04-16 02:02:57.036000', '2023-04-15 05:25:52.287000', NULL, 1),
(21, 'product 1 ', 'pro duct1', '123.00', 'des', '20000.00', NULL, '2023-04-17 00:27:44.485000', '2023-04-17 00:27:44.485000', '2023-04-17 00:27:44.446000', NULL, NULL),
(22, 'sn phm test 1', 'giy nam', '1000.00', 'Giy nam', '2000.00', 'sn-phm-test-1-230659100000', '2023-05-04 16:35:29.507000', '2023-05-04 16:35:29.507000', '2023-05-04 16:35:29.489000', NULL, NULL),
(23, 'sn phm test 2', 'giy nam', '2000.00', 'Giy nam', '1000.00', 'sn-phm-test-2-791518100000', '2023-05-04 16:37:57.839000', '2023-05-04 16:37:57.839000', '2023-05-04 16:37:57.817000', NULL, NULL),
(24, 'PEAK OUTDOOR MONSTER V3', 'Men\'s Shoes', '1430000.00', 'Code: E224211A\nPhi mu: Off White.\nCng ngh: m foam c s dng cho ton b Mid-sole.\nFit: True to size.\n xut: Indoor / Outdoor.\nV tr: SF, PF, C.\n', '1790000.00', 'peak-outdoor-monster-v3-74740100000', '2023-05-07 20:31:27.993000', '2023-05-07 20:31:27.993000', '2023-05-07 20:31:27.960000', NULL, NULL),
(25, 'PEAK OVERFLOWS', 'Men\'s Shoes', '1799000.00', 'Code: E224071A\nPhi mu: Pink.\nCng ngh: m Super P-Motive.\nFit: True to size.\n xut: Indoor / Outdoor.\nV tr: PG, SG, SF.\nBng quy i size\n', '1990000.00', 'peak-overflows-832332100000', '2023-05-07 20:33:51.883000', '2023-05-07 20:33:51.883000', '2023-05-07 20:33:51.858000', NULL, NULL),
(26, 'PEAK OVERFLOWS', 'Men\'s Shoes', '1799000.00', 'Code: E224071A\nPhi mu: Black/White.\nCng ngh: m Super P-Motive.\nFit: True to size.\n xut: Indoor / Outdoor.\nV tr: PG, SG, SF.\nBng quy i size\n', '1990000.00', 'peak-overflows-640988100000', '2023-05-07 20:36:01.625000', '2023-05-07 20:36:01.625000', '2023-05-07 20:36:01.592000', NULL, NULL),
(27, 'PEAK MONSTER 8', 'Men\'s Shoes', '2229000.00', 'Code: E224041A\nPhi mu: Black.\nCng ngh: m P-Popup c s dng cho ton b Midsole.\nFit: True to size.\n xut: Indoor / Outdoor.\nV tr: a v tr.\nBng quy i size\n', '2490000.00', 'peak-monster-8-417392100000', '2023-05-07 20:38:03.319000', '2023-05-07 20:38:03.319000', '2023-05-07 20:38:03.294000', NULL, NULL),
(28, 'PEAK STREETBALL MASTER', 'Men\'s Shoes', '799000.00', 'Code: DA830551\nPhi mu: Black/White.\nCng ngh: m foam.\nFit: True to size.\n xut: Outdoor.\nV tr: SF, PF, C.\n', '1090000.00', 'peak-streetball-master-498317100000', '2023-05-07 20:39:32.154000', '2023-05-07 20:39:32.154000', '2023-05-07 20:39:32.135000', NULL, NULL),
(29, 'NIKE FREAK 4 GS \"GREAK COASTLINE', 'Men\'s Shoes', '2250000.00', 'Code: DQ0553-100\nPhi mu: White/Black/Barely Volt/White.\nCng ngh: m Phylon c s dng cho ton b Midsole.\nFit: True to size hoc ln 0.5 size.\n xut: Indoor / Outdoor (Mt sn p).\nV tr: a v tr.', '2250000.00', 'nike-freak-4-gs-greak-coastline-442248100000', '2023-05-07 20:41:31.111000', '2023-05-07 20:41:31.111000', '2023-05-07 20:41:31.081000', NULL, NULL),
(30, 'NIKE AIR ZOOM CROSSOVER GS', 'Men\'s Shoes', '2150000.00', 'Code: DC5216-601\nPhi mu: Pink Salt/Doll/Pure Platinum/White.\nCng ngh: Zoom Air  phn gt chn, cn li l m foam.\nFit: True to size.\n xut: Indoor / Outdoor (mt sn khng qu xu).\nV tr: PG, SG.\n', '2150000.00', 'nike-air-zoom-crossover-gs-27812100000', '2023-05-07 20:42:27.213000', '2023-05-07 20:42:27.213000', '2023-05-07 20:42:27.178000', NULL, NULL),
(31, 'NIKE PRECISION 6 \"PHANTOM TEAM RED', 'Men\'s Shoes', '2300000.00', 'Code: DD9535-006\nPhi mu: Phantom/Team Red/Light Crimson/Metallic Gold.\nCng ngh: m Phylon.\nFit: True to size hoc ln 0.5 size.\n xut: Indoor / Outdoor.\nV tr: PG, SG.\n', '2300000.00', 'nike-precision-6-phantom-team-red-24134100000', '2023-05-07 20:43:18.735000', '2023-05-07 20:43:18.735000', '2023-05-07 20:43:18.694000', NULL, NULL),
(32, 'NIKE GT CUT 2 \"PEARL PINK', 'Men\'s Shoes', '5200000.00', 'Code: DJ6015-602\nPhi mu: Pearl Pink/Multi-Color.\nCng ngh: Full-length Air Zoom Strobel kt hp cng lt giy React v c Zoom Air  gt.\nFit: True to size hoc ln 0.5 size.\n xut: Indoor / Outdoor (mt sn khng qu xu).\nV tr: PG, SG.\n', '5200000.00', 'nike-gt-cut-2-pearl-pink-818920100000', '2023-05-07 20:45:00.752000', '2023-05-07 20:45:00.752000', '2023-05-07 20:45:00.725000', NULL, NULL),
(33, 'JORDAN 3 \"BLACK CEMENT\" 2018 Thng hiu: JORDAN | Loi: GIY SNEAKER |', 'Men\'s Shoes', '8000000.00', 'Code: 854262-001.\nPhi mu: Black/Cement Grey/White/Fire Red.\nCng ngh: Air Max.\nFit: True to size.\n xut: S dng i li hng ngy, i chi, su tm.\nGIY K GI.', '8000000.00', 'jordan-3-black-cement-2018-thng-hiu-jordan-loi-giay-sneaker--898533100000', '2023-05-07 20:47:11.498000', '2023-05-07 20:47:11.498000', '2023-05-07 20:47:11.491000', NULL, NULL),
(34, 'NIKE KOBE 5 PROTRO \"5 RINGS\"', 'Men\'s Shoes', '7300000.00', 'Code: CD4991-400\nPhi mu: Concord/Midwest Gold.\nCng ngh: Zoom Air .\nFit: True to size hoc ln 0.5 size.\n xut: Indoor.\nV tr: PG, SG, SF.\n', '7300000.00', 'nike-kobe-5-protro-5-rings-542476100000', '2023-05-07 20:48:08.790000', '2023-05-07 20:48:08.790000', '2023-05-07 20:48:08.775000', NULL, NULL),
(35, 'NIKE LEBRON 20 \"VIOLET FROST\"', 'Men\'s Shoes', '6490000.00', 'Code: DJ5422-500\nPhi mu: Violet Frost/Metallic Gold/Purple Pulse/Canyon Purple/University Gold/Magic Ember.\nCng ngh: Mt m Zoom Air kch thc ln c t  phn bn chn trc, mt m Zoom Air khc nm  phn gt, tt c c bao bc bng lp m foam.\nFit: True to size hoc ln 0.5 size.\n xut: Indoor.\nV tr: a v tr.\n', '6490000.00', 'nike-lebron-20-violet-frost-819552100000', '2023-05-07 20:49:18.985000', '2023-05-07 20:49:18.985000', '2023-05-07 20:49:18.970000', NULL, NULL),
(36, 'NIKE LEBRON 20 \"ALL STAR\"', 'Men\'s Shoes', '6290000.00', 'Code: DV1191-400\nPhi mu: Blue Lightning/Iron Grey/Sesame/Coconut Milk.\nCng ngh: Mt m Zoom Air kch thc ln c t  phn bn chn trc, mt m Zoom Air khc nm  phn gt, tt c c bao bc bng lp m foam.\nFit: True to size hoc ln 0.5 size.\n xut: Indoor.\nV tr: a v tr.\n', '6290000.00', 'nike-lebron-20-all-star-366250100000', '2023-05-07 20:50:14.312000', '2023-05-07 20:50:14.312000', '2023-05-07 20:50:14.292000', NULL, NULL),
(37, 'JORDAN 3 RETRO \"COURT PURPLE\"', 'Men\'s Shoes', '5890000.00', 'Code: CT8532-050.\nPhi mu: Black/Cement Grey/White/CourtPurple.\nCng ngh: Air Max.\nFit: True to size.\n xut: S dng i li hng ngy, i chi, su tm.\n', '6200000.00', 'jordan-3-retro-court-purple-609643100000', '2023-05-07 20:51:07.678000', '2023-05-07 20:51:07.678000', '2023-05-07 20:51:07.655000', NULL, NULL),
(38, 'NIKE KOBE 6 PROTRO \"ALL-STAR\" - COND: 9.5', 'Men\'s Shoes', '5500000.00', 'Code: DH9888-100\nPhi mu: Challenge Red/Black/White.\nCng ngh: Zoom Air Turbo  mi giy.\nFit: True to size hoc ln 0.5 - 1 size.\n xut: Outdoor / Indoor.\nV tr: PG, SG, SF.', '5500000.00', 'nike-kobe-6-protro-all-star-cond-95-122128100000', '2023-05-07 20:52:08.097000', '2023-05-07 20:52:08.097000', '2023-05-07 20:52:08.076000', NULL, NULL),
(39, 'JORDAN 1 RETRO HIGH OG \"CRAFTED\"', 'Men\'s Shoes', '5000000.00', 'Code: DH3097-001\nPhi mu: Black/Archaeo Brown-Dark Chocolate.\nPhin bn: High.\nFit: True to size. \n xut: Mang hng ngy, su tm.\n', '5000000.00', 'jordan-1-retro-high-og-crafted-572472100000', '2023-05-07 20:53:16.654000', '2023-05-07 20:53:16.654000', '2023-05-07 20:53:16.630000', NULL, NULL),
(40, 'NIKE KD 15 \"ALL-STAR\"', 'Men\'s Shoes', '4490000.00', 'Code: DV1200-100\nPhi mu: Light Orewood Brown/Metallic Gold/Sundial/Sail/Citron Tint.\nCng ngh: Full-length Air Zoom Strobel.\nFit: True to size hoc ln 0.5 size.\n xut: Indoor / Outdoor (mt sn khng qu xu).\nV tr: PG, SG, SF.\n', '4490000.00', 'nike-kd-15-all-star-888461100000', '2023-05-07 20:54:04.372000', '2023-05-07 20:54:04.372000', '2023-05-07 20:54:04.345000', NULL, NULL),
(41, 'PUMA MB.01 \"GALAXY\"', 'Men\'s Shoes', '4290000.00', 'Code: 376677-07\nPhi mu: Elektro Blue/Green Gecko.\nCng ngh: m Nitro Foam c s dng cho ton b Midsole.\nFit: True to size hoc ln 0.5 size.\n xut: Indoor / Outdoor (mt sn khng qu xu).\nV tr: PG, SG, SF.\nBng quy i size\n', '4290000.00', 'puma-mb01-galaxy-472701100000', '2023-05-07 20:56:05.205000', '2023-05-07 20:56:05.205000', '2023-05-07 20:56:05.182000', NULL, NULL),
(42, 'NIKE DUNK LOW WMNS DISRUPT \"METALLIC GOLD\"', 'Men\'s Shoes', '4250000.00', 'Code:DD9676-100.\nPhi mu:White/Metallic Gold/Black/White.\nPhin bn: Low.\nFit: True to size.\n xut: Mang i hng ngy, i chi, su tm.', '5000000.00', 'nike-gold-554606100000', '2023-05-07 20:57:31.633000', '2023-05-14 08:11:01.276000', '2023-05-07 20:57:31.609000', NULL, 1);

-- --------------------------------------------------------

--
-- Table structure for table `products_categories_links`
--

CREATE TABLE `products_categories_links` (
  `id` int(10) UNSIGNED NOT NULL,
  `product_id` int(10) UNSIGNED DEFAULT NULL,
  `category_id` int(10) UNSIGNED DEFAULT NULL,
  `category_order` double UNSIGNED DEFAULT NULL,
  `product_order` double UNSIGNED DEFAULT NULL
) ENGINE=InnoDB DEFAULT CHARSET=utf8mb4;

--
-- Dumping data for table `products_categories_links`
--

INSERT INTO `products_categories_links` (`id`, `product_id`, `category_id`, `category_order`, `product_order`) VALUES
(1, 1, 2, 1, 1),
(2, 1, 1, 2, 1),
(3, 4, 2, 1, 2),
(4, 4, 3, 0, 1),
(5, 2, 3, 2, 2),
(6, 2, 4, 1, 1),
(10, 9, 2, 0, 5),
(16, 3, 1, 1, 4),
(27, 21, 2, 0, 6),
(29, 22, 1, 0, 9),
(30, 23, 1, 0, 10),
(31, 24, 1, 0, 11),
(32, 25, 2, 0, 7),
(33, 26, 3, 0, 3),
(34, 27, 4, 0, 2),
(35, 28, 4, 0, 3),
(36, 29, 2, 0, 8),
(37, 30, 3, 0, 4),
(38, 31, 2, 0, 9),
(39, 32, 3, 0, 5),
(40, 33, 1, 0, 12),
(41, 34, 2, 0, 10),
(42, 35, 4, 0, 4),
(43, 36, 4, 0, 5),
(44, 37, 2, 0, 11),
(45, 38, 3, 0, 6),
(46, 39, 2, 0, 12),
(47, 40, 3, 0, 7),
(48, 41, 2, 0, 13),
(49, 42, 3, 0, 8),
(51, 2, 1, 3, 13);

-- --------------------------------------------------------

--
-- Table structure for table `products_components`
--

CREATE TABLE `products_components` (
  `id` int(10) UNSIGNED NOT NULL,
  `entity_id` int(10) UNSIGNED DEFAULT NULL,
  `component_id` int(10) UNSIGNED DEFAULT NULL,
  `component_type` varchar(255) DEFAULT NULL,
  `field` varchar(255) DEFAULT NULL,
  `order` double UNSIGNED DEFAULT NULL
) ENGINE=InnoDB DEFAULT CHARSET=utf8mb4;

--
-- Dumping data for table `products_components`
--

INSERT INTO `products_components` (`id`, `entity_id`, `component_id`, `component_type`, `field`, `order`) VALUES
(1, 1, 1, 'size.sizes', 'sizes', 1),
(2, 1, 2, 'size.sizes', 'sizes', 2),
(3, 2, 3, 'size.sizes', 'sizes', 1),
(4, 2, 4, 'size.sizes', 'sizes', 2),
(5, 4, 5, 'size.sizes', 'sizes', 1),
(6, 4, 6, 'size.sizes', 'sizes', 2),
(7, 4, 7, 'size.sizes', 'sizes', 3),
(8, 3, 8, 'size.sizes', 'sizes', 1),
(9, 3, 9, 'size.sizes', 'sizes', 2),
(10, 3, 10, 'size.sizes', 'sizes', 3),
(16, 9, 16, 'size.sizes', 'sizes', 1),
(17, 9, 17, 'size.sizes', 'sizes', 2),
(50, 21, 33, 'size.sizes', 'sizes', 1),
(51, 21, 34, 'size.sizes', 'sizes', 2),
(54, 22, 52, 'size.sizes', 'sizes', 1),
(55, 22, 53, 'size.sizes', 'sizes', 2),
(56, 23, 54, 'size.sizes', 'sizes', 1),
(57, 24, 55, 'size.sizes', 'sizes', 1),
(58, 24, 56, 'size.sizes', 'sizes', 2),
(59, 24, 57, 'size.sizes', 'sizes', 3),
(60, 25, 58, 'size.sizes', 'sizes', 1),
(61, 25, 59, 'size.sizes', 'sizes', 2),
(62, 25, 60, 'size.sizes', 'sizes', 3),
(63, 26, 61, 'size.sizes', 'sizes', 1),
(64, 26, 62, 'size.sizes', 'sizes', 2),
(65, 26, 63, 'size.sizes', 'sizes', 3),
(66, 26, 64, 'size.sizes', 'sizes', 4),
(67, 27, 65, 'size.sizes', 'sizes', 1),
(68, 27, 66, 'size.sizes', 'sizes', 2),
(69, 28, 67, 'size.sizes', 'sizes', 1),
(70, 28, 68, 'size.sizes', 'sizes', 2),
(71, 28, 69, 'size.sizes', 'sizes', 3),
(72, 29, 70, 'size.sizes', 'sizes', 1),
(73, 29, 71, 'size.sizes', 'sizes', 2),
(74, 29, 72, 'size.sizes', 'sizes', 3),
(75, 29, 73, 'size.sizes', 'sizes', 4),
(76, 30, 74, 'size.sizes', 'sizes', 1),
(77, 30, 75, 'size.sizes', 'sizes', 2),
(78, 30, 76, 'size.sizes', 'sizes', 3),
(79, 30, 77, 'size.sizes', 'sizes', 4),
(80, 30, 78, 'size.sizes', 'sizes', 5),
(81, 31, 79, 'size.sizes', 'sizes', 1),
(82, 31, 80, 'size.sizes', 'sizes', 2),
(83, 31, 81, 'size.sizes', 'sizes', 3),
(84, 31, 82, 'size.sizes', 'sizes', 4),
(85, 31, 83, 'size.sizes', 'sizes', 5),
(86, 31, 84, 'size.sizes', 'sizes', 6),
(87, 32, 85, 'size.sizes', 'sizes', 1),
(88, 32, 86, 'size.sizes', 'sizes', 2),
(89, 32, 87, 'size.sizes', 'sizes', 3),
(90, 32, 88, 'size.sizes', 'sizes', 4),
(91, 33, 89, 'size.sizes', 'sizes', 1),
(92, 34, 90, 'size.sizes', 'sizes', 1),
(93, 34, 91, 'size.sizes', 'sizes', 2),
(94, 35, 92, 'size.sizes', 'sizes', 1),
(95, 35, 93, 'size.sizes', 'sizes', 2),
(96, 35, 94, 'size.sizes', 'sizes', 3),
(97, 36, 95, 'size.sizes', 'sizes', 1),
(98, 36, 96, 'size.sizes', 'sizes', 2),
(99, 36, 97, 'size.sizes', 'sizes', 3),
(100, 37, 98, 'size.sizes', 'sizes', 1),
(101, 37, 99, 'size.sizes', 'sizes', 2),
(102, 37, 100, 'size.sizes', 'sizes', 3),
(103, 38, 101, 'size.sizes', 'sizes', 1),
(104, 38, 102, 'size.sizes', 'sizes', 2),
(105, 38, 103, 'size.sizes', 'sizes', 3),
(106, 38, 104, 'size.sizes', 'sizes', 4),
(107, 39, 105, 'size.sizes', 'sizes', 1),
(108, 39, 106, 'size.sizes', 'sizes', 2),
(109, 39, 107, 'size.sizes', 'sizes', 3),
(110, 40, 108, 'size.sizes', 'sizes', 1),
(111, 40, 109, 'size.sizes', 'sizes', 2),
(112, 40, 110, 'size.sizes', 'sizes', 3),
(113, 40, 111, 'size.sizes', 'sizes', 4),
(114, 41, 112, 'size.sizes', 'sizes', 1),
(115, 41, 113, 'size.sizes', 'sizes', 2),
(116, 41, 114, 'size.sizes', 'sizes', 3),
(117, 41, 115, 'size.sizes', 'sizes', 4),
(118, 42, 116, 'size.sizes', 'sizes', 1),
(119, 42, 117, 'size.sizes', 'sizes', 2),
(120, 42, 118, 'size.sizes', 'sizes', 3),
(121, 42, 119, 'size.sizes', 'sizes', 4);

-- --------------------------------------------------------

--
-- Table structure for table `strapi_api_tokens`
--

CREATE TABLE `strapi_api_tokens` (
  `id` int(10) UNSIGNED NOT NULL,
  `name` varchar(255) DEFAULT NULL,
  `description` varchar(255) DEFAULT NULL,
  `type` varchar(255) DEFAULT NULL,
  `access_key` varchar(255) DEFAULT NULL,
  `last_used_at` datetime(6) DEFAULT NULL,
  `expires_at` datetime(6) DEFAULT NULL,
  `lifespan` bigint(20) DEFAULT NULL,
  `created_at` datetime(6) DEFAULT NULL,
  `updated_at` datetime(6) DEFAULT NULL,
  `created_by_id` int(10) UNSIGNED DEFAULT NULL,
  `updated_by_id` int(10) UNSIGNED DEFAULT NULL
) ENGINE=InnoDB DEFAULT CHARSET=utf8mb4;

--
-- Dumping data for table `strapi_api_tokens`
--

INSERT INTO `strapi_api_tokens` (`id`, `name`, `description`, `type`, `access_key`, `last_used_at`, `expires_at`, `lifespan`, `created_at`, `updated_at`, `created_by_id`, `updated_by_id`) VALUES
(1, 'store', '', 'full-access', '27a8d997f45c54e662af5f8f05d1d41e5929aa2ef53a9b84917e21c0326148a7c2412c6a635da70b62e77b6e1be18bd040fb833c37fb4bd04f993ae8acfa7ae3', '2023-05-14 08:23:20.387000', NULL, NULL, '2023-04-10 22:40:22.156000', '2023-05-14 08:23:20.387000', NULL, NULL);

-- --------------------------------------------------------

--
-- Table structure for table `strapi_api_token_permissions`
--

CREATE TABLE `strapi_api_token_permissions` (
  `id` int(10) UNSIGNED NOT NULL,
  `action` varchar(255) DEFAULT NULL,
  `created_at` datetime(6) DEFAULT NULL,
  `updated_at` datetime(6) DEFAULT NULL,
  `created_by_id` int(10) UNSIGNED DEFAULT NULL,
  `updated_by_id` int(10) UNSIGNED DEFAULT NULL
) ENGINE=InnoDB DEFAULT CHARSET=utf8mb4;

-- --------------------------------------------------------

--
-- Table structure for table `strapi_api_token_permissions_token_links`
--

CREATE TABLE `strapi_api_token_permissions_token_links` (
  `id` int(10) UNSIGNED NOT NULL,
  `api_token_permission_id` int(10) UNSIGNED DEFAULT NULL,
  `api_token_id` int(10) UNSIGNED DEFAULT NULL,
  `api_token_permission_order` double UNSIGNED DEFAULT NULL
) ENGINE=InnoDB DEFAULT CHARSET=utf8mb4;

-- --------------------------------------------------------

--
-- Table structure for table `strapi_core_store_settings`
--

CREATE TABLE `strapi_core_store_settings` (
  `id` int(10) UNSIGNED NOT NULL,
  `key` varchar(255) DEFAULT NULL,
  `value` longtext DEFAULT NULL,
  `type` varchar(255) DEFAULT NULL,
  `environment` varchar(255) DEFAULT NULL,
  `tag` varchar(255) DEFAULT NULL
) ENGINE=InnoDB DEFAULT CHARSET=utf8mb4;

--
-- Dumping data for table `strapi_core_store_settings`
--

INSERT INTO `strapi_core_store_settings` (`id`, `key`, `value`, `type`, `environment`, `tag`) VALUES
(1, 'strapi_content_types_schema', '{\"admin::permission\":{\"collectionName\":\"admin_permissions\",\"info\":{\"name\":\"Permission\",\"description\":\"\",\"singularName\":\"permission\",\"pluralName\":\"permissions\",\"displayName\":\"Permission\"},\"options\":{},\"pluginOptions\":{\"content-manager\":{\"visible\":false},\"content-type-builder\":{\"visible\":false}},\"attributes\":{\"action\":{\"type\":\"string\",\"minLength\":1,\"configurable\":false,\"required\":true},\"subject\":{\"type\":\"string\",\"minLength\":1,\"configurable\":false,\"required\":false},\"properties\":{\"type\":\"json\",\"configurable\":false,\"required\":false,\"default\":{}},\"conditions\":{\"type\":\"json\",\"configurable\":false,\"required\":false,\"default\":[]},\"role\":{\"configurable\":false,\"type\":\"relation\",\"relation\":\"manyToOne\",\"inversedBy\":\"permissions\",\"target\":\"admin::role\"},\"createdAt\":{\"type\":\"datetime\"},\"updatedAt\":{\"type\":\"datetime\"},\"createdBy\":{\"type\":\"relation\",\"relation\":\"oneToOne\",\"target\":\"admin::user\",\"configurable\":false,\"writable\":false,\"visible\":false,\"useJoinTable\":false,\"private\":true},\"updatedBy\":{\"type\":\"relation\",\"relation\":\"oneToOne\",\"target\":\"admin::user\",\"configurable\":false,\"writable\":false,\"visible\":false,\"useJoinTable\":false,\"private\":true}},\"kind\":\"collectionType\",\"__schema__\":{\"collectionName\":\"admin_permissions\",\"info\":{\"name\":\"Permission\",\"description\":\"\",\"singularName\":\"permission\",\"pluralName\":\"permissions\",\"displayName\":\"Permission\"},\"options\":{},\"pluginOptions\":{\"content-manager\":{\"visible\":false},\"content-type-builder\":{\"visible\":false}},\"attributes\":{\"action\":{\"type\":\"string\",\"minLength\":1,\"configurable\":false,\"required\":true},\"subject\":{\"type\":\"string\",\"minLength\":1,\"configurable\":false,\"required\":false},\"properties\":{\"type\":\"json\",\"configurable\":false,\"required\":false,\"default\":{}},\"conditions\":{\"type\":\"json\",\"configurable\":false,\"required\":false,\"default\":[]},\"role\":{\"configurable\":false,\"type\":\"relation\",\"relation\":\"manyToOne\",\"inversedBy\":\"permissions\",\"target\":\"admin::role\"}},\"kind\":\"collectionType\"},\"modelType\":\"contentType\",\"modelName\":\"permission\",\"connection\":\"default\",\"uid\":\"admin::permission\",\"plugin\":\"admin\",\"globalId\":\"AdminPermission\"},\"admin::user\":{\"collectionName\":\"admin_users\",\"info\":{\"name\":\"User\",\"description\":\"\",\"singularName\":\"user\",\"pluralName\":\"users\",\"displayName\":\"User\"},\"pluginOptions\":{\"content-manager\":{\"visible\":false},\"content-type-builder\":{\"visible\":false}},\"attributes\":{\"firstname\":{\"type\":\"string\",\"unique\":false,\"minLength\":1,\"configurable\":false,\"required\":false},\"lastname\":{\"type\":\"string\",\"unique\":false,\"minLength\":1,\"configurable\":false,\"required\":false},\"username\":{\"type\":\"string\",\"unique\":false,\"configurable\":false,\"required\":false},\"email\":{\"type\":\"email\",\"minLength\":6,\"configurable\":false,\"required\":true,\"unique\":true,\"private\":true},\"password\":{\"type\":\"password\",\"minLength\":6,\"configurable\":false,\"required\":false,\"private\":true,\"searchable\":false},\"resetPasswordToken\":{\"type\":\"string\",\"configurable\":false,\"private\":true,\"searchable\":false},\"registrationToken\":{\"type\":\"string\",\"configurable\":false,\"private\":true,\"searchable\":false},\"isActive\":{\"type\":\"boolean\",\"default\":false,\"configurable\":false,\"private\":true},\"roles\":{\"configurable\":false,\"private\":true,\"type\":\"relation\",\"relation\":\"manyToMany\",\"inversedBy\":\"users\",\"target\":\"admin::role\",\"collectionName\":\"strapi_users_roles\"},\"blocked\":{\"type\":\"boolean\",\"default\":false,\"configurable\":false,\"private\":true},\"preferedLanguage\":{\"type\":\"string\",\"configurable\":false,\"required\":false,\"searchable\":false},\"createdAt\":{\"type\":\"datetime\"},\"updatedAt\":{\"type\":\"datetime\"},\"createdBy\":{\"type\":\"relation\",\"relation\":\"oneToOne\",\"target\":\"admin::user\",\"configurable\":false,\"writable\":false,\"visible\":false,\"useJoinTable\":false,\"private\":true},\"updatedBy\":{\"type\":\"relation\",\"relation\":\"oneToOne\",\"target\":\"admin::user\",\"configurable\":false,\"writable\":false,\"visible\":false,\"useJoinTable\":false,\"private\":true}},\"kind\":\"collectionType\",\"__schema__\":{\"collectionName\":\"admin_users\",\"info\":{\"name\":\"User\",\"description\":\"\",\"singularName\":\"user\",\"pluralName\":\"users\",\"displayName\":\"User\"},\"pluginOptions\":{\"content-manager\":{\"visible\":false},\"content-type-builder\":{\"visible\":false}},\"attributes\":{\"firstname\":{\"type\":\"string\",\"unique\":false,\"minLength\":1,\"configurable\":false,\"required\":false},\"lastname\":{\"type\":\"string\",\"unique\":false,\"minLength\":1,\"configurable\":false,\"required\":false},\"username\":{\"type\":\"string\",\"unique\":false,\"configurable\":false,\"required\":false},\"email\":{\"type\":\"email\",\"minLength\":6,\"configurable\":false,\"required\":true,\"unique\":true,\"private\":true},\"password\":{\"type\":\"password\",\"minLength\":6,\"configurable\":false,\"required\":false,\"private\":true,\"searchable\":false},\"resetPasswordToken\":{\"type\":\"string\",\"configurable\":false,\"private\":true,\"searchable\":false},\"registrationToken\":{\"type\":\"string\",\"configurable\":false,\"private\":true,\"searchable\":false},\"isActive\":{\"type\":\"boolean\",\"default\":false,\"configurable\":false,\"private\":true},\"roles\":{\"configurable\":false,\"private\":true,\"type\":\"relation\",\"relation\":\"manyToMany\",\"inversedBy\":\"users\",\"target\":\"admin::role\",\"collectionName\":\"strapi_users_roles\"},\"blocked\":{\"type\":\"boolean\",\"default\":false,\"configurable\":false,\"private\":true},\"preferedLanguage\":{\"type\":\"string\",\"configurable\":false,\"required\":false,\"searchable\":false}},\"kind\":\"collectionType\"},\"modelType\":\"contentType\",\"modelName\":\"user\",\"connection\":\"default\",\"uid\":\"admin::user\",\"plugin\":\"admin\",\"globalId\":\"AdminUser\"},\"admin::role\":{\"collectionName\":\"admin_roles\",\"info\":{\"name\":\"Role\",\"description\":\"\",\"singularName\":\"role\",\"pluralName\":\"roles\",\"displayName\":\"Role\"},\"options\":{},\"pluginOptions\":{\"content-manager\":{\"visible\":false},\"content-type-builder\":{\"visible\":false}},\"attributes\":{\"name\":{\"type\":\"string\",\"minLength\":1,\"unique\":true,\"configurable\":false,\"required\":true},\"code\":{\"type\":\"string\",\"minLength\":1,\"unique\":true,\"configurable\":false,\"required\":true},\"description\":{\"type\":\"string\",\"configurable\":false},\"users\":{\"configurable\":false,\"type\":\"relation\",\"relation\":\"manyToMany\",\"mappedBy\":\"roles\",\"target\":\"admin::user\"},\"permissions\":{\"configurable\":false,\"type\":\"relation\",\"relation\":\"oneToMany\",\"mappedBy\":\"role\",\"target\":\"admin::permission\"},\"createdAt\":{\"type\":\"datetime\"},\"updatedAt\":{\"type\":\"datetime\"},\"createdBy\":{\"type\":\"relation\",\"relation\":\"oneToOne\",\"target\":\"admin::user\",\"configurable\":false,\"writable\":false,\"visible\":false,\"useJoinTable\":false,\"private\":true},\"updatedBy\":{\"type\":\"relation\",\"relation\":\"oneToOne\",\"target\":\"admin::user\",\"configurable\":false,\"writable\":false,\"visible\":false,\"useJoinTable\":false,\"private\":true}},\"kind\":\"collectionType\",\"__schema__\":{\"collectionName\":\"admin_roles\",\"info\":{\"name\":\"Role\",\"description\":\"\",\"singularName\":\"role\",\"pluralName\":\"roles\",\"displayName\":\"Role\"},\"options\":{},\"pluginOptions\":{\"content-manager\":{\"visible\":false},\"content-type-builder\":{\"visible\":false}},\"attributes\":{\"name\":{\"type\":\"string\",\"minLength\":1,\"unique\":true,\"configurable\":false,\"required\":true},\"code\":{\"type\":\"string\",\"minLength\":1,\"unique\":true,\"configurable\":false,\"required\":true},\"description\":{\"type\":\"string\",\"configurable\":false},\"users\":{\"configurable\":false,\"type\":\"relation\",\"relation\":\"manyToMany\",\"mappedBy\":\"roles\",\"target\":\"admin::user\"},\"permissions\":{\"configurable\":false,\"type\":\"relation\",\"relation\":\"oneToMany\",\"mappedBy\":\"role\",\"target\":\"admin::permission\"}},\"kind\":\"collectionType\"},\"modelType\":\"contentType\",\"modelName\":\"role\",\"connection\":\"default\",\"uid\":\"admin::role\",\"plugin\":\"admin\",\"globalId\":\"AdminRole\"},\"admin::api-token\":{\"collectionName\":\"strapi_api_tokens\",\"info\":{\"name\":\"Api Token\",\"singularName\":\"api-token\",\"pluralName\":\"api-tokens\",\"displayName\":\"Api Token\",\"description\":\"\"},\"options\":{},\"pluginOptions\":{\"content-manager\":{\"visible\":false},\"content-type-builder\":{\"visible\":false}},\"attributes\":{\"name\":{\"type\":\"string\",\"minLength\":1,\"configurable\":false,\"required\":true,\"unique\":true},\"description\":{\"type\":\"string\",\"minLength\":1,\"configurable\":false,\"required\":false,\"default\":\"\"},\"type\":{\"type\":\"enumeration\",\"enum\":[\"read-only\",\"full-access\",\"custom\"],\"configurable\":false,\"required\":true,\"default\":\"read-only\"},\"accessKey\":{\"type\":\"string\",\"minLength\":1,\"configurable\":false,\"required\":true,\"searchable\":false},\"lastUsedAt\":{\"type\":\"datetime\",\"configurable\":false,\"required\":false},\"permissions\":{\"type\":\"relation\",\"target\":\"admin::api-token-permission\",\"relation\":\"oneToMany\",\"mappedBy\":\"token\",\"configurable\":false,\"required\":false},\"expiresAt\":{\"type\":\"datetime\",\"configurable\":false,\"required\":false},\"lifespan\":{\"type\":\"biginteger\",\"configurable\":false,\"required\":false},\"createdAt\":{\"type\":\"datetime\"},\"updatedAt\":{\"type\":\"datetime\"},\"createdBy\":{\"type\":\"relation\",\"relation\":\"oneToOne\",\"target\":\"admin::user\",\"configurable\":false,\"writable\":false,\"visible\":false,\"useJoinTable\":false,\"private\":true},\"updatedBy\":{\"type\":\"relation\",\"relation\":\"oneToOne\",\"target\":\"admin::user\",\"configurable\":false,\"writable\":false,\"visible\":false,\"useJoinTable\":false,\"private\":true}},\"kind\":\"collectionType\",\"__schema__\":{\"collectionName\":\"strapi_api_tokens\",\"info\":{\"name\":\"Api Token\",\"singularName\":\"api-token\",\"pluralName\":\"api-tokens\",\"displayName\":\"Api Token\",\"description\":\"\"},\"options\":{},\"pluginOptions\":{\"content-manager\":{\"visible\":false},\"content-type-builder\":{\"visible\":false}},\"attributes\":{\"name\":{\"type\":\"string\",\"minLength\":1,\"configurable\":false,\"required\":true,\"unique\":true},\"description\":{\"type\":\"string\",\"minLength\":1,\"configurable\":false,\"required\":false,\"default\":\"\"},\"type\":{\"type\":\"enumeration\",\"enum\":[\"read-only\",\"full-access\",\"custom\"],\"configurable\":false,\"required\":true,\"default\":\"read-only\"},\"accessKey\":{\"type\":\"string\",\"minLength\":1,\"configurable\":false,\"required\":true,\"searchable\":false},\"lastUsedAt\":{\"type\":\"datetime\",\"configurable\":false,\"required\":false},\"permissions\":{\"type\":\"relation\",\"target\":\"admin::api-token-permission\",\"relation\":\"oneToMany\",\"mappedBy\":\"token\",\"configurable\":false,\"required\":false},\"expiresAt\":{\"type\":\"datetime\",\"configurable\":false,\"required\":false},\"lifespan\":{\"type\":\"biginteger\",\"configurable\":false,\"required\":false}},\"kind\":\"collectionType\"},\"modelType\":\"contentType\",\"modelName\":\"api-token\",\"connection\":\"default\",\"uid\":\"admin::api-token\",\"plugin\":\"admin\",\"globalId\":\"AdminApiToken\"},\"admin::api-token-permission\":{\"collectionName\":\"strapi_api_token_permissions\",\"info\":{\"name\":\"API Token Permission\",\"description\":\"\",\"singularName\":\"api-token-permission\",\"pluralName\":\"api-token-permissions\",\"displayName\":\"API Token Permission\"},\"options\":{},\"pluginOptions\":{\"content-manager\":{\"visible\":false},\"content-type-builder\":{\"visible\":false}},\"attributes\":{\"action\":{\"type\":\"string\",\"minLength\":1,\"configurable\":false,\"required\":true},\"token\":{\"configurable\":false,\"type\":\"relation\",\"relation\":\"manyToOne\",\"inversedBy\":\"permissions\",\"target\":\"admin::api-token\"},\"createdAt\":{\"type\":\"datetime\"},\"updatedAt\":{\"type\":\"datetime\"},\"createdBy\":{\"type\":\"relation\",\"relation\":\"oneToOne\",\"target\":\"admin::user\",\"configurable\":false,\"writable\":false,\"visible\":false,\"useJoinTable\":false,\"private\":true},\"updatedBy\":{\"type\":\"relation\",\"relation\":\"oneToOne\",\"target\":\"admin::user\",\"configurable\":false,\"writable\":false,\"visible\":false,\"useJoinTable\":false,\"private\":true}},\"kind\":\"collectionType\",\"__schema__\":{\"collectionName\":\"strapi_api_token_permissions\",\"info\":{\"name\":\"API Token Permission\",\"description\":\"\",\"singularName\":\"api-token-permission\",\"pluralName\":\"api-token-permissions\",\"displayName\":\"API Token Permission\"},\"options\":{},\"pluginOptions\":{\"content-manager\":{\"visible\":false},\"content-type-builder\":{\"visible\":false}},\"attributes\":{\"action\":{\"type\":\"string\",\"minLength\":1,\"configurable\":false,\"required\":true},\"token\":{\"configurable\":false,\"type\":\"relation\",\"relation\":\"manyToOne\",\"inversedBy\":\"permissions\",\"target\":\"admin::api-token\"}},\"kind\":\"collectionType\"},\"modelType\":\"contentType\",\"modelName\":\"api-token-permission\",\"connection\":\"default\",\"uid\":\"admin::api-token-permission\",\"plugin\":\"admin\",\"globalId\":\"AdminApiTokenPermission\"},\"admin::transfer-token\":{\"collectionName\":\"strapi_transfer_tokens\",\"info\":{\"name\":\"Transfer Token\",\"singularName\":\"transfer-token\",\"pluralName\":\"transfer-tokens\",\"displayName\":\"Transfer Token\",\"description\":\"\"},\"options\":{},\"pluginOptions\":{\"content-manager\":{\"visible\":false},\"content-type-builder\":{\"visible\":false}},\"attributes\":{\"name\":{\"type\":\"string\",\"minLength\":1,\"configurable\":false,\"required\":true,\"unique\":true},\"description\":{\"type\":\"string\",\"minLength\":1,\"configurable\":false,\"required\":false,\"default\":\"\"},\"accessKey\":{\"type\":\"string\",\"minLength\":1,\"configurable\":false,\"required\":true},\"lastUsedAt\":{\"type\":\"datetime\",\"configurable\":false,\"required\":false},\"permissions\":{\"type\":\"relation\",\"target\":\"admin::transfer-token-permission\",\"relation\":\"oneToMany\",\"mappedBy\":\"token\",\"configurable\":false,\"required\":false},\"expiresAt\":{\"type\":\"datetime\",\"configurable\":false,\"required\":false},\"lifespan\":{\"type\":\"biginteger\",\"configurable\":false,\"required\":false},\"createdAt\":{\"type\":\"datetime\"},\"updatedAt\":{\"type\":\"datetime\"},\"createdBy\":{\"type\":\"relation\",\"relation\":\"oneToOne\",\"target\":\"admin::user\",\"configurable\":false,\"writable\":false,\"visible\":false,\"useJoinTable\":false,\"private\":true},\"updatedBy\":{\"type\":\"relation\",\"relation\":\"oneToOne\",\"target\":\"admin::user\",\"configurable\":false,\"writable\":false,\"visible\":false,\"useJoinTable\":false,\"private\":true}},\"kind\":\"collectionType\",\"__schema__\":{\"collectionName\":\"strapi_transfer_tokens\",\"info\":{\"name\":\"Transfer Token\",\"singularName\":\"transfer-token\",\"pluralName\":\"transfer-tokens\",\"displayName\":\"Transfer Token\",\"description\":\"\"},\"options\":{},\"pluginOptions\":{\"content-manager\":{\"visible\":false},\"content-type-builder\":{\"visible\":false}},\"attributes\":{\"name\":{\"type\":\"string\",\"minLength\":1,\"configurable\":false,\"required\":true,\"unique\":true},\"description\":{\"type\":\"string\",\"minLength\":1,\"configurable\":false,\"required\":false,\"default\":\"\"},\"accessKey\":{\"type\":\"string\",\"minLength\":1,\"configurable\":false,\"required\":true},\"lastUsedAt\":{\"type\":\"datetime\",\"configurable\":false,\"required\":false},\"permissions\":{\"type\":\"relation\",\"target\":\"admin::transfer-token-permission\",\"relation\":\"oneToMany\",\"mappedBy\":\"token\",\"configurable\":false,\"required\":false},\"expiresAt\":{\"type\":\"datetime\",\"configurable\":false,\"required\":false},\"lifespan\":{\"type\":\"biginteger\",\"configurable\":false,\"required\":false}},\"kind\":\"collectionType\"},\"modelType\":\"contentType\",\"modelName\":\"transfer-token\",\"connection\":\"default\",\"uid\":\"admin::transfer-token\",\"plugin\":\"admin\",\"globalId\":\"AdminTransferToken\"},\"admin::transfer-token-permission\":{\"collectionName\":\"strapi_transfer_token_permissions\",\"info\":{\"name\":\"Transfer Token Permission\",\"description\":\"\",\"singularName\":\"transfer-token-permission\",\"pluralName\":\"transfer-token-permissions\",\"displayName\":\"Transfer Token Permission\"},\"options\":{},\"pluginOptions\":{\"content-manager\":{\"visible\":false},\"content-type-builder\":{\"visible\":false}},\"attributes\":{\"action\":{\"type\":\"string\",\"minLength\":1,\"configurable\":false,\"required\":true},\"token\":{\"configurable\":false,\"type\":\"relation\",\"relation\":\"manyToOne\",\"inversedBy\":\"permissions\",\"target\":\"admin::transfer-token\"},\"createdAt\":{\"type\":\"datetime\"},\"updatedAt\":{\"type\":\"datetime\"},\"createdBy\":{\"type\":\"relation\",\"relation\":\"oneToOne\",\"target\":\"admin::user\",\"configurable\":false,\"writable\":false,\"visible\":false,\"useJoinTable\":false,\"private\":true},\"updatedBy\":{\"type\":\"relation\",\"relation\":\"oneToOne\",\"target\":\"admin::user\",\"configurable\":false,\"writable\":false,\"visible\":false,\"useJoinTable\":false,\"private\":true}},\"kind\":\"collectionType\",\"__schema__\":{\"collectionName\":\"strapi_transfer_token_permissions\",\"info\":{\"name\":\"Transfer Token Permission\",\"description\":\"\",\"singularName\":\"transfer-token-permission\",\"pluralName\":\"transfer-token-permissions\",\"displayName\":\"Transfer Token Permission\"},\"options\":{},\"pluginOptions\":{\"content-manager\":{\"visible\":false},\"content-type-builder\":{\"visible\":false}},\"attributes\":{\"action\":{\"type\":\"string\",\"minLength\":1,\"configurable\":false,\"required\":true},\"token\":{\"configurable\":false,\"type\":\"relation\",\"relation\":\"manyToOne\",\"inversedBy\":\"permissions\",\"target\":\"admin::transfer-token\"}},\"kind\":\"collectionType\"},\"modelType\":\"contentType\",\"modelName\":\"transfer-token-permission\",\"connection\":\"default\",\"uid\":\"admin::transfer-token-permission\",\"plugin\":\"admin\",\"globalId\":\"AdminTransferTokenPermission\"},\"plugin::upload.file\":{\"collectionName\":\"files\",\"info\":{\"singularName\":\"file\",\"pluralName\":\"files\",\"displayName\":\"File\",\"description\":\"\"},\"options\":{},\"pluginOptions\":{\"content-manager\":{\"visible\":false},\"content-type-builder\":{\"visible\":false}},\"attributes\":{\"name\":{\"type\":\"string\",\"configurable\":false,\"required\":true},\"alternativeText\":{\"type\":\"string\",\"configurable\":false},\"caption\":{\"type\":\"string\",\"configurable\":false},\"width\":{\"type\":\"integer\",\"configurable\":false},\"height\":{\"type\":\"integer\",\"configurable\":false},\"formats\":{\"type\":\"json\",\"configurable\":false},\"hash\":{\"type\":\"string\",\"configurable\":false,\"required\":true},\"ext\":{\"type\":\"string\",\"configurable\":false},\"mime\":{\"type\":\"string\",\"configurable\":false,\"required\":true},\"size\":{\"type\":\"decimal\",\"configurable\":false,\"required\":true},\"url\":{\"type\":\"string\",\"configurable\":false,\"required\":true},\"previewUrl\":{\"type\":\"string\",\"configurable\":false},\"provider\":{\"type\":\"string\",\"configurable\":false,\"required\":true},\"provider_metadata\":{\"type\":\"json\",\"configurable\":false},\"related\":{\"type\":\"relation\",\"relation\":\"morphToMany\",\"configurable\":false},\"folder\":{\"type\":\"relation\",\"relation\":\"manyToOne\",\"target\":\"plugin::upload.folder\",\"inversedBy\":\"files\",\"private\":true},\"folderPath\":{\"type\":\"string\",\"min\":1,\"required\":true,\"private\":true,\"searchable\":false},\"createdAt\":{\"type\":\"datetime\"},\"updatedAt\":{\"type\":\"datetime\"},\"createdBy\":{\"type\":\"relation\",\"relation\":\"oneToOne\",\"target\":\"admin::user\",\"configurable\":false,\"writable\":false,\"visible\":false,\"useJoinTable\":false,\"private\":true},\"updatedBy\":{\"type\":\"relation\",\"relation\":\"oneToOne\",\"target\":\"admin::user\",\"configurable\":false,\"writable\":false,\"visible\":false,\"useJoinTable\":false,\"private\":true}},\"indexes\":[{\"name\":\"upload_files_folder_path_index\",\"columns\":[\"folder_path\"],\"type\":null},{\"name\":\"upload_files_created_at_index\",\"columns\":[\"created_at\"],\"type\":null},{\"name\":\"upload_files_updated_at_index\",\"columns\":[\"updated_at\"],\"type\":null},{\"name\":\"upload_files_name_index\",\"columns\":[\"name\"],\"type\":null},{\"name\":\"upload_files_size_index\",\"columns\":[\"size\"],\"type\":null},{\"name\":\"upload_files_ext_index\",\"columns\":[\"ext\"],\"type\":null}],\"kind\":\"collectionType\",\"__schema__\":{\"collectionName\":\"files\",\"info\":{\"singularName\":\"file\",\"pluralName\":\"files\",\"displayName\":\"File\",\"description\":\"\"},\"options\":{},\"pluginOptions\":{\"content-manager\":{\"visible\":false},\"content-type-builder\":{\"visible\":false}},\"attributes\":{\"name\":{\"type\":\"string\",\"configurable\":false,\"required\":true},\"alternativeText\":{\"type\":\"string\",\"configurable\":false},\"caption\":{\"type\":\"string\",\"configurable\":false},\"width\":{\"type\":\"integer\",\"configurable\":false},\"height\":{\"type\":\"integer\",\"configurable\":false},\"formats\":{\"type\":\"json\",\"configurable\":false},\"hash\":{\"type\":\"string\",\"configurable\":false,\"required\":true},\"ext\":{\"type\":\"string\",\"configurable\":false},\"mime\":{\"type\":\"string\",\"configurable\":false,\"required\":true},\"size\":{\"type\":\"decimal\",\"configurable\":false,\"required\":true},\"url\":{\"type\":\"string\",\"configurable\":false,\"required\":true},\"previewUrl\":{\"type\":\"string\",\"configurable\":false},\"provider\":{\"type\":\"string\",\"configurable\":false,\"required\":true},\"provider_metadata\":{\"type\":\"json\",\"configurable\":false},\"related\":{\"type\":\"relation\",\"relation\":\"morphToMany\",\"configurable\":false},\"folder\":{\"type\":\"relation\",\"relation\":\"manyToOne\",\"target\":\"plugin::upload.folder\",\"inversedBy\":\"files\",\"private\":true},\"folderPath\":{\"type\":\"string\",\"min\":1,\"required\":true,\"private\":true,\"searchable\":false}},\"kind\":\"collectionType\"},\"modelType\":\"contentType\",\"modelName\":\"file\",\"connection\":\"default\",\"uid\":\"plugin::upload.file\",\"plugin\":\"upload\",\"globalId\":\"UploadFile\"},\"plugin::upload.folder\":{\"collectionName\":\"upload_folders\",\"info\":{\"singularName\":\"folder\",\"pluralName\":\"folders\",\"displayName\":\"Folder\"},\"options\":{},\"pluginOptions\":{\"content-manager\":{\"visible\":false},\"content-type-builder\":{\"visible\":false}},\"attributes\":{\"name\":{\"type\":\"string\",\"min\":1,\"required\":true},\"pathId\":{\"type\":\"integer\",\"unique\":true,\"required\":true},\"parent\":{\"type\":\"relation\",\"relation\":\"manyToOne\",\"target\":\"plugin::upload.folder\",\"inversedBy\":\"children\"},\"children\":{\"type\":\"relation\",\"relation\":\"oneToMany\",\"target\":\"plugin::upload.folder\",\"mappedBy\":\"parent\"},\"files\":{\"type\":\"relation\",\"relation\":\"oneToMany\",\"target\":\"plugin::upload.file\",\"mappedBy\":\"folder\"},\"path\":{\"type\":\"string\",\"min\":1,\"required\":true},\"createdAt\":{\"type\":\"datetime\"},\"updatedAt\":{\"type\":\"datetime\"},\"createdBy\":{\"type\":\"relation\",\"relation\":\"oneToOne\",\"target\":\"admin::user\",\"configurable\":false,\"writable\":false,\"visible\":false,\"useJoinTable\":false,\"private\":true},\"updatedBy\":{\"type\":\"relation\",\"relation\":\"oneToOne\",\"target\":\"admin::user\",\"configurable\":false,\"writable\":false,\"visible\":false,\"useJoinTable\":false,\"private\":true}},\"indexes\":[{\"name\":\"upload_folders_path_id_index\",\"columns\":[\"path_id\"],\"type\":\"unique\"},{\"name\":\"upload_folders_path_index\",\"columns\":[\"path\"],\"type\":\"unique\"}],\"kind\":\"collectionType\",\"__schema__\":{\"collectionName\":\"upload_folders\",\"info\":{\"singularName\":\"folder\",\"pluralName\":\"folders\",\"displayName\":\"Folder\"},\"options\":{},\"pluginOptions\":{\"content-manager\":{\"visible\":false},\"content-type-builder\":{\"visible\":false}},\"attributes\":{\"name\":{\"type\":\"string\",\"min\":1,\"required\":true},\"pathId\":{\"type\":\"integer\",\"unique\":true,\"required\":true},\"parent\":{\"type\":\"relation\",\"relation\":\"manyToOne\",\"target\":\"plugin::upload.folder\",\"inversedBy\":\"children\"},\"children\":{\"type\":\"relation\",\"relation\":\"oneToMany\",\"target\":\"plugin::upload.folder\",\"mappedBy\":\"parent\"},\"files\":{\"type\":\"relation\",\"relation\":\"oneToMany\",\"target\":\"plugin::upload.file\",\"mappedBy\":\"folder\"},\"path\":{\"type\":\"string\",\"min\":1,\"required\":true}},\"kind\":\"collectionType\"},\"modelType\":\"contentType\",\"modelName\":\"folder\",\"connection\":\"default\",\"uid\":\"plugin::upload.folder\",\"plugin\":\"upload\",\"globalId\":\"UploadFolder\"},\"plugin::i18n.locale\":{\"info\":{\"singularName\":\"locale\",\"pluralName\":\"locales\",\"collectionName\":\"locales\",\"displayName\":\"Locale\",\"description\":\"\"},\"options\":{\"draftAndPublish\":false},\"pluginOptions\":{\"content-manager\":{\"visible\":false},\"content-type-builder\":{\"visible\":false}},\"attributes\":{\"name\":{\"type\":\"string\",\"min\":1,\"max\":50,\"configurable\":false},\"code\":{\"type\":\"string\",\"unique\":true,\"configurable\":false},\"createdAt\":{\"type\":\"datetime\"},\"updatedAt\":{\"type\":\"datetime\"},\"createdBy\":{\"type\":\"relation\",\"relation\":\"oneToOne\",\"target\":\"admin::user\",\"configurable\":false,\"writable\":false,\"visible\":false,\"useJoinTable\":false,\"private\":true},\"updatedBy\":{\"type\":\"relation\",\"relation\":\"oneToOne\",\"target\":\"admin::user\",\"configurable\":false,\"writable\":false,\"visible\":false,\"useJoinTable\":false,\"private\":true}},\"kind\":\"collectionType\",\"__schema__\":{\"info\":{\"singularName\":\"locale\",\"pluralName\":\"locales\",\"collectionName\":\"locales\",\"displayName\":\"Locale\",\"description\":\"\"},\"options\":{\"draftAndPublish\":false},\"pluginOptions\":{\"content-manager\":{\"visible\":false},\"content-type-builder\":{\"visible\":false}},\"attributes\":{\"name\":{\"type\":\"string\",\"min\":1,\"max\":50,\"configurable\":false},\"code\":{\"type\":\"string\",\"unique\":true,\"configurable\":false}},\"kind\":\"collectionType\"},\"modelType\":\"contentType\",\"modelName\":\"locale\",\"connection\":\"default\",\"uid\":\"plugin::i18n.locale\",\"plugin\":\"i18n\",\"collectionName\":\"i18n_locale\",\"globalId\":\"I18NLocale\"},\"plugin::users-permissions.permission\":{\"collectionName\":\"up_permissions\",\"info\":{\"name\":\"permission\",\"description\":\"\",\"singularName\":\"permission\",\"pluralName\":\"permissions\",\"displayName\":\"Permission\"},\"pluginOptions\":{\"content-manager\":{\"visible\":false},\"content-type-builder\":{\"visible\":false}},\"attributes\":{\"action\":{\"type\":\"string\",\"required\":true,\"configurable\":false},\"role\":{\"type\":\"relation\",\"relation\":\"manyToOne\",\"target\":\"plugin::users-permissions.role\",\"inversedBy\":\"permissions\",\"configurable\":false},\"createdAt\":{\"type\":\"datetime\"},\"updatedAt\":{\"type\":\"datetime\"},\"createdBy\":{\"type\":\"relation\",\"relation\":\"oneToOne\",\"target\":\"admin::user\",\"configurable\":false,\"writable\":false,\"visible\":false,\"useJoinTable\":false,\"private\":true},\"updatedBy\":{\"type\":\"relation\",\"relation\":\"oneToOne\",\"target\":\"admin::user\",\"configurable\":false,\"writable\":false,\"visible\":false,\"useJoinTable\":false,\"private\":true}},\"kind\":\"collectionType\",\"__schema__\":{\"collectionName\":\"up_permissions\",\"info\":{\"name\":\"permission\",\"description\":\"\",\"singularName\":\"permission\",\"pluralName\":\"permissions\",\"displayName\":\"Permission\"},\"pluginOptions\":{\"content-manager\":{\"visible\":false},\"content-type-builder\":{\"visible\":false}},\"attributes\":{\"action\":{\"type\":\"string\",\"required\":true,\"configurable\":false},\"role\":{\"type\":\"relation\",\"relation\":\"manyToOne\",\"target\":\"plugin::users-permissions.role\",\"inversedBy\":\"permissions\",\"configurable\":false}},\"kind\":\"collectionType\"},\"modelType\":\"contentType\",\"modelName\":\"permission\",\"connection\":\"default\",\"uid\":\"plugin::users-permissions.permission\",\"plugin\":\"users-permissions\",\"globalId\":\"UsersPermissionsPermission\"},\"plugin::users-permissions.role\":{\"collectionName\":\"up_roles\",\"info\":{\"name\":\"role\",\"description\":\"\",\"singularName\":\"role\",\"pluralName\":\"roles\",\"displayName\":\"Role\"},\"pluginOptions\":{\"content-manager\":{\"visible\":false},\"content-type-builder\":{\"visible\":false}},\"attributes\":{\"name\":{\"type\":\"string\",\"minLength\":3,\"required\":true,\"configurable\":false},\"description\":{\"type\":\"string\",\"configurable\":false},\"type\":{\"type\":\"string\",\"unique\":true,\"configurable\":false},\"permissions\":{\"type\":\"relation\",\"relation\":\"oneToMany\",\"target\":\"plugin::users-permissions.permission\",\"mappedBy\":\"role\",\"configurable\":false},\"users\":{\"type\":\"relation\",\"relation\":\"oneToMany\",\"target\":\"plugin::users-permissions.user\",\"mappedBy\":\"role\",\"configurable\":false},\"createdAt\":{\"type\":\"datetime\"},\"updatedAt\":{\"type\":\"datetime\"},\"createdBy\":{\"type\":\"relation\",\"relation\":\"oneToOne\",\"target\":\"admin::user\",\"configurable\":false,\"writable\":false,\"visible\":false,\"useJoinTable\":false,\"private\":true},\"updatedBy\":{\"type\":\"relation\",\"relation\":\"oneToOne\",\"target\":\"admin::user\",\"configurable\":false,\"writable\":false,\"visible\":false,\"useJoinTable\":false,\"private\":true}},\"kind\":\"collectionType\",\"__schema__\":{\"collectionName\":\"up_roles\",\"info\":{\"name\":\"role\",\"description\":\"\",\"singularName\":\"role\",\"pluralName\":\"roles\",\"displayName\":\"Role\"},\"pluginOptions\":{\"content-manager\":{\"visible\":false},\"content-type-builder\":{\"visible\":false}},\"attributes\":{\"name\":{\"type\":\"string\",\"minLength\":3,\"required\":true,\"configurable\":false},\"description\":{\"type\":\"string\",\"configurable\":false},\"type\":{\"type\":\"string\",\"unique\":true,\"configurable\":false},\"permissions\":{\"type\":\"relation\",\"relation\":\"oneToMany\",\"target\":\"plugin::users-permissions.permission\",\"mappedBy\":\"role\",\"configurable\":false},\"users\":{\"type\":\"relation\",\"relation\":\"oneToMany\",\"target\":\"plugin::users-permissions.user\",\"mappedBy\":\"role\",\"configurable\":false}},\"kind\":\"collectionType\"},\"modelType\":\"contentType\",\"modelName\":\"role\",\"connection\":\"default\",\"uid\":\"plugin::users-permissions.role\",\"plugin\":\"users-permissions\",\"globalId\":\"UsersPermissionsRole\"},\"plugin::users-permissions.user\":{\"collectionName\":\"up_users\",\"info\":{\"name\":\"user\",\"description\":\"\",\"singularName\":\"user\",\"pluralName\":\"users\",\"displayName\":\"User\"},\"options\":{\"draftAndPublish\":false,\"timestamps\":true},\"attributes\":{\"username\":{\"type\":\"string\",\"minLength\":3,\"unique\":true,\"configurable\":false,\"required\":true},\"email\":{\"type\":\"email\",\"minLength\":6,\"configurable\":false,\"required\":true},\"provider\":{\"type\":\"string\",\"configurable\":false},\"password\":{\"type\":\"password\",\"minLength\":6,\"configurable\":false,\"private\":true,\"searchable\":false},\"resetPasswordToken\":{\"type\":\"string\",\"configurable\":false,\"private\":true,\"searchable\":false},\"confirmationToken\":{\"type\":\"string\",\"configurable\":false,\"private\":true,\"searchable\":false},\"confirmed\":{\"type\":\"boolean\",\"default\":false,\"configurable\":false},\"blocked\":{\"type\":\"boolean\",\"default\":false,\"configurable\":false},\"role\":{\"type\":\"relation\",\"relation\":\"manyToOne\",\"target\":\"plugin::users-permissions.role\",\"inversedBy\":\"users\",\"configurable\":false},\"userRole\":{\"type\":\"enumeration\",\"enum\":[\"admin\",\"user\"],\"default\":\"user\"},\"phone\":{\"type\":\"string\"},\"address\":{\"type\":\"string\"},\"createdAt\":{\"type\":\"datetime\"},\"updatedAt\":{\"type\":\"datetime\"},\"createdBy\":{\"type\":\"relation\",\"relation\":\"oneToOne\",\"target\":\"admin::user\",\"configurable\":false,\"writable\":false,\"visible\":false,\"useJoinTable\":false,\"private\":true},\"updatedBy\":{\"type\":\"relation\",\"relation\":\"oneToOne\",\"target\":\"admin::user\",\"configurable\":false,\"writable\":false,\"visible\":false,\"useJoinTable\":false,\"private\":true}},\"config\":{\"attributes\":{\"resetPasswordToken\":{\"hidden\":true},\"confirmationToken\":{\"hidden\":true},\"provider\":{\"hidden\":true}}},\"kind\":\"collectionType\",\"__filename__\":\"schema.json\",\"__schema__\":{\"collectionName\":\"up_users\",\"info\":{\"name\":\"user\",\"description\":\"\",\"singularName\":\"user\",\"pluralName\":\"users\",\"displayName\":\"User\"},\"options\":{\"draftAndPublish\":false,\"timestamps\":true},\"attributes\":{\"username\":{\"type\":\"string\",\"minLength\":3,\"unique\":true,\"configurable\":false,\"required\":true},\"email\":{\"type\":\"email\",\"minLength\":6,\"configurable\":false,\"required\":true},\"provider\":{\"type\":\"string\",\"configurable\":false},\"password\":{\"type\":\"password\",\"minLength\":6,\"configurable\":false,\"private\":true,\"searchable\":false},\"resetPasswordToken\":{\"type\":\"string\",\"configurable\":false,\"private\":true,\"searchable\":false},\"confirmationToken\":{\"type\":\"string\",\"configurable\":false,\"private\":true,\"searchable\":false},\"confirmed\":{\"type\":\"boolean\",\"default\":false,\"configurable\":false},\"blocked\":{\"type\":\"boolean\",\"default\":false,\"configurable\":false},\"role\":{\"type\":\"relation\",\"relation\":\"manyToOne\",\"target\":\"plugin::users-permissions.role\",\"inversedBy\":\"users\",\"configurable\":false},\"userRole\":{\"type\":\"enumeration\",\"enum\":[\"admin\",\"user\"],\"default\":\"user\"},\"phone\":{\"type\":\"string\"},\"address\":{\"type\":\"string\"}},\"kind\":\"collectionType\"},\"modelType\":\"contentType\",\"modelName\":\"user\",\"connection\":\"default\",\"uid\":\"plugin::users-permissions.user\",\"plugin\":\"users-permissions\",\"globalId\":\"UsersPermissionsUser\"},\"api::address.address\":{\"kind\":\"collectionType\",\"collectionName\":\"addresses\",\"info\":{\"singularName\":\"address\",\"pluralName\":\"addresses\",\"displayName\":\"address\"},\"options\":{\"draftAndPublish\":true},\"pluginOptions\":{},\"attributes\":{\"userId\":{\"type\":\"string\"},\"address\":{\"type\":\"richtext\"},\"createdAt\":{\"type\":\"datetime\"},\"updatedAt\":{\"type\":\"datetime\"},\"publishedAt\":{\"type\":\"datetime\",\"configurable\":false,\"writable\":true,\"visible\":false},\"createdBy\":{\"type\":\"relation\",\"relation\":\"oneToOne\",\"target\":\"admin::user\",\"configurable\":false,\"writable\":false,\"visible\":false,\"useJoinTable\":false,\"private\":true},\"updatedBy\":{\"type\":\"relation\",\"relation\":\"oneToOne\",\"target\":\"admin::user\",\"configurable\":false,\"writable\":false,\"visible\":false,\"useJoinTable\":false,\"private\":true}},\"__schema__\":{\"collectionName\":\"addresses\",\"info\":{\"singularName\":\"address\",\"pluralName\":\"addresses\",\"displayName\":\"address\"},\"options\":{\"draftAndPublish\":true},\"pluginOptions\":{},\"attributes\":{\"userId\":{\"type\":\"string\"},\"address\":{\"type\":\"richtext\"}},\"kind\":\"collectionType\"},\"modelType\":\"contentType\",\"modelName\":\"address\",\"connection\":\"default\",\"uid\":\"api::address.address\",\"apiName\":\"address\",\"globalId\":\"Address\",\"actions\":{},\"lifecycles\":{}},\"api::card.card\":{\"kind\":\"collectionType\",\"collectionName\":\"cards\",\"info\":{\"singularName\":\"card\",\"pluralName\":\"cards\",\"displayName\":\"card\",\"description\":\"\"},\"options\":{\"draftAndPublish\":false,\"populateCreatorFields\":true,\"publicAttributes\":[\"created_at\",\"updated_by\",\"users_permissions_user\"]},\"pluginOptions\":{},\"attributes\":{\"products\":{\"type\":\"relation\",\"relation\":\"manyToMany\",\"target\":\"api::product.product\",\"inversedBy\":\"cards\"},\"users_permissions_user\":{\"type\":\"relation\",\"relation\":\"oneToOne\",\"target\":\"plugin::users-permissions.user\"},\"listProduct\":{\"type\":\"component\",\"repeatable\":true,\"component\":\"cart-product.cart-product\"},\"productId\":{\"type\":\"string\"},\"size\":{\"type\":\"string\"},\"stock\":{\"type\":\"string\"},\"userId\":{\"type\":\"string\"},\"oneQuantityPrice\":{\"type\":\"string\"},\"createdAt\":{\"type\":\"datetime\"},\"updatedAt\":{\"type\":\"datetime\"},\"createdBy\":{\"type\":\"relation\",\"relation\":\"oneToOne\",\"target\":\"admin::user\",\"configurable\":false,\"writable\":false,\"visible\":false,\"useJoinTable\":false,\"private\":false},\"updatedBy\":{\"type\":\"relation\",\"relation\":\"oneToOne\",\"target\":\"admin::user\",\"configurable\":false,\"writable\":false,\"visible\":false,\"useJoinTable\":false,\"private\":false}},\"__schema__\":{\"collectionName\":\"cards\",\"info\":{\"singularName\":\"card\",\"pluralName\":\"cards\",\"displayName\":\"card\",\"description\":\"\"},\"options\":{\"draftAndPublish\":false,\"populateCreatorFields\":true,\"publicAttributes\":[\"created_at\",\"updated_by\",\"users_permissions_user\"]},\"pluginOptions\":{},\"attributes\":{\"products\":{\"type\":\"relation\",\"relation\":\"manyToMany\",\"target\":\"api::product.product\",\"inversedBy\":\"cards\"},\"users_permissions_user\":{\"type\":\"relation\",\"relation\":\"oneToOne\",\"target\":\"plugin::users-permissions.user\"},\"listProduct\":{\"type\":\"component\",\"repeatable\":true,\"component\":\"cart-product.cart-product\"},\"productId\":{\"type\":\"string\"},\"size\":{\"type\":\"string\"},\"stock\":{\"type\":\"string\"},\"userId\":{\"type\":\"string\"},\"oneQuantityPrice\":{\"type\":\"string\"}},\"kind\":\"collectionType\"},\"modelType\":\"contentType\",\"modelName\":\"card\",\"connection\":\"default\",\"uid\":\"api::card.card\",\"apiName\":\"card\",\"globalId\":\"Card\",\"actions\":{},\"lifecycles\":{}},\"api::category.category\":{\"kind\":\"collectionType\",\"collectionName\":\"categories\",\"info\":{\"singularName\":\"category\",\"pluralName\":\"categories\",\"displayName\":\"category\",\"description\":\"\"},\"options\":{\"draftAndPublish\":true},\"pluginOptions\":{},\"attributes\":{\"name\":{\"type\":\"string\",\"required\":true},\"slug\":{\"type\":\"uid\",\"targetField\":\"name\"},\"products\":{\"type\":\"relation\",\"relation\":\"manyToMany\",\"target\":\"api::product.product\",\"mappedBy\":\"categories\"},\"createdAt\":{\"type\":\"datetime\"},\"updatedAt\":{\"type\":\"datetime\"},\"publishedAt\":{\"type\":\"datetime\",\"configurable\":false,\"writable\":true,\"visible\":false},\"createdBy\":{\"type\":\"relation\",\"relation\":\"oneToOne\",\"target\":\"admin::user\",\"configurable\":false,\"writable\":false,\"visible\":false,\"useJoinTable\":false,\"private\":true},\"updatedBy\":{\"type\":\"relation\",\"relation\":\"oneToOne\",\"target\":\"admin::user\",\"configurable\":false,\"writable\":false,\"visible\":false,\"useJoinTable\":false,\"private\":true}},\"__schema__\":{\"collectionName\":\"categories\",\"info\":{\"singularName\":\"category\",\"pluralName\":\"categories\",\"displayName\":\"category\",\"description\":\"\"},\"options\":{\"draftAndPublish\":true},\"pluginOptions\":{},\"attributes\":{\"name\":{\"type\":\"string\",\"required\":true},\"slug\":{\"type\":\"uid\",\"targetField\":\"name\"},\"products\":{\"type\":\"relation\",\"relation\":\"manyToMany\",\"target\":\"api::product.product\",\"mappedBy\":\"categories\"}},\"kind\":\"collectionType\"},\"modelType\":\"contentType\",\"modelName\":\"category\",\"connection\":\"default\",\"uid\":\"api::category.category\",\"apiName\":\"category\",\"globalId\":\"Category\",\"actions\":{},\"lifecycles\":{}},\"api::comment.comment\":{\"kind\":\"collectionType\",\"collectionName\":\"comments\",\"info\":{\"singularName\":\"comment\",\"pluralName\":\"comments\",\"displayName\":\"comment\",\"description\":\"\"},\"options\":{\"draftAndPublish\":true},\"pluginOptions\":{},\"attributes\":{\"productId\":{\"type\":\"string\",\"required\":false},\"userId\":{\"type\":\"string\",\"required\":false},\"comment\":{\"type\":\"text\",\"required\":false},\"users_permissions_user\":{\"type\":\"relation\",\"relation\":\"oneToOne\",\"target\":\"plugin::users-permissions.user\"},\"createdAt\":{\"type\":\"datetime\"},\"updatedAt\":{\"type\":\"datetime\"},\"publishedAt\":{\"type\":\"datetime\",\"configurable\":false,\"writable\":true,\"visible\":false},\"createdBy\":{\"type\":\"relation\",\"relation\":\"oneToOne\",\"target\":\"admin::user\",\"configurable\":false,\"writable\":false,\"visible\":false,\"useJoinTable\":false,\"private\":true},\"updatedBy\":{\"type\":\"relation\",\"relation\":\"oneToOne\",\"target\":\"admin::user\",\"configurable\":false,\"writable\":false,\"visible\":false,\"useJoinTable\":false,\"private\":true}},\"__schema__\":{\"collectionName\":\"comments\",\"info\":{\"singularName\":\"comment\",\"pluralName\":\"comments\",\"displayName\":\"comment\",\"description\":\"\"},\"options\":{\"draftAndPublish\":true},\"pluginOptions\":{},\"attributes\":{\"productId\":{\"type\":\"string\",\"required\":false},\"userId\":{\"type\":\"string\",\"required\":false},\"comment\":{\"type\":\"text\",\"required\":false},\"users_permissions_user\":{\"type\":\"relation\",\"relation\":\"oneToOne\",\"target\":\"plugin::users-permissions.user\"}},\"kind\":\"collectionType\"},\"modelType\":\"contentType\",\"modelName\":\"comment\",\"connection\":\"default\",\"uid\":\"api::comment.comment\",\"apiName\":\"comment\",\"globalId\":\"Comment\",\"actions\":{},\"lifecycles\":{}},\"api::favorite-product.favorite-product\":{\"kind\":\"collectionType\",\"collectionName\":\"favorite_products\",\"info\":{\"singularName\":\"favorite-product\",\"pluralName\":\"favorite-products\",\"displayName\":\"Favorite Product\"},\"options\":{\"draftAndPublish\":false},\"pluginOptions\":{},\"attributes\":{\"userId\":{\"type\":\"string\"},\"productId\":{\"type\":\"string\"},\"createdAt\":{\"type\":\"datetime\"},\"updatedAt\":{\"type\":\"datetime\"},\"createdBy\":{\"type\":\"relation\",\"relation\":\"oneToOne\",\"target\":\"admin::user\",\"configurable\":false,\"writable\":false,\"visible\":false,\"useJoinTable\":false,\"private\":true},\"updatedBy\":{\"type\":\"relation\",\"relation\":\"oneToOne\",\"target\":\"admin::user\",\"configurable\":false,\"writable\":false,\"visible\":false,\"useJoinTable\":false,\"private\":true}},\"__schema__\":{\"collectionName\":\"favorite_products\",\"info\":{\"singularName\":\"favorite-product\",\"pluralName\":\"favorite-products\",\"displayName\":\"Favorite Product\"},\"options\":{\"draftAndPublish\":false},\"pluginOptions\":{},\"attributes\":{\"userId\":{\"type\":\"string\"},\"productId\":{\"type\":\"string\"}},\"kind\":\"collectionType\"},\"modelType\":\"contentType\",\"modelName\":\"favorite-product\",\"connection\":\"default\",\"uid\":\"api::favorite-product.favorite-product\",\"apiName\":\"favorite-product\",\"globalId\":\"FavoriteProduct\",\"actions\":{},\"lifecycles\":{}},\"api::order.order\":{\"kind\":\"collectionType\",\"collectionName\":\"orders\",\"info\":{\"singularName\":\"order\",\"pluralName\":\"orders\",\"displayName\":\"order\",\"description\":\"\"},\"options\":{\"draftAndPublish\":true},\"pluginOptions\":{},\"attributes\":{\"user\":{\"type\":\"relation\",\"relation\":\"oneToOne\",\"target\":\"plugin::users-permissions.user\"},\"totalPrice\":{\"type\":\"decimal\"},\"address\":{\"type\":\"string\"},\"paymentMethod\":{\"type\":\"enumeration\",\"enum\":[\"cash\",\"card\"],\"default\":\"cash\"},\"product\":{\"displayName\":\"listProducts\",\"type\":\"component\",\"repeatable\":true,\"component\":\"product.list-products\"},\"status\":{\"type\":\"enumeration\",\"enum\":[\"new\",\"delivering\",\"paid\",\"refuse\"]},\"listProducts\":{\"type\":\"json\"},\"name\":{\"type\":\"string\"},\"email\":{\"type\":\"string\"},\"phone\":{\"type\":\"string\"},\"orderId\":{\"type\":\"string\"},\"userId\":{\"type\":\"string\"},\"createdAt\":{\"type\":\"datetime\"},\"updatedAt\":{\"type\":\"datetime\"},\"publishedAt\":{\"type\":\"datetime\",\"configurable\":false,\"writable\":true,\"visible\":false},\"createdBy\":{\"type\":\"relation\",\"relation\":\"oneToOne\",\"target\":\"admin::user\",\"configurable\":false,\"writable\":false,\"visible\":false,\"useJoinTable\":false,\"private\":true},\"updatedBy\":{\"type\":\"relation\",\"relation\":\"oneToOne\",\"target\":\"admin::user\",\"configurable\":false,\"writable\":false,\"visible\":false,\"useJoinTable\":false,\"private\":true}},\"__schema__\":{\"collectionName\":\"orders\",\"info\":{\"singularName\":\"order\",\"pluralName\":\"orders\",\"displayName\":\"order\",\"description\":\"\"},\"options\":{\"draftAndPublish\":true},\"pluginOptions\":{},\"attributes\":{\"user\":{\"type\":\"relation\",\"relation\":\"oneToOne\",\"target\":\"plugin::users-permissions.user\"},\"totalPrice\":{\"type\":\"decimal\"},\"address\":{\"type\":\"string\"},\"paymentMethod\":{\"type\":\"enumeration\",\"enum\":[\"cash\",\"card\"],\"default\":\"cash\"},\"product\":{\"displayName\":\"listProducts\",\"type\":\"component\",\"repeatable\":true,\"component\":\"product.list-products\"},\"status\":{\"type\":\"enumeration\",\"enum\":[\"new\",\"delivering\",\"paid\",\"refuse\"]},\"listProducts\":{\"type\":\"json\"},\"name\":{\"type\":\"string\"},\"email\":{\"type\":\"string\"},\"phone\":{\"type\":\"string\"},\"orderId\":{\"type\":\"string\"},\"userId\":{\"type\":\"string\"}},\"kind\":\"collectionType\"},\"modelType\":\"contentType\",\"modelName\":\"order\",\"connection\":\"default\",\"uid\":\"api::order.order\",\"apiName\":\"order\",\"globalId\":\"Order\",\"actions\":{},\"lifecycles\":{}},\"api::product.product\":{\"kind\":\"collectionType\",\"collectionName\":\"products\",\"info\":{\"singularName\":\"product\",\"pluralName\":\"products\",\"displayName\":\"product\",\"description\":\"\"},\"options\":{\"draftAndPublish\":true},\"pluginOptions\":{},\"attributes\":{\"name\":{\"type\":\"string\",\"required\":true},\"subtitle\":{\"type\":\"string\"},\"price\":{\"type\":\"decimal\",\"required\":true},\"description\":{\"type\":\"richtext\"},\"image\":{\"type\":\"media\",\"multiple\":true,\"required\":false,\"allowedTypes\":[\"images\"]},\"thumbnail\":{\"type\":\"media\",\"multiple\":false,\"required\":true,\"allowedTypes\":[\"images\"]},\"original_price\":{\"type\":\"decimal\"},\"slug\":{\"type\":\"uid\",\"targetField\":\"name\"},\"categories\":{\"type\":\"relation\",\"relation\":\"manyToMany\",\"target\":\"api::category.category\",\"inversedBy\":\"products\"},\"sizes\":{\"displayName\":\"sizes\",\"type\":\"component\",\"repeatable\":true,\"component\":\"size.sizes\"},\"cards\":{\"type\":\"relation\",\"relation\":\"manyToMany\",\"target\":\"api::card.card\",\"mappedBy\":\"products\"},\"createdAt\":{\"type\":\"datetime\"},\"updatedAt\":{\"type\":\"datetime\"},\"publishedAt\":{\"type\":\"datetime\",\"configurable\":false,\"writable\":true,\"visible\":false},\"createdBy\":{\"type\":\"relation\",\"relation\":\"oneToOne\",\"target\":\"admin::user\",\"configurable\":false,\"writable\":false,\"visible\":false,\"useJoinTable\":false,\"private\":true},\"updatedBy\":{\"type\":\"relation\",\"relation\":\"oneToOne\",\"target\":\"admin::user\",\"configurable\":false,\"writable\":false,\"visible\":false,\"useJoinTable\":false,\"private\":true}},\"__schema__\":{\"collectionName\":\"products\",\"info\":{\"singularName\":\"product\",\"pluralName\":\"products\",\"displayName\":\"product\",\"description\":\"\"},\"options\":{\"draftAndPublish\":true},\"pluginOptions\":{},\"attributes\":{\"name\":{\"type\":\"string\",\"required\":true},\"subtitle\":{\"type\":\"string\"},\"price\":{\"type\":\"decimal\",\"required\":true},\"description\":{\"type\":\"richtext\"},\"image\":{\"type\":\"media\",\"multiple\":true,\"required\":false,\"allowedTypes\":[\"images\"]},\"thumbnail\":{\"type\":\"media\",\"multiple\":false,\"required\":true,\"allowedTypes\":[\"images\"]},\"original_price\":{\"type\":\"decimal\"},\"slug\":{\"type\":\"uid\",\"targetField\":\"name\"},\"categories\":{\"type\":\"relation\",\"relation\":\"manyToMany\",\"target\":\"api::category.category\",\"inversedBy\":\"products\"},\"sizes\":{\"displayName\":\"sizes\",\"type\":\"component\",\"repeatable\":true,\"component\":\"size.sizes\"},\"cards\":{\"type\":\"relation\",\"relation\":\"manyToMany\",\"target\":\"api::card.card\",\"mappedBy\":\"products\"}},\"kind\":\"collectionType\"},\"modelType\":\"contentType\",\"modelName\":\"product\",\"connection\":\"default\",\"uid\":\"api::product.product\",\"apiName\":\"product\",\"globalId\":\"Product\",\"actions\":{},\"lifecycles\":{}}}', 'object', NULL, NULL);
INSERT INTO `strapi_core_store_settings` (`id`, `key`, `value`, `type`, `environment`, `tag`) VALUES
(2, 'plugin_content_manager_configuration_content_types::admin::permission', '{\"uid\":\"admin::permission\",\"settings\":{\"bulkable\":true,\"filterable\":true,\"searchable\":true,\"pageSize\":10,\"mainField\":\"action\",\"defaultSortBy\":\"action\",\"defaultSortOrder\":\"ASC\"},\"metadatas\":{\"id\":{\"edit\":{},\"list\":{\"label\":\"id\",\"searchable\":true,\"sortable\":true}},\"action\":{\"edit\":{\"label\":\"action\",\"description\":\"\",\"placeholder\":\"\",\"visible\":true,\"editable\":true},\"list\":{\"label\":\"action\",\"searchable\":true,\"sortable\":true}},\"subject\":{\"edit\":{\"label\":\"subject\",\"description\":\"\",\"placeholder\":\"\",\"visible\":true,\"editable\":true},\"list\":{\"label\":\"subject\",\"searchable\":true,\"sortable\":true}},\"properties\":{\"edit\":{\"label\":\"properties\",\"description\":\"\",\"placeholder\":\"\",\"visible\":true,\"editable\":true},\"list\":{\"label\":\"properties\",\"searchable\":false,\"sortable\":false}},\"conditions\":{\"edit\":{\"label\":\"conditions\",\"description\":\"\",\"placeholder\":\"\",\"visible\":true,\"editable\":true},\"list\":{\"label\":\"conditions\",\"searchable\":false,\"sortable\":false}},\"role\":{\"edit\":{\"label\":\"role\",\"description\":\"\",\"placeholder\":\"\",\"visible\":true,\"editable\":true,\"mainField\":\"name\"},\"list\":{\"label\":\"role\",\"searchable\":true,\"sortable\":true}},\"createdAt\":{\"edit\":{\"label\":\"createdAt\",\"description\":\"\",\"placeholder\":\"\",\"visible\":false,\"editable\":true},\"list\":{\"label\":\"createdAt\",\"searchable\":true,\"sortable\":true}},\"updatedAt\":{\"edit\":{\"label\":\"updatedAt\",\"description\":\"\",\"placeholder\":\"\",\"visible\":false,\"editable\":true},\"list\":{\"label\":\"updatedAt\",\"searchable\":true,\"sortable\":true}}},\"layouts\":{\"list\":[\"id\",\"action\",\"subject\",\"role\"],\"edit\":[[{\"name\":\"action\",\"size\":6},{\"name\":\"subject\",\"size\":6}],[{\"name\":\"properties\",\"size\":12}],[{\"name\":\"conditions\",\"size\":12}],[{\"name\":\"role\",\"size\":6}]]}}', 'object', NULL, NULL),
(3, 'plugin_content_manager_configuration_content_types::admin::role', '{\"uid\":\"admin::role\",\"settings\":{\"bulkable\":true,\"filterable\":true,\"searchable\":true,\"pageSize\":10,\"mainField\":\"name\",\"defaultSortBy\":\"name\",\"defaultSortOrder\":\"ASC\"},\"metadatas\":{\"id\":{\"edit\":{},\"list\":{\"label\":\"id\",\"searchable\":true,\"sortable\":true}},\"name\":{\"edit\":{\"label\":\"name\",\"description\":\"\",\"placeholder\":\"\",\"visible\":true,\"editable\":true},\"list\":{\"label\":\"name\",\"searchable\":true,\"sortable\":true}},\"code\":{\"edit\":{\"label\":\"code\",\"description\":\"\",\"placeholder\":\"\",\"visible\":true,\"editable\":true},\"list\":{\"label\":\"code\",\"searchable\":true,\"sortable\":true}},\"description\":{\"edit\":{\"label\":\"description\",\"description\":\"\",\"placeholder\":\"\",\"visible\":true,\"editable\":true},\"list\":{\"label\":\"description\",\"searchable\":true,\"sortable\":true}},\"users\":{\"edit\":{\"label\":\"users\",\"description\":\"\",\"placeholder\":\"\",\"visible\":true,\"editable\":true,\"mainField\":\"firstname\"},\"list\":{\"label\":\"users\",\"searchable\":false,\"sortable\":false}},\"permissions\":{\"edit\":{\"label\":\"permissions\",\"description\":\"\",\"placeholder\":\"\",\"visible\":true,\"editable\":true,\"mainField\":\"action\"},\"list\":{\"label\":\"permissions\",\"searchable\":false,\"sortable\":false}},\"createdAt\":{\"edit\":{\"label\":\"createdAt\",\"description\":\"\",\"placeholder\":\"\",\"visible\":false,\"editable\":true},\"list\":{\"label\":\"createdAt\",\"searchable\":true,\"sortable\":true}},\"updatedAt\":{\"edit\":{\"label\":\"updatedAt\",\"description\":\"\",\"placeholder\":\"\",\"visible\":false,\"editable\":true},\"list\":{\"label\":\"updatedAt\",\"searchable\":true,\"sortable\":true}}},\"layouts\":{\"list\":[\"id\",\"name\",\"code\",\"description\"],\"edit\":[[{\"name\":\"name\",\"size\":6},{\"name\":\"code\",\"size\":6}],[{\"name\":\"description\",\"size\":6},{\"name\":\"users\",\"size\":6}],[{\"name\":\"permissions\",\"size\":6}]]}}', 'object', NULL, NULL),
(4, 'plugin_content_manager_configuration_content_types::admin::transfer-token-permission', '{\"uid\":\"admin::transfer-token-permission\",\"settings\":{\"bulkable\":true,\"filterable\":true,\"searchable\":true,\"pageSize\":10,\"mainField\":\"action\",\"defaultSortBy\":\"action\",\"defaultSortOrder\":\"ASC\"},\"metadatas\":{\"id\":{\"edit\":{},\"list\":{\"label\":\"id\",\"searchable\":true,\"sortable\":true}},\"action\":{\"edit\":{\"label\":\"action\",\"description\":\"\",\"placeholder\":\"\",\"visible\":true,\"editable\":true},\"list\":{\"label\":\"action\",\"searchable\":true,\"sortable\":true}},\"token\":{\"edit\":{\"label\":\"token\",\"description\":\"\",\"placeholder\":\"\",\"visible\":true,\"editable\":true,\"mainField\":\"name\"},\"list\":{\"label\":\"token\",\"searchable\":true,\"sortable\":true}},\"createdAt\":{\"edit\":{\"label\":\"createdAt\",\"description\":\"\",\"placeholder\":\"\",\"visible\":false,\"editable\":true},\"list\":{\"label\":\"createdAt\",\"searchable\":true,\"sortable\":true}},\"updatedAt\":{\"edit\":{\"label\":\"updatedAt\",\"description\":\"\",\"placeholder\":\"\",\"visible\":false,\"editable\":true},\"list\":{\"label\":\"updatedAt\",\"searchable\":true,\"sortable\":true}}},\"layouts\":{\"list\":[\"id\",\"action\",\"token\",\"createdAt\"],\"edit\":[[{\"name\":\"action\",\"size\":6},{\"name\":\"token\",\"size\":6}]]}}', 'object', NULL, NULL),
(5, 'plugin_content_manager_configuration_content_types::plugin::upload.file', '{\"uid\":\"plugin::upload.file\",\"settings\":{\"bulkable\":true,\"filterable\":true,\"searchable\":true,\"pageSize\":10,\"mainField\":\"name\",\"defaultSortBy\":\"name\",\"defaultSortOrder\":\"ASC\"},\"metadatas\":{\"id\":{\"edit\":{},\"list\":{\"label\":\"id\",\"searchable\":true,\"sortable\":true}},\"name\":{\"edit\":{\"label\":\"name\",\"description\":\"\",\"placeholder\":\"\",\"visible\":true,\"editable\":true},\"list\":{\"label\":\"name\",\"searchable\":true,\"sortable\":true}},\"alternativeText\":{\"edit\":{\"label\":\"alternativeText\",\"description\":\"\",\"placeholder\":\"\",\"visible\":true,\"editable\":true},\"list\":{\"label\":\"alternativeText\",\"searchable\":true,\"sortable\":true}},\"caption\":{\"edit\":{\"label\":\"caption\",\"description\":\"\",\"placeholder\":\"\",\"visible\":true,\"editable\":true},\"list\":{\"label\":\"caption\",\"searchable\":true,\"sortable\":true}},\"width\":{\"edit\":{\"label\":\"width\",\"description\":\"\",\"placeholder\":\"\",\"visible\":true,\"editable\":true},\"list\":{\"label\":\"width\",\"searchable\":true,\"sortable\":true}},\"height\":{\"edit\":{\"label\":\"height\",\"description\":\"\",\"placeholder\":\"\",\"visible\":true,\"editable\":true},\"list\":{\"label\":\"height\",\"searchable\":true,\"sortable\":true}},\"formats\":{\"edit\":{\"label\":\"formats\",\"description\":\"\",\"placeholder\":\"\",\"visible\":true,\"editable\":true},\"list\":{\"label\":\"formats\",\"searchable\":false,\"sortable\":false}},\"hash\":{\"edit\":{\"label\":\"hash\",\"description\":\"\",\"placeholder\":\"\",\"visible\":true,\"editable\":true},\"list\":{\"label\":\"hash\",\"searchable\":true,\"sortable\":true}},\"ext\":{\"edit\":{\"label\":\"ext\",\"description\":\"\",\"placeholder\":\"\",\"visible\":true,\"editable\":true},\"list\":{\"label\":\"ext\",\"searchable\":true,\"sortable\":true}},\"mime\":{\"edit\":{\"label\":\"mime\",\"description\":\"\",\"placeholder\":\"\",\"visible\":true,\"editable\":true},\"list\":{\"label\":\"mime\",\"searchable\":true,\"sortable\":true}},\"size\":{\"edit\":{\"label\":\"size\",\"description\":\"\",\"placeholder\":\"\",\"visible\":true,\"editable\":true},\"list\":{\"label\":\"size\",\"searchable\":true,\"sortable\":true}},\"url\":{\"edit\":{\"label\":\"url\",\"description\":\"\",\"placeholder\":\"\",\"visible\":true,\"editable\":true},\"list\":{\"label\":\"url\",\"searchable\":true,\"sortable\":true}},\"previewUrl\":{\"edit\":{\"label\":\"previewUrl\",\"description\":\"\",\"placeholder\":\"\",\"visible\":true,\"editable\":true},\"list\":{\"label\":\"previewUrl\",\"searchable\":true,\"sortable\":true}},\"provider\":{\"edit\":{\"label\":\"provider\",\"description\":\"\",\"placeholder\":\"\",\"visible\":true,\"editable\":true},\"list\":{\"label\":\"provider\",\"searchable\":true,\"sortable\":true}},\"provider_metadata\":{\"edit\":{\"label\":\"provider_metadata\",\"description\":\"\",\"placeholder\":\"\",\"visible\":true,\"editable\":true},\"list\":{\"label\":\"provider_metadata\",\"searchable\":false,\"sortable\":false}},\"folder\":{\"edit\":{\"label\":\"folder\",\"description\":\"\",\"placeholder\":\"\",\"visible\":true,\"editable\":true,\"mainField\":\"name\"},\"list\":{\"label\":\"folder\",\"searchable\":true,\"sortable\":true}},\"folderPath\":{\"edit\":{\"label\":\"folderPath\",\"description\":\"\",\"placeholder\":\"\",\"visible\":true,\"editable\":true},\"list\":{\"label\":\"folderPath\",\"searchable\":true,\"sortable\":true}},\"createdAt\":{\"edit\":{\"label\":\"createdAt\",\"description\":\"\",\"placeholder\":\"\",\"visible\":false,\"editable\":true},\"list\":{\"label\":\"createdAt\",\"searchable\":true,\"sortable\":true}},\"updatedAt\":{\"edit\":{\"label\":\"updatedAt\",\"description\":\"\",\"placeholder\":\"\",\"visible\":false,\"editable\":true},\"list\":{\"label\":\"updatedAt\",\"searchable\":true,\"sortable\":true}}},\"layouts\":{\"list\":[\"id\",\"name\",\"alternativeText\",\"caption\"],\"edit\":[[{\"name\":\"name\",\"size\":6},{\"name\":\"alternativeText\",\"size\":6}],[{\"name\":\"caption\",\"size\":6},{\"name\":\"width\",\"size\":4}],[{\"name\":\"height\",\"size\":4}],[{\"name\":\"formats\",\"size\":12}],[{\"name\":\"hash\",\"size\":6},{\"name\":\"ext\",\"size\":6}],[{\"name\":\"mime\",\"size\":6},{\"name\":\"size\",\"size\":4}],[{\"name\":\"url\",\"size\":6},{\"name\":\"previewUrl\",\"size\":6}],[{\"name\":\"provider\",\"size\":6}],[{\"name\":\"provider_metadata\",\"size\":12}],[{\"name\":\"folder\",\"size\":6},{\"name\":\"folderPath\",\"size\":6}]]}}', 'object', NULL, NULL),
(6, 'plugin_content_manager_configuration_content_types::admin::api-token', '{\"uid\":\"admin::api-token\",\"settings\":{\"bulkable\":true,\"filterable\":true,\"searchable\":true,\"pageSize\":10,\"mainField\":\"name\",\"defaultSortBy\":\"name\",\"defaultSortOrder\":\"ASC\"},\"metadatas\":{\"id\":{\"edit\":{},\"list\":{\"label\":\"id\",\"searchable\":true,\"sortable\":true}},\"name\":{\"edit\":{\"label\":\"name\",\"description\":\"\",\"placeholder\":\"\",\"visible\":true,\"editable\":true},\"list\":{\"label\":\"name\",\"searchable\":true,\"sortable\":true}},\"description\":{\"edit\":{\"label\":\"description\",\"description\":\"\",\"placeholder\":\"\",\"visible\":true,\"editable\":true},\"list\":{\"label\":\"description\",\"searchable\":true,\"sortable\":true}},\"type\":{\"edit\":{\"label\":\"type\",\"description\":\"\",\"placeholder\":\"\",\"visible\":true,\"editable\":true},\"list\":{\"label\":\"type\",\"searchable\":true,\"sortable\":true}},\"accessKey\":{\"edit\":{\"label\":\"accessKey\",\"description\":\"\",\"placeholder\":\"\",\"visible\":true,\"editable\":true},\"list\":{\"label\":\"accessKey\",\"searchable\":true,\"sortable\":true}},\"lastUsedAt\":{\"edit\":{\"label\":\"lastUsedAt\",\"description\":\"\",\"placeholder\":\"\",\"visible\":true,\"editable\":true},\"list\":{\"label\":\"lastUsedAt\",\"searchable\":true,\"sortable\":true}},\"permissions\":{\"edit\":{\"label\":\"permissions\",\"description\":\"\",\"placeholder\":\"\",\"visible\":true,\"editable\":true,\"mainField\":\"action\"},\"list\":{\"label\":\"permissions\",\"searchable\":false,\"sortable\":false}},\"expiresAt\":{\"edit\":{\"label\":\"expiresAt\",\"description\":\"\",\"placeholder\":\"\",\"visible\":true,\"editable\":true},\"list\":{\"label\":\"expiresAt\",\"searchable\":true,\"sortable\":true}},\"lifespan\":{\"edit\":{\"label\":\"lifespan\",\"description\":\"\",\"placeholder\":\"\",\"visible\":true,\"editable\":true},\"list\":{\"label\":\"lifespan\",\"searchable\":true,\"sortable\":true}},\"createdAt\":{\"edit\":{\"label\":\"createdAt\",\"description\":\"\",\"placeholder\":\"\",\"visible\":false,\"editable\":true},\"list\":{\"label\":\"createdAt\",\"searchable\":true,\"sortable\":true}},\"updatedAt\":{\"edit\":{\"label\":\"updatedAt\",\"description\":\"\",\"placeholder\":\"\",\"visible\":false,\"editable\":true},\"list\":{\"label\":\"updatedAt\",\"searchable\":true,\"sortable\":true}}},\"layouts\":{\"list\":[\"id\",\"name\",\"description\",\"type\"],\"edit\":[[{\"name\":\"name\",\"size\":6},{\"name\":\"description\",\"size\":6}],[{\"name\":\"type\",\"size\":6},{\"name\":\"accessKey\",\"size\":6}],[{\"name\":\"lastUsedAt\",\"size\":6},{\"name\":\"permissions\",\"size\":6}],[{\"name\":\"expiresAt\",\"size\":6},{\"name\":\"lifespan\",\"size\":4}]]}}', 'object', NULL, NULL),
(7, 'plugin_content_manager_configuration_content_types::admin::api-token-permission', '{\"uid\":\"admin::api-token-permission\",\"settings\":{\"bulkable\":true,\"filterable\":true,\"searchable\":true,\"pageSize\":10,\"mainField\":\"action\",\"defaultSortBy\":\"action\",\"defaultSortOrder\":\"ASC\"},\"metadatas\":{\"id\":{\"edit\":{},\"list\":{\"label\":\"id\",\"searchable\":true,\"sortable\":true}},\"action\":{\"edit\":{\"label\":\"action\",\"description\":\"\",\"placeholder\":\"\",\"visible\":true,\"editable\":true},\"list\":{\"label\":\"action\",\"searchable\":true,\"sortable\":true}},\"token\":{\"edit\":{\"label\":\"token\",\"description\":\"\",\"placeholder\":\"\",\"visible\":true,\"editable\":true,\"mainField\":\"name\"},\"list\":{\"label\":\"token\",\"searchable\":true,\"sortable\":true}},\"createdAt\":{\"edit\":{\"label\":\"createdAt\",\"description\":\"\",\"placeholder\":\"\",\"visible\":false,\"editable\":true},\"list\":{\"label\":\"createdAt\",\"searchable\":true,\"sortable\":true}},\"updatedAt\":{\"edit\":{\"label\":\"updatedAt\",\"description\":\"\",\"placeholder\":\"\",\"visible\":false,\"editable\":true},\"list\":{\"label\":\"updatedAt\",\"searchable\":true,\"sortable\":true}}},\"layouts\":{\"list\":[\"id\",\"action\",\"token\",\"createdAt\"],\"edit\":[[{\"name\":\"action\",\"size\":6},{\"name\":\"token\",\"size\":6}]]}}', 'object', NULL, NULL),
(8, 'plugin_content_manager_configuration_content_types::admin::transfer-token', '{\"uid\":\"admin::transfer-token\",\"settings\":{\"bulkable\":true,\"filterable\":true,\"searchable\":true,\"pageSize\":10,\"mainField\":\"name\",\"defaultSortBy\":\"name\",\"defaultSortOrder\":\"ASC\"},\"metadatas\":{\"id\":{\"edit\":{},\"list\":{\"label\":\"id\",\"searchable\":true,\"sortable\":true}},\"name\":{\"edit\":{\"label\":\"name\",\"description\":\"\",\"placeholder\":\"\",\"visible\":true,\"editable\":true},\"list\":{\"label\":\"name\",\"searchable\":true,\"sortable\":true}},\"description\":{\"edit\":{\"label\":\"description\",\"description\":\"\",\"placeholder\":\"\",\"visible\":true,\"editable\":true},\"list\":{\"label\":\"description\",\"searchable\":true,\"sortable\":true}},\"accessKey\":{\"edit\":{\"label\":\"accessKey\",\"description\":\"\",\"placeholder\":\"\",\"visible\":true,\"editable\":true},\"list\":{\"label\":\"accessKey\",\"searchable\":true,\"sortable\":true}},\"lastUsedAt\":{\"edit\":{\"label\":\"lastUsedAt\",\"description\":\"\",\"placeholder\":\"\",\"visible\":true,\"editable\":true},\"list\":{\"label\":\"lastUsedAt\",\"searchable\":true,\"sortable\":true}},\"permissions\":{\"edit\":{\"label\":\"permissions\",\"description\":\"\",\"placeholder\":\"\",\"visible\":true,\"editable\":true,\"mainField\":\"action\"},\"list\":{\"label\":\"permissions\",\"searchable\":false,\"sortable\":false}},\"expiresAt\":{\"edit\":{\"label\":\"expiresAt\",\"description\":\"\",\"placeholder\":\"\",\"visible\":true,\"editable\":true},\"list\":{\"label\":\"expiresAt\",\"searchable\":true,\"sortable\":true}},\"lifespan\":{\"edit\":{\"label\":\"lifespan\",\"description\":\"\",\"placeholder\":\"\",\"visible\":true,\"editable\":true},\"list\":{\"label\":\"lifespan\",\"searchable\":true,\"sortable\":true}},\"createdAt\":{\"edit\":{\"label\":\"createdAt\",\"description\":\"\",\"placeholder\":\"\",\"visible\":false,\"editable\":true},\"list\":{\"label\":\"createdAt\",\"searchable\":true,\"sortable\":true}},\"updatedAt\":{\"edit\":{\"label\":\"updatedAt\",\"description\":\"\",\"placeholder\":\"\",\"visible\":false,\"editable\":true},\"list\":{\"label\":\"updatedAt\",\"searchable\":true,\"sortable\":true}}},\"layouts\":{\"list\":[\"id\",\"name\",\"description\",\"accessKey\"],\"edit\":[[{\"name\":\"name\",\"size\":6},{\"name\":\"description\",\"size\":6}],[{\"name\":\"accessKey\",\"size\":6},{\"name\":\"lastUsedAt\",\"size\":6}],[{\"name\":\"permissions\",\"size\":6},{\"name\":\"expiresAt\",\"size\":6}],[{\"name\":\"lifespan\",\"size\":4}]]}}', 'object', NULL, NULL),
(9, 'plugin_content_manager_configuration_content_types::plugin::upload.folder', '{\"uid\":\"plugin::upload.folder\",\"settings\":{\"bulkable\":true,\"filterable\":true,\"searchable\":true,\"pageSize\":10,\"mainField\":\"name\",\"defaultSortBy\":\"name\",\"defaultSortOrder\":\"ASC\"},\"metadatas\":{\"id\":{\"edit\":{},\"list\":{\"label\":\"id\",\"searchable\":true,\"sortable\":true}},\"name\":{\"edit\":{\"label\":\"name\",\"description\":\"\",\"placeholder\":\"\",\"visible\":true,\"editable\":true},\"list\":{\"label\":\"name\",\"searchable\":true,\"sortable\":true}},\"pathId\":{\"edit\":{\"label\":\"pathId\",\"description\":\"\",\"placeholder\":\"\",\"visible\":true,\"editable\":true},\"list\":{\"label\":\"pathId\",\"searchable\":true,\"sortable\":true}},\"parent\":{\"edit\":{\"label\":\"parent\",\"description\":\"\",\"placeholder\":\"\",\"visible\":true,\"editable\":true,\"mainField\":\"name\"},\"list\":{\"label\":\"parent\",\"searchable\":true,\"sortable\":true}},\"children\":{\"edit\":{\"label\":\"children\",\"description\":\"\",\"placeholder\":\"\",\"visible\":true,\"editable\":true,\"mainField\":\"name\"},\"list\":{\"label\":\"children\",\"searchable\":false,\"sortable\":false}},\"files\":{\"edit\":{\"label\":\"files\",\"description\":\"\",\"placeholder\":\"\",\"visible\":true,\"editable\":true,\"mainField\":\"name\"},\"list\":{\"label\":\"files\",\"searchable\":false,\"sortable\":false}},\"path\":{\"edit\":{\"label\":\"path\",\"description\":\"\",\"placeholder\":\"\",\"visible\":true,\"editable\":true},\"list\":{\"label\":\"path\",\"searchable\":true,\"sortable\":true}},\"createdAt\":{\"edit\":{\"label\":\"createdAt\",\"description\":\"\",\"placeholder\":\"\",\"visible\":false,\"editable\":true},\"list\":{\"label\":\"createdAt\",\"searchable\":true,\"sortable\":true}},\"updatedAt\":{\"edit\":{\"label\":\"updatedAt\",\"description\":\"\",\"placeholder\":\"\",\"visible\":false,\"editable\":true},\"list\":{\"label\":\"updatedAt\",\"searchable\":true,\"sortable\":true}}},\"layouts\":{\"list\":[\"id\",\"name\",\"pathId\",\"parent\"],\"edit\":[[{\"name\":\"name\",\"size\":6},{\"name\":\"pathId\",\"size\":4}],[{\"name\":\"parent\",\"size\":6},{\"name\":\"children\",\"size\":6}],[{\"name\":\"files\",\"size\":6},{\"name\":\"path\",\"size\":6}]]}}', 'object', NULL, NULL),
(10, 'plugin_content_manager_configuration_content_types::admin::user', '{\"uid\":\"admin::user\",\"settings\":{\"bulkable\":true,\"filterable\":true,\"searchable\":true,\"pageSize\":10,\"mainField\":\"firstname\",\"defaultSortBy\":\"firstname\",\"defaultSortOrder\":\"ASC\"},\"metadatas\":{\"id\":{\"edit\":{},\"list\":{\"label\":\"id\",\"searchable\":true,\"sortable\":true}},\"firstname\":{\"edit\":{\"label\":\"firstname\",\"description\":\"\",\"placeholder\":\"\",\"visible\":true,\"editable\":true},\"list\":{\"label\":\"firstname\",\"searchable\":true,\"sortable\":true}},\"lastname\":{\"edit\":{\"label\":\"lastname\",\"description\":\"\",\"placeholder\":\"\",\"visible\":true,\"editable\":true},\"list\":{\"label\":\"lastname\",\"searchable\":true,\"sortable\":true}},\"username\":{\"edit\":{\"label\":\"username\",\"description\":\"\",\"placeholder\":\"\",\"visible\":true,\"editable\":true},\"list\":{\"label\":\"username\",\"searchable\":true,\"sortable\":true}},\"email\":{\"edit\":{\"label\":\"email\",\"description\":\"\",\"placeholder\":\"\",\"visible\":true,\"editable\":true},\"list\":{\"label\":\"email\",\"searchable\":true,\"sortable\":true}},\"password\":{\"edit\":{\"label\":\"password\",\"description\":\"\",\"placeholder\":\"\",\"visible\":true,\"editable\":true},\"list\":{\"label\":\"password\",\"searchable\":true,\"sortable\":true}},\"resetPasswordToken\":{\"edit\":{\"label\":\"resetPasswordToken\",\"description\":\"\",\"placeholder\":\"\",\"visible\":true,\"editable\":true},\"list\":{\"label\":\"resetPasswordToken\",\"searchable\":true,\"sortable\":true}},\"registrationToken\":{\"edit\":{\"label\":\"registrationToken\",\"description\":\"\",\"placeholder\":\"\",\"visible\":true,\"editable\":true},\"list\":{\"label\":\"registrationToken\",\"searchable\":true,\"sortable\":true}},\"isActive\":{\"edit\":{\"label\":\"isActive\",\"description\":\"\",\"placeholder\":\"\",\"visible\":true,\"editable\":true},\"list\":{\"label\":\"isActive\",\"searchable\":true,\"sortable\":true}},\"roles\":{\"edit\":{\"label\":\"roles\",\"description\":\"\",\"placeholder\":\"\",\"visible\":true,\"editable\":true,\"mainField\":\"name\"},\"list\":{\"label\":\"roles\",\"searchable\":false,\"sortable\":false}},\"blocked\":{\"edit\":{\"label\":\"blocked\",\"description\":\"\",\"placeholder\":\"\",\"visible\":true,\"editable\":true},\"list\":{\"label\":\"blocked\",\"searchable\":true,\"sortable\":true}},\"preferedLanguage\":{\"edit\":{\"label\":\"preferedLanguage\",\"description\":\"\",\"placeholder\":\"\",\"visible\":true,\"editable\":true},\"list\":{\"label\":\"preferedLanguage\",\"searchable\":true,\"sortable\":true}},\"createdAt\":{\"edit\":{\"label\":\"createdAt\",\"description\":\"\",\"placeholder\":\"\",\"visible\":false,\"editable\":true},\"list\":{\"label\":\"createdAt\",\"searchable\":true,\"sortable\":true}},\"updatedAt\":{\"edit\":{\"label\":\"updatedAt\",\"description\":\"\",\"placeholder\":\"\",\"visible\":false,\"editable\":true},\"list\":{\"label\":\"updatedAt\",\"searchable\":true,\"sortable\":true}}},\"layouts\":{\"list\":[\"id\",\"firstname\",\"lastname\",\"username\"],\"edit\":[[{\"name\":\"firstname\",\"size\":6},{\"name\":\"lastname\",\"size\":6}],[{\"name\":\"username\",\"size\":6},{\"name\":\"email\",\"size\":6}],[{\"name\":\"password\",\"size\":6},{\"name\":\"resetPasswordToken\",\"size\":6}],[{\"name\":\"registrationToken\",\"size\":6},{\"name\":\"isActive\",\"size\":4}],[{\"name\":\"roles\",\"size\":6},{\"name\":\"blocked\",\"size\":4}],[{\"name\":\"preferedLanguage\",\"size\":6}]]}}', 'object', NULL, NULL),
(11, 'plugin_content_manager_configuration_content_types::plugin::users-permissions.role', '{\"uid\":\"plugin::users-permissions.role\",\"settings\":{\"bulkable\":true,\"filterable\":true,\"searchable\":true,\"pageSize\":10,\"mainField\":\"name\",\"defaultSortBy\":\"name\",\"defaultSortOrder\":\"ASC\"},\"metadatas\":{\"id\":{\"edit\":{},\"list\":{\"label\":\"id\",\"searchable\":true,\"sortable\":true}},\"name\":{\"edit\":{\"label\":\"name\",\"description\":\"\",\"placeholder\":\"\",\"visible\":true,\"editable\":true},\"list\":{\"label\":\"name\",\"searchable\":true,\"sortable\":true}},\"description\":{\"edit\":{\"label\":\"description\",\"description\":\"\",\"placeholder\":\"\",\"visible\":true,\"editable\":true},\"list\":{\"label\":\"description\",\"searchable\":true,\"sortable\":true}},\"type\":{\"edit\":{\"label\":\"type\",\"description\":\"\",\"placeholder\":\"\",\"visible\":true,\"editable\":true},\"list\":{\"label\":\"type\",\"searchable\":true,\"sortable\":true}},\"permissions\":{\"edit\":{\"label\":\"permissions\",\"description\":\"\",\"placeholder\":\"\",\"visible\":true,\"editable\":true,\"mainField\":\"action\"},\"list\":{\"label\":\"permissions\",\"searchable\":false,\"sortable\":false}},\"users\":{\"edit\":{\"label\":\"users\",\"description\":\"\",\"placeholder\":\"\",\"visible\":true,\"editable\":true,\"mainField\":\"username\"},\"list\":{\"label\":\"users\",\"searchable\":false,\"sortable\":false}},\"createdAt\":{\"edit\":{\"label\":\"createdAt\",\"description\":\"\",\"placeholder\":\"\",\"visible\":false,\"editable\":true},\"list\":{\"label\":\"createdAt\",\"searchable\":true,\"sortable\":true}},\"updatedAt\":{\"edit\":{\"label\":\"updatedAt\",\"description\":\"\",\"placeholder\":\"\",\"visible\":false,\"editable\":true},\"list\":{\"label\":\"updatedAt\",\"searchable\":true,\"sortable\":true}}},\"layouts\":{\"list\":[\"id\",\"name\",\"description\",\"type\"],\"edit\":[[{\"name\":\"name\",\"size\":6},{\"name\":\"description\",\"size\":6}],[{\"name\":\"type\",\"size\":6},{\"name\":\"permissions\",\"size\":6}],[{\"name\":\"users\",\"size\":6}]]}}', 'object', NULL, NULL),
(12, 'plugin_content_manager_configuration_content_types::plugin::users-permissions.user', '{\"uid\":\"plugin::users-permissions.user\",\"settings\":{\"bulkable\":true,\"filterable\":true,\"searchable\":true,\"pageSize\":10,\"mainField\":\"username\",\"defaultSortBy\":\"username\",\"defaultSortOrder\":\"ASC\"},\"metadatas\":{\"id\":{\"edit\":{},\"list\":{\"label\":\"id\",\"searchable\":true,\"sortable\":true}},\"username\":{\"edit\":{\"label\":\"username\",\"description\":\"\",\"placeholder\":\"\",\"visible\":true,\"editable\":true},\"list\":{\"label\":\"username\",\"searchable\":true,\"sortable\":true}},\"email\":{\"edit\":{\"label\":\"email\",\"description\":\"\",\"placeholder\":\"\",\"visible\":true,\"editable\":true},\"list\":{\"label\":\"email\",\"searchable\":true,\"sortable\":true}},\"provider\":{\"edit\":{\"label\":\"provider\",\"description\":\"\",\"placeholder\":\"\",\"visible\":false,\"editable\":true},\"list\":{\"label\":\"provider\",\"searchable\":true,\"sortable\":true}},\"password\":{\"edit\":{\"label\":\"password\",\"description\":\"\",\"placeholder\":\"\",\"visible\":true,\"editable\":true},\"list\":{\"label\":\"password\",\"searchable\":true,\"sortable\":true}},\"resetPasswordToken\":{\"edit\":{\"label\":\"resetPasswordToken\",\"description\":\"\",\"placeholder\":\"\",\"visible\":false,\"editable\":true},\"list\":{\"label\":\"resetPasswordToken\",\"searchable\":true,\"sortable\":true}},\"confirmationToken\":{\"edit\":{\"label\":\"confirmationToken\",\"description\":\"\",\"placeholder\":\"\",\"visible\":false,\"editable\":true},\"list\":{\"label\":\"confirmationToken\",\"searchable\":true,\"sortable\":true}},\"confirmed\":{\"edit\":{\"label\":\"confirmed\",\"description\":\"\",\"placeholder\":\"\",\"visible\":true,\"editable\":true},\"list\":{\"label\":\"confirmed\",\"searchable\":true,\"sortable\":true}},\"blocked\":{\"edit\":{\"label\":\"blocked\",\"description\":\"\",\"placeholder\":\"\",\"visible\":true,\"editable\":true},\"list\":{\"label\":\"blocked\",\"searchable\":true,\"sortable\":true}},\"role\":{\"edit\":{\"label\":\"role\",\"description\":\"\",\"placeholder\":\"\",\"visible\":true,\"editable\":true,\"mainField\":\"name\"},\"list\":{\"label\":\"role\",\"searchable\":true,\"sortable\":true}},\"userRole\":{\"edit\":{\"label\":\"userRole\",\"description\":\"\",\"placeholder\":\"\",\"visible\":true,\"editable\":true},\"list\":{\"label\":\"userRole\",\"searchable\":true,\"sortable\":true}},\"phone\":{\"edit\":{\"label\":\"phone\",\"description\":\"\",\"placeholder\":\"\",\"visible\":true,\"editable\":true},\"list\":{\"label\":\"phone\",\"searchable\":true,\"sortable\":true}},\"address\":{\"edit\":{\"label\":\"address\",\"description\":\"\",\"placeholder\":\"\",\"visible\":true,\"editable\":true},\"list\":{\"label\":\"address\",\"searchable\":true,\"sortable\":true}},\"createdAt\":{\"edit\":{\"label\":\"createdAt\",\"description\":\"\",\"placeholder\":\"\",\"visible\":false,\"editable\":true},\"list\":{\"label\":\"createdAt\",\"searchable\":true,\"sortable\":true}},\"updatedAt\":{\"edit\":{\"label\":\"updatedAt\",\"description\":\"\",\"placeholder\":\"\",\"visible\":false,\"editable\":true},\"list\":{\"label\":\"updatedAt\",\"searchable\":true,\"sortable\":true}}},\"layouts\":{\"list\":[\"id\",\"username\",\"email\",\"confirmed\"],\"edit\":[[{\"name\":\"username\",\"size\":6},{\"name\":\"email\",\"size\":6}],[{\"name\":\"password\",\"size\":6},{\"name\":\"confirmed\",\"size\":4}],[{\"name\":\"blocked\",\"size\":4},{\"name\":\"role\",\"size\":6}],[{\"name\":\"userRole\",\"size\":6},{\"name\":\"phone\",\"size\":6}],[{\"name\":\"address\",\"size\":6}]]}}', 'object', NULL, NULL),
(13, 'plugin_content_manager_configuration_content_types::plugin::i18n.locale', '{\"uid\":\"plugin::i18n.locale\",\"settings\":{\"bulkable\":true,\"filterable\":true,\"searchable\":true,\"pageSize\":10,\"mainField\":\"name\",\"defaultSortBy\":\"name\",\"defaultSortOrder\":\"ASC\"},\"metadatas\":{\"id\":{\"edit\":{},\"list\":{\"label\":\"id\",\"searchable\":true,\"sortable\":true}},\"name\":{\"edit\":{\"label\":\"name\",\"description\":\"\",\"placeholder\":\"\",\"visible\":true,\"editable\":true},\"list\":{\"label\":\"name\",\"searchable\":true,\"sortable\":true}},\"code\":{\"edit\":{\"label\":\"code\",\"description\":\"\",\"placeholder\":\"\",\"visible\":true,\"editable\":true},\"list\":{\"label\":\"code\",\"searchable\":true,\"sortable\":true}},\"createdAt\":{\"edit\":{\"label\":\"createdAt\",\"description\":\"\",\"placeholder\":\"\",\"visible\":false,\"editable\":true},\"list\":{\"label\":\"createdAt\",\"searchable\":true,\"sortable\":true}},\"updatedAt\":{\"edit\":{\"label\":\"updatedAt\",\"description\":\"\",\"placeholder\":\"\",\"visible\":false,\"editable\":true},\"list\":{\"label\":\"updatedAt\",\"searchable\":true,\"sortable\":true}}},\"layouts\":{\"list\":[\"id\",\"name\",\"code\",\"createdAt\"],\"edit\":[[{\"name\":\"name\",\"size\":6},{\"name\":\"code\",\"size\":6}]]}}', 'object', NULL, NULL),
(14, 'plugin_content_manager_configuration_content_types::plugin::users-permissions.permission', '{\"uid\":\"plugin::users-permissions.permission\",\"settings\":{\"bulkable\":true,\"filterable\":true,\"searchable\":true,\"pageSize\":10,\"mainField\":\"action\",\"defaultSortBy\":\"action\",\"defaultSortOrder\":\"ASC\"},\"metadatas\":{\"id\":{\"edit\":{},\"list\":{\"label\":\"id\",\"searchable\":true,\"sortable\":true}},\"action\":{\"edit\":{\"label\":\"action\",\"description\":\"\",\"placeholder\":\"\",\"visible\":true,\"editable\":true},\"list\":{\"label\":\"action\",\"searchable\":true,\"sortable\":true}},\"role\":{\"edit\":{\"label\":\"role\",\"description\":\"\",\"placeholder\":\"\",\"visible\":true,\"editable\":true,\"mainField\":\"name\"},\"list\":{\"label\":\"role\",\"searchable\":true,\"sortable\":true}},\"createdAt\":{\"edit\":{\"label\":\"createdAt\",\"description\":\"\",\"placeholder\":\"\",\"visible\":false,\"editable\":true},\"list\":{\"label\":\"createdAt\",\"searchable\":true,\"sortable\":true}},\"updatedAt\":{\"edit\":{\"label\":\"updatedAt\",\"description\":\"\",\"placeholder\":\"\",\"visible\":false,\"editable\":true},\"list\":{\"label\":\"updatedAt\",\"searchable\":true,\"sortable\":true}}},\"layouts\":{\"list\":[\"id\",\"action\",\"role\",\"createdAt\"],\"edit\":[[{\"name\":\"action\",\"size\":6},{\"name\":\"role\",\"size\":6}]]}}', 'object', NULL, NULL),
(15, 'plugin_upload_settings', '{\"sizeOptimization\":true,\"responsiveDimensions\":true,\"autoOrientation\":false}', 'object', NULL, NULL),
(16, 'plugin_upload_view_configuration', '{\"pageSize\":10,\"sort\":\"createdAt:DESC\"}', 'object', NULL, NULL),
(17, 'plugin_upload_metrics', '{\"weeklySchedule\":\"56 39 21 * * 3\",\"lastWeeklyUpdate\":1683729596030}', 'object', NULL, NULL),
(18, 'plugin_users-permissions_grant', '{\"email\":{\"enabled\":true,\"icon\":\"envelope\"},\"discord\":{\"enabled\":false,\"icon\":\"discord\",\"key\":\"\",\"secret\":\"\",\"callback\":\"api/auth/discord/callback\",\"scope\":[\"identify\",\"email\"]},\"facebook\":{\"enabled\":false,\"icon\":\"facebook-square\",\"key\":\"\",\"secret\":\"\",\"callback\":\"api/auth/facebook/callback\",\"scope\":[\"email\"]},\"google\":{\"enabled\":false,\"icon\":\"google\",\"key\":\"\",\"secret\":\"\",\"callback\":\"api/auth/google/callback\",\"scope\":[\"email\"]},\"github\":{\"enabled\":false,\"icon\":\"github\",\"key\":\"\",\"secret\":\"\",\"callback\":\"api/auth/github/callback\",\"scope\":[\"user\",\"user:email\"]},\"microsoft\":{\"enabled\":false,\"icon\":\"windows\",\"key\":\"\",\"secret\":\"\",\"callback\":\"api/auth/microsoft/callback\",\"scope\":[\"user.read\"]},\"twitter\":{\"enabled\":false,\"icon\":\"twitter\",\"key\":\"\",\"secret\":\"\",\"callback\":\"api/auth/twitter/callback\"},\"instagram\":{\"enabled\":false,\"icon\":\"instagram\",\"key\":\"\",\"secret\":\"\",\"callback\":\"api/auth/instagram/callback\",\"scope\":[\"user_profile\"]},\"vk\":{\"enabled\":false,\"icon\":\"vk\",\"key\":\"\",\"secret\":\"\",\"callback\":\"api/auth/vk/callback\",\"scope\":[\"email\"]},\"twitch\":{\"enabled\":false,\"icon\":\"twitch\",\"key\":\"\",\"secret\":\"\",\"callback\":\"api/auth/twitch/callback\",\"scope\":[\"user:read:email\"]},\"linkedin\":{\"enabled\":false,\"icon\":\"linkedin\",\"key\":\"\",\"secret\":\"\",\"callback\":\"api/auth/linkedin/callback\",\"scope\":[\"r_liteprofile\",\"r_emailaddress\"]},\"cognito\":{\"enabled\":false,\"icon\":\"aws\",\"key\":\"\",\"secret\":\"\",\"subdomain\":\"my.subdomain.com\",\"callback\":\"api/auth/cognito/callback\",\"scope\":[\"email\",\"openid\",\"profile\"]},\"reddit\":{\"enabled\":false,\"icon\":\"reddit\",\"key\":\"\",\"secret\":\"\",\"state\":true,\"callback\":\"api/auth/reddit/callback\",\"scope\":[\"identity\"]},\"auth0\":{\"enabled\":false,\"icon\":\"\",\"key\":\"\",\"secret\":\"\",\"subdomain\":\"my-tenant.eu\",\"callback\":\"api/auth/auth0/callback\",\"scope\":[\"openid\",\"email\",\"profile\"]},\"cas\":{\"enabled\":false,\"icon\":\"book\",\"key\":\"\",\"secret\":\"\",\"callback\":\"api/auth/cas/callback\",\"scope\":[\"openid email\"],\"subdomain\":\"my.subdomain.com/cas\"},\"patreon\":{\"enabled\":false,\"icon\":\"\",\"key\":\"\",\"secret\":\"\",\"callback\":\"api/auth/patreon/callback\",\"scope\":[\"identity\",\"identity[email]\"]}}', 'object', NULL, NULL),
(19, 'plugin_users-permissions_email', '{\"reset_password\":{\"display\":\"Email.template.reset_password\",\"icon\":\"sync\",\"options\":{\"from\":{\"name\":\"Administration Panel\",\"email\":\"no-reply@strapi.io\"},\"response_email\":\"\",\"object\":\"Reset password\",\"message\":\"<p>We heard that you lost your password. Sorry about that!</p>\\n\\n<p>But dont worry! You can use the following link to reset your password:</p>\\n<p><%= URL %>?code=<%= TOKEN %></p>\\n\\n<p>Thanks.</p>\"}},\"email_confirmation\":{\"display\":\"Email.template.email_confirmation\",\"icon\":\"check-square\",\"options\":{\"from\":{\"name\":\"Administration Panel\",\"email\":\"no-reply@strapi.io\"},\"response_email\":\"\",\"object\":\"Account confirmation\",\"message\":\"<p>Thank you for registering!</p>\\n\\n<p>You have to confirm your email address. Please click on the link below.</p>\\n\\n<p><%= URL %>?confirmation=<%= CODE %></p>\\n\\n<p>Thanks.</p>\"}}}', 'object', NULL, NULL),
(20, 'plugin_users-permissions_advanced', '{\"unique_email\":true,\"allow_register\":true,\"email_confirmation\":false,\"email_reset_password\":null,\"email_confirmation_redirection\":null,\"default_role\":\"authenticated\"}', 'object', NULL, NULL),
(21, 'plugin_i18n_default_locale', '\"en\"', 'string', NULL, NULL),
(22, 'core_admin_auth', '{\"providers\":{\"autoRegister\":false,\"defaultRole\":null}}', 'object', NULL, NULL),
(23, 'plugin_content_manager_configuration_content_types::api::product.product', '{\"uid\":\"api::product.product\",\"settings\":{\"bulkable\":true,\"filterable\":true,\"searchable\":true,\"pageSize\":10,\"mainField\":\"name\",\"defaultSortBy\":\"name\",\"defaultSortOrder\":\"ASC\"},\"metadatas\":{\"id\":{\"edit\":{},\"list\":{\"label\":\"id\",\"searchable\":true,\"sortable\":true}},\"name\":{\"edit\":{\"label\":\"name\",\"description\":\"\",\"placeholder\":\"\",\"visible\":true,\"editable\":true},\"list\":{\"label\":\"name\",\"searchable\":true,\"sortable\":true}},\"subtitle\":{\"edit\":{\"label\":\"subtitle\",\"description\":\"\",\"placeholder\":\"\",\"visible\":true,\"editable\":true},\"list\":{\"label\":\"subtitle\",\"searchable\":true,\"sortable\":true}},\"price\":{\"edit\":{\"label\":\"price\",\"description\":\"\",\"placeholder\":\"\",\"visible\":true,\"editable\":true},\"list\":{\"label\":\"price\",\"searchable\":true,\"sortable\":true}},\"description\":{\"edit\":{\"label\":\"description\",\"description\":\"\",\"placeholder\":\"\",\"visible\":true,\"editable\":true},\"list\":{\"label\":\"description\",\"searchable\":false,\"sortable\":false}},\"image\":{\"edit\":{\"label\":\"image\",\"description\":\"\",\"placeholder\":\"\",\"visible\":true,\"editable\":true},\"list\":{\"label\":\"image\",\"searchable\":false,\"sortable\":false}},\"thumbnail\":{\"edit\":{\"label\":\"thumbnail\",\"description\":\"\",\"placeholder\":\"\",\"visible\":true,\"editable\":true},\"list\":{\"label\":\"thumbnail\",\"searchable\":false,\"sortable\":false}},\"original_price\":{\"edit\":{\"label\":\"original_price\",\"description\":\"\",\"placeholder\":\"\",\"visible\":true,\"editable\":true},\"list\":{\"label\":\"original_price\",\"searchable\":true,\"sortable\":true}},\"slug\":{\"edit\":{\"label\":\"slug\",\"description\":\"\",\"placeholder\":\"\",\"visible\":true,\"editable\":true},\"list\":{\"label\":\"slug\",\"searchable\":true,\"sortable\":true}},\"categories\":{\"edit\":{\"label\":\"categories\",\"description\":\"\",\"placeholder\":\"\",\"visible\":true,\"editable\":true,\"mainField\":\"name\"},\"list\":{\"label\":\"categories\",\"searchable\":false,\"sortable\":false}},\"sizes\":{\"edit\":{\"label\":\"sizes\",\"description\":\"\",\"placeholder\":\"\",\"visible\":true,\"editable\":true},\"list\":{\"label\":\"sizes\",\"searchable\":false,\"sortable\":false}},\"cards\":{\"edit\":{\"label\":\"cards\",\"description\":\"\",\"placeholder\":\"\",\"visible\":true,\"editable\":true,\"mainField\":\"id\"},\"list\":{\"label\":\"cards\",\"searchable\":false,\"sortable\":false}},\"createdAt\":{\"edit\":{\"label\":\"createdAt\",\"description\":\"\",\"placeholder\":\"\",\"visible\":false,\"editable\":true},\"list\":{\"label\":\"createdAt\",\"searchable\":true,\"sortable\":true}},\"updatedAt\":{\"edit\":{\"label\":\"updatedAt\",\"description\":\"\",\"placeholder\":\"\",\"visible\":false,\"editable\":true},\"list\":{\"label\":\"updatedAt\",\"searchable\":true,\"sortable\":true}}},\"layouts\":{\"list\":[\"id\",\"name\",\"subtitle\",\"price\"],\"edit\":[[{\"name\":\"name\",\"size\":6},{\"name\":\"subtitle\",\"size\":6}],[{\"name\":\"price\",\"size\":4}],[{\"name\":\"description\",\"size\":12}],[{\"name\":\"image\",\"size\":6},{\"name\":\"thumbnail\",\"size\":6}],[{\"name\":\"original_price\",\"size\":4},{\"name\":\"slug\",\"size\":6}],[{\"name\":\"categories\",\"size\":6}],[{\"name\":\"sizes\",\"size\":12}],[{\"name\":\"cards\",\"size\":6}]]}}', 'object', NULL, NULL),
(24, 'plugin_content_manager_configuration_content_types::api::category.category', '{\"uid\":\"api::category.category\",\"settings\":{\"bulkable\":true,\"filterable\":true,\"searchable\":true,\"pageSize\":10,\"mainField\":\"name\",\"defaultSortBy\":\"name\",\"defaultSortOrder\":\"ASC\"},\"metadatas\":{\"id\":{\"edit\":{},\"list\":{\"label\":\"id\",\"searchable\":true,\"sortable\":true}},\"name\":{\"edit\":{\"label\":\"name\",\"description\":\"\",\"placeholder\":\"\",\"visible\":true,\"editable\":true},\"list\":{\"label\":\"name\",\"searchable\":true,\"sortable\":true}},\"slug\":{\"edit\":{\"label\":\"slug\",\"description\":\"\",\"placeholder\":\"\",\"visible\":true,\"editable\":true},\"list\":{\"label\":\"slug\",\"searchable\":true,\"sortable\":true}},\"products\":{\"edit\":{\"label\":\"products\",\"description\":\"\",\"placeholder\":\"\",\"visible\":true,\"editable\":true,\"mainField\":\"name\"},\"list\":{\"label\":\"products\",\"searchable\":false,\"sortable\":false}},\"createdAt\":{\"edit\":{\"label\":\"createdAt\",\"description\":\"\",\"placeholder\":\"\",\"visible\":false,\"editable\":true},\"list\":{\"label\":\"createdAt\",\"searchable\":true,\"sortable\":true}},\"updatedAt\":{\"edit\":{\"label\":\"updatedAt\",\"description\":\"\",\"placeholder\":\"\",\"visible\":false,\"editable\":true},\"list\":{\"label\":\"updatedAt\",\"searchable\":true,\"sortable\":true}}},\"layouts\":{\"list\":[\"id\",\"name\",\"slug\",\"products\"],\"edit\":[[{\"name\":\"name\",\"size\":6},{\"name\":\"slug\",\"size\":6}],[{\"name\":\"products\",\"size\":6}]]}}', 'object', NULL, NULL),
(25, 'plugin_content_manager_configuration_content_types::api::order.order', '{\"uid\":\"api::order.order\",\"settings\":{\"bulkable\":true,\"filterable\":true,\"searchable\":true,\"pageSize\":10,\"mainField\":\"address\",\"defaultSortBy\":\"address\",\"defaultSortOrder\":\"ASC\"},\"metadatas\":{\"id\":{\"edit\":{},\"list\":{\"label\":\"id\",\"searchable\":true,\"sortable\":true}},\"user\":{\"edit\":{\"label\":\"user\",\"description\":\"\",\"placeholder\":\"\",\"visible\":true,\"editable\":true,\"mainField\":\"username\"},\"list\":{\"label\":\"user\",\"searchable\":true,\"sortable\":true}},\"totalPrice\":{\"edit\":{\"label\":\"totalPrice\",\"description\":\"\",\"placeholder\":\"\",\"visible\":true,\"editable\":true},\"list\":{\"label\":\"totalPrice\",\"searchable\":true,\"sortable\":true}},\"address\":{\"edit\":{\"label\":\"address\",\"description\":\"\",\"placeholder\":\"\",\"visible\":true,\"editable\":true},\"list\":{\"label\":\"address\",\"searchable\":true,\"sortable\":true}},\"paymentMethod\":{\"edit\":{\"label\":\"paymentMethod\",\"description\":\"\",\"placeholder\":\"\",\"visible\":true,\"editable\":true},\"list\":{\"label\":\"paymentMethod\",\"searchable\":true,\"sortable\":true}},\"product\":{\"edit\":{\"label\":\"product\",\"description\":\"\",\"placeholder\":\"\",\"visible\":true,\"editable\":true},\"list\":{\"label\":\"product\",\"searchable\":false,\"sortable\":false}},\"status\":{\"edit\":{\"label\":\"status\",\"description\":\"\",\"placeholder\":\"\",\"visible\":true,\"editable\":true},\"list\":{\"label\":\"status\",\"searchable\":true,\"sortable\":true}},\"listProducts\":{\"edit\":{\"label\":\"listProducts\",\"description\":\"\",\"placeholder\":\"\",\"visible\":true,\"editable\":true},\"list\":{\"label\":\"listProducts\",\"searchable\":false,\"sortable\":false}},\"name\":{\"edit\":{\"label\":\"name\",\"description\":\"\",\"placeholder\":\"\",\"visible\":true,\"editable\":true},\"list\":{\"label\":\"name\",\"searchable\":true,\"sortable\":true}},\"email\":{\"edit\":{\"label\":\"email\",\"description\":\"\",\"placeholder\":\"\",\"visible\":true,\"editable\":true},\"list\":{\"label\":\"email\",\"searchable\":true,\"sortable\":true}},\"phone\":{\"edit\":{\"label\":\"phone\",\"description\":\"\",\"placeholder\":\"\",\"visible\":true,\"editable\":true},\"list\":{\"label\":\"phone\",\"searchable\":true,\"sortable\":true}},\"orderId\":{\"edit\":{\"label\":\"orderId\",\"description\":\"\",\"placeholder\":\"\",\"visible\":true,\"editable\":true},\"list\":{\"label\":\"orderId\",\"searchable\":true,\"sortable\":true}},\"userId\":{\"edit\":{\"label\":\"userId\",\"description\":\"\",\"placeholder\":\"\",\"visible\":true,\"editable\":true},\"list\":{\"label\":\"userId\",\"searchable\":true,\"sortable\":true}},\"createdAt\":{\"edit\":{\"label\":\"createdAt\",\"description\":\"\",\"placeholder\":\"\",\"visible\":false,\"editable\":true},\"list\":{\"label\":\"createdAt\",\"searchable\":true,\"sortable\":true}},\"updatedAt\":{\"edit\":{\"label\":\"updatedAt\",\"description\":\"\",\"placeholder\":\"\",\"visible\":false,\"editable\":true},\"list\":{\"label\":\"updatedAt\",\"searchable\":true,\"sortable\":true}}},\"layouts\":{\"list\":[\"id\",\"createdAt\",\"updatedAt\",\"name\"],\"edit\":[[{\"name\":\"user\",\"size\":6},{\"name\":\"totalPrice\",\"size\":4}],[{\"name\":\"address\",\"size\":6},{\"name\":\"paymentMethod\",\"size\":6}],[{\"name\":\"product\",\"size\":12}],[{\"name\":\"status\",\"size\":6}],[{\"name\":\"listProducts\",\"size\":12}],[{\"name\":\"name\",\"size\":6},{\"name\":\"email\",\"size\":6}],[{\"name\":\"phone\",\"size\":6},{\"name\":\"orderId\",\"size\":6}],[{\"name\":\"userId\",\"size\":6}]]}}', 'object', NULL, NULL),
(26, 'plugin_content_manager_configuration_components::product.list-products', '{\"uid\":\"product.list-products\",\"settings\":{\"bulkable\":true,\"filterable\":true,\"searchable\":true,\"pageSize\":10,\"mainField\":\"id\",\"defaultSortBy\":\"id\",\"defaultSortOrder\":\"ASC\"},\"metadatas\":{\"id\":{\"edit\":{},\"list\":{\"label\":\"id\",\"searchable\":false,\"sortable\":false}},\"count\":{\"edit\":{\"label\":\"count\",\"description\":\"\",\"placeholder\":\"\",\"visible\":true,\"editable\":true},\"list\":{\"label\":\"count\",\"searchable\":true,\"sortable\":true}},\"price\":{\"edit\":{\"label\":\"price\",\"description\":\"\",\"placeholder\":\"\",\"visible\":true,\"editable\":true},\"list\":{\"label\":\"price\",\"searchable\":true,\"sortable\":true}},\"product\":{\"edit\":{\"label\":\"product\",\"description\":\"\",\"placeholder\":\"\",\"visible\":true,\"editable\":true,\"mainField\":\"name\"},\"list\":{\"label\":\"product\",\"searchable\":true,\"sortable\":true}}},\"layouts\":{\"list\":[\"id\",\"count\",\"price\",\"product\"],\"edit\":[[{\"name\":\"count\",\"size\":4},{\"name\":\"price\",\"size\":4}],[{\"name\":\"product\",\"size\":6}]]},\"isComponent\":true}', 'object', NULL, NULL),
(27, 'plugin_documentation_config', '{\"restrictedAccess\":false}', 'object', NULL, NULL),
(29, 'plugin_content_manager_configuration_components::size.sizes', '{\"uid\":\"size.sizes\",\"settings\":{\"bulkable\":true,\"filterable\":true,\"searchable\":true,\"pageSize\":10,\"mainField\":\"name\",\"defaultSortBy\":\"name\",\"defaultSortOrder\":\"ASC\"},\"metadatas\":{\"id\":{\"edit\":{},\"list\":{\"label\":\"id\",\"searchable\":false,\"sortable\":false}},\"name\":{\"edit\":{\"label\":\"name\",\"description\":\"\",\"placeholder\":\"\",\"visible\":true,\"editable\":true},\"list\":{\"label\":\"name\",\"searchable\":true,\"sortable\":true}},\"stock\":{\"edit\":{\"label\":\"stock\",\"description\":\"\",\"placeholder\":\"\",\"visible\":true,\"editable\":true},\"list\":{\"label\":\"stock\",\"searchable\":true,\"sortable\":true}}},\"layouts\":{\"list\":[\"id\",\"name\",\"stock\"],\"edit\":[[{\"name\":\"name\",\"size\":6},{\"name\":\"stock\",\"size\":4}]]},\"isComponent\":true}', 'object', NULL, NULL),
(30, 'plugin_upload_api-folder', '{\"id\":1}', 'object', NULL, NULL),
(31, 'plugin_content_manager_configuration_content_types::api::card.card', '{\"uid\":\"api::card.card\",\"settings\":{\"bulkable\":true,\"filterable\":true,\"searchable\":true,\"pageSize\":10,\"mainField\":\"id\",\"defaultSortBy\":\"id\",\"defaultSortOrder\":\"ASC\"},\"metadatas\":{\"id\":{\"edit\":{},\"list\":{\"label\":\"id\",\"searchable\":true,\"sortable\":true}},\"products\":{\"edit\":{\"label\":\"products\",\"description\":\"\",\"placeholder\":\"\",\"visible\":true,\"editable\":true,\"mainField\":\"name\"},\"list\":{\"label\":\"products\",\"searchable\":false,\"sortable\":false}},\"users_permissions_user\":{\"edit\":{\"label\":\"users_permissions_user\",\"description\":\"\",\"placeholder\":\"\",\"visible\":true,\"editable\":true,\"mainField\":\"username\"},\"list\":{\"label\":\"users_permissions_user\",\"searchable\":true,\"sortable\":true}},\"listProduct\":{\"edit\":{\"label\":\"listProduct\",\"description\":\"\",\"placeholder\":\"\",\"visible\":true,\"editable\":true},\"list\":{\"label\":\"listProduct\",\"searchable\":false,\"sortable\":false}},\"productId\":{\"edit\":{\"label\":\"productId\",\"description\":\"\",\"placeholder\":\"\",\"visible\":true,\"editable\":true},\"list\":{\"label\":\"productId\",\"searchable\":true,\"sortable\":true}},\"size\":{\"edit\":{\"label\":\"size\",\"description\":\"\",\"placeholder\":\"\",\"visible\":true,\"editable\":true},\"list\":{\"label\":\"size\",\"searchable\":true,\"sortable\":true}},\"stock\":{\"edit\":{\"label\":\"stock\",\"description\":\"\",\"placeholder\":\"\",\"visible\":true,\"editable\":true},\"list\":{\"label\":\"stock\",\"searchable\":true,\"sortable\":true}},\"userId\":{\"edit\":{\"label\":\"userId\",\"description\":\"\",\"placeholder\":\"\",\"visible\":true,\"editable\":true},\"list\":{\"label\":\"userId\",\"searchable\":true,\"sortable\":true}},\"oneQuantityPrice\":{\"edit\":{\"label\":\"oneQuantityPrice\",\"description\":\"\",\"placeholder\":\"\",\"visible\":true,\"editable\":true},\"list\":{\"label\":\"oneQuantityPrice\",\"searchable\":true,\"sortable\":true}},\"createdAt\":{\"edit\":{\"label\":\"createdAt\",\"description\":\"\",\"placeholder\":\"\",\"visible\":false,\"editable\":true},\"list\":{\"label\":\"createdAt\",\"searchable\":true,\"sortable\":true}},\"updatedAt\":{\"edit\":{\"label\":\"updatedAt\",\"description\":\"\",\"placeholder\":\"\",\"visible\":false,\"editable\":true},\"list\":{\"label\":\"updatedAt\",\"searchable\":true,\"sortable\":true}}},\"layouts\":{\"list\":[\"id\",\"products\",\"createdAt\",\"users_permissions_user\"],\"edit\":[[{\"name\":\"products\",\"size\":6},{\"name\":\"users_permissions_user\",\"size\":6}],[{\"name\":\"listProduct\",\"size\":12}],[{\"name\":\"productId\",\"size\":6},{\"name\":\"size\",\"size\":6}],[{\"name\":\"stock\",\"size\":6},{\"name\":\"userId\",\"size\":6}],[{\"name\":\"oneQuantityPrice\",\"size\":6}]]}}', 'object', NULL, NULL);
INSERT INTO `strapi_core_store_settings` (`id`, `key`, `value`, `type`, `environment`, `tag`) VALUES
(32, 'plugin_content_manager_configuration_components::cart-product.cart-product', '{\"uid\":\"cart-product.cart-product\",\"settings\":{\"bulkable\":true,\"filterable\":true,\"searchable\":true,\"pageSize\":10,\"mainField\":\"id\",\"defaultSortBy\":\"id\",\"defaultSortOrder\":\"ASC\"},\"metadatas\":{\"id\":{\"edit\":{},\"list\":{\"label\":\"id\",\"searchable\":false,\"sortable\":false}},\"products\":{\"edit\":{\"label\":\"products\",\"description\":\"\",\"placeholder\":\"\",\"visible\":true,\"editable\":true,\"mainField\":\"name\"},\"list\":{\"label\":\"products\",\"searchable\":false,\"sortable\":false}},\"size\":{\"edit\":{\"label\":\"size\",\"description\":\"\",\"placeholder\":\"\",\"visible\":true,\"editable\":true},\"list\":{\"label\":\"size\",\"searchable\":false,\"sortable\":false}}},\"layouts\":{\"list\":[\"id\",\"products\",\"size\"],\"edit\":[[{\"name\":\"products\",\"size\":6}],[{\"name\":\"size\",\"size\":12}]]},\"isComponent\":true}', 'object', NULL, NULL),
(33, 'plugin_content_manager_configuration_components::cart-data.cart-data', '{\"uid\":\"cart-data.cart-data\",\"settings\":{\"bulkable\":true,\"filterable\":true,\"searchable\":true,\"pageSize\":10,\"mainField\":\"productId\",\"defaultSortBy\":\"productId\",\"defaultSortOrder\":\"ASC\"},\"metadatas\":{\"id\":{\"edit\":{},\"list\":{\"label\":\"id\",\"searchable\":false,\"sortable\":false}},\"productId\":{\"edit\":{\"label\":\"productId\",\"description\":\"\",\"placeholder\":\"\",\"visible\":true,\"editable\":true},\"list\":{\"label\":\"productId\",\"searchable\":true,\"sortable\":true}},\"size\":{\"edit\":{\"label\":\"size\",\"description\":\"\",\"placeholder\":\"\",\"visible\":true,\"editable\":true},\"list\":{\"label\":\"size\",\"searchable\":false,\"sortable\":false}}},\"layouts\":{\"list\":[\"id\",\"productId\",\"size\"],\"edit\":[[{\"name\":\"productId\",\"size\":6}],[{\"name\":\"size\",\"size\":12}]]},\"isComponent\":true}', 'object', NULL, NULL),
(34, 'plugin_content_manager_configuration_content_types::api::address.address', '{\"uid\":\"api::address.address\",\"settings\":{\"bulkable\":true,\"filterable\":true,\"searchable\":true,\"pageSize\":10,\"mainField\":\"userId\",\"defaultSortBy\":\"userId\",\"defaultSortOrder\":\"ASC\"},\"metadatas\":{\"id\":{\"edit\":{},\"list\":{\"label\":\"id\",\"searchable\":true,\"sortable\":true}},\"userId\":{\"edit\":{\"label\":\"userId\",\"description\":\"\",\"placeholder\":\"\",\"visible\":true,\"editable\":true},\"list\":{\"label\":\"userId\",\"searchable\":true,\"sortable\":true}},\"address\":{\"edit\":{\"label\":\"address\",\"description\":\"\",\"placeholder\":\"\",\"visible\":true,\"editable\":true},\"list\":{\"label\":\"address\",\"searchable\":false,\"sortable\":false}},\"createdAt\":{\"edit\":{\"label\":\"createdAt\",\"description\":\"\",\"placeholder\":\"\",\"visible\":false,\"editable\":true},\"list\":{\"label\":\"createdAt\",\"searchable\":true,\"sortable\":true}},\"updatedAt\":{\"edit\":{\"label\":\"updatedAt\",\"description\":\"\",\"placeholder\":\"\",\"visible\":false,\"editable\":true},\"list\":{\"label\":\"updatedAt\",\"searchable\":true,\"sortable\":true}}},\"layouts\":{\"list\":[\"id\",\"userId\",\"createdAt\",\"updatedAt\"],\"edit\":[[{\"name\":\"userId\",\"size\":6}],[{\"name\":\"address\",\"size\":12}]]}}', 'object', NULL, NULL),
(35, 'plugin_content_manager_configuration_content_types::api::favorite-product.favorite-product', '{\"uid\":\"api::favorite-product.favorite-product\",\"settings\":{\"bulkable\":true,\"filterable\":true,\"searchable\":true,\"pageSize\":10,\"mainField\":\"userId\",\"defaultSortBy\":\"userId\",\"defaultSortOrder\":\"ASC\"},\"metadatas\":{\"id\":{\"edit\":{},\"list\":{\"label\":\"id\",\"searchable\":true,\"sortable\":true}},\"userId\":{\"edit\":{\"label\":\"userId\",\"description\":\"\",\"placeholder\":\"\",\"visible\":true,\"editable\":true},\"list\":{\"label\":\"userId\",\"searchable\":true,\"sortable\":true}},\"productId\":{\"edit\":{\"label\":\"productId\",\"description\":\"\",\"placeholder\":\"\",\"visible\":true,\"editable\":true},\"list\":{\"label\":\"productId\",\"searchable\":true,\"sortable\":true}},\"createdAt\":{\"edit\":{\"label\":\"createdAt\",\"description\":\"\",\"placeholder\":\"\",\"visible\":false,\"editable\":true},\"list\":{\"label\":\"createdAt\",\"searchable\":true,\"sortable\":true}},\"updatedAt\":{\"edit\":{\"label\":\"updatedAt\",\"description\":\"\",\"placeholder\":\"\",\"visible\":false,\"editable\":true},\"list\":{\"label\":\"updatedAt\",\"searchable\":true,\"sortable\":true}}},\"layouts\":{\"list\":[\"id\",\"userId\",\"productId\",\"createdAt\"],\"edit\":[[{\"name\":\"userId\",\"size\":6},{\"name\":\"productId\",\"size\":6}]]}}', 'object', NULL, NULL),
(36, 'plugin_content_manager_configuration_content_types::api::comment.comment', '{\"uid\":\"api::comment.comment\",\"settings\":{\"bulkable\":true,\"filterable\":true,\"searchable\":true,\"pageSize\":10,\"mainField\":\"productId\",\"defaultSortBy\":\"productId\",\"defaultSortOrder\":\"ASC\"},\"metadatas\":{\"id\":{\"edit\":{},\"list\":{\"label\":\"id\",\"searchable\":true,\"sortable\":true}},\"productId\":{\"edit\":{\"label\":\"productId\",\"description\":\"\",\"placeholder\":\"\",\"visible\":true,\"editable\":true},\"list\":{\"label\":\"productId\",\"searchable\":true,\"sortable\":true}},\"userId\":{\"edit\":{\"label\":\"userId\",\"description\":\"\",\"placeholder\":\"\",\"visible\":true,\"editable\":true},\"list\":{\"label\":\"userId\",\"searchable\":true,\"sortable\":true}},\"comment\":{\"edit\":{\"label\":\"comment\",\"description\":\"\",\"placeholder\":\"\",\"visible\":true,\"editable\":true},\"list\":{\"label\":\"comment\",\"searchable\":true,\"sortable\":true}},\"users_permissions_user\":{\"edit\":{\"label\":\"users_permissions_user\",\"description\":\"\",\"placeholder\":\"\",\"visible\":true,\"editable\":true,\"mainField\":\"username\"},\"list\":{\"label\":\"users_permissions_user\",\"searchable\":true,\"sortable\":true}},\"createdAt\":{\"edit\":{\"label\":\"createdAt\",\"description\":\"\",\"placeholder\":\"\",\"visible\":false,\"editable\":true},\"list\":{\"label\":\"createdAt\",\"searchable\":true,\"sortable\":true}},\"updatedAt\":{\"edit\":{\"label\":\"updatedAt\",\"description\":\"\",\"placeholder\":\"\",\"visible\":false,\"editable\":true},\"list\":{\"label\":\"updatedAt\",\"searchable\":true,\"sortable\":true}}},\"layouts\":{\"list\":[\"id\",\"productId\",\"userId\",\"comment\"],\"edit\":[[{\"name\":\"productId\",\"size\":6},{\"name\":\"userId\",\"size\":6}],[{\"name\":\"comment\",\"size\":6},{\"name\":\"users_permissions_user\",\"size\":6}]]}}', 'object', NULL, NULL);

-- --------------------------------------------------------

--
-- Table structure for table `strapi_database_schema`
--

CREATE TABLE `strapi_database_schema` (
  `id` int(10) UNSIGNED NOT NULL,
  `schema` longtext CHARACTER SET utf8mb4 COLLATE utf8mb4_bin DEFAULT NULL CHECK (json_valid(`schema`)),
  `time` datetime DEFAULT NULL,
  `hash` varchar(255) DEFAULT NULL
) ENGINE=InnoDB DEFAULT CHARSET=utf8mb4;

--
-- Dumping data for table `strapi_database_schema`
--

INSERT INTO `strapi_database_schema` (`id`, `schema`, `time`, `hash`) VALUES
(114, '{\"tables\":[{\"name\":\"strapi_core_store_settings\",\"indexes\":[],\"foreignKeys\":[],\"columns\":[{\"name\":\"id\",\"type\":\"increments\",\"args\":[{\"primary\":true,\"primaryKey\":true}],\"defaultTo\":null,\"notNullable\":true,\"unsigned\":false},{\"name\":\"key\",\"type\":\"string\",\"args\":[],\"defaultTo\":null,\"notNullable\":false,\"unsigned\":false},{\"name\":\"value\",\"type\":\"text\",\"args\":[\"longtext\"],\"defaultTo\":null,\"notNullable\":false,\"unsigned\":false},{\"name\":\"type\",\"type\":\"string\",\"args\":[],\"defaultTo\":null,\"notNullable\":false,\"unsigned\":false},{\"name\":\"environment\",\"type\":\"string\",\"args\":[],\"defaultTo\":null,\"notNullable\":false,\"unsigned\":false},{\"name\":\"tag\",\"type\":\"string\",\"args\":[],\"defaultTo\":null,\"notNullable\":false,\"unsigned\":false}]},{\"name\":\"strapi_webhooks\",\"indexes\":[],\"foreignKeys\":[],\"columns\":[{\"name\":\"id\",\"type\":\"increments\",\"args\":[{\"primary\":true,\"primaryKey\":true}],\"defaultTo\":null,\"notNullable\":true,\"unsigned\":false},{\"name\":\"name\",\"type\":\"string\",\"args\":[],\"defaultTo\":null,\"notNullable\":false,\"unsigned\":false},{\"name\":\"url\",\"type\":\"text\",\"args\":[\"longtext\"],\"defaultTo\":null,\"notNullable\":false,\"unsigned\":false},{\"name\":\"headers\",\"type\":\"jsonb\",\"args\":[],\"defaultTo\":null,\"notNullable\":false,\"unsigned\":false},{\"name\":\"events\",\"type\":\"jsonb\",\"args\":[],\"defaultTo\":null,\"notNullable\":false,\"unsigned\":false},{\"name\":\"enabled\",\"type\":\"boolean\",\"args\":[],\"defaultTo\":null,\"notNullable\":false,\"unsigned\":false}]},{\"name\":\"admin_permissions\",\"indexes\":[{\"name\":\"admin_permissions_created_by_id_fk\",\"columns\":[\"created_by_id\"]},{\"name\":\"admin_permissions_updated_by_id_fk\",\"columns\":[\"updated_by_id\"]}],\"foreignKeys\":[{\"name\":\"admin_permissions_created_by_id_fk\",\"columns\":[\"created_by_id\"],\"referencedTable\":\"admin_users\",\"referencedColumns\":[\"id\"],\"onDelete\":\"SET NULL\"},{\"name\":\"admin_permissions_updated_by_id_fk\",\"columns\":[\"updated_by_id\"],\"referencedTable\":\"admin_users\",\"referencedColumns\":[\"id\"],\"onDelete\":\"SET NULL\"}],\"columns\":[{\"name\":\"id\",\"type\":\"increments\",\"args\":[{\"primary\":true,\"primaryKey\":true}],\"defaultTo\":null,\"notNullable\":true,\"unsigned\":false},{\"name\":\"action\",\"type\":\"string\",\"args\":[],\"defaultTo\":null,\"notNullable\":false,\"unsigned\":false},{\"name\":\"subject\",\"type\":\"string\",\"args\":[],\"defaultTo\":null,\"notNullable\":false,\"unsigned\":false},{\"name\":\"properties\",\"type\":\"jsonb\",\"args\":[],\"defaultTo\":null,\"notNullable\":false,\"unsigned\":false},{\"name\":\"conditions\",\"type\":\"jsonb\",\"args\":[],\"defaultTo\":null,\"notNullable\":false,\"unsigned\":false},{\"name\":\"created_at\",\"type\":\"datetime\",\"args\":[{\"useTz\":false,\"precision\":6}],\"defaultTo\":null,\"notNullable\":false,\"unsigned\":false},{\"name\":\"updated_at\",\"type\":\"datetime\",\"args\":[{\"useTz\":false,\"precision\":6}],\"defaultTo\":null,\"notNullable\":false,\"unsigned\":false},{\"name\":\"created_by_id\",\"type\":\"integer\",\"args\":[],\"defaultTo\":null,\"notNullable\":false,\"unsigned\":true},{\"name\":\"updated_by_id\",\"type\":\"integer\",\"args\":[],\"defaultTo\":null,\"notNullable\":false,\"unsigned\":true}]},{\"name\":\"admin_users\",\"indexes\":[{\"name\":\"admin_users_created_by_id_fk\",\"columns\":[\"created_by_id\"]},{\"name\":\"admin_users_updated_by_id_fk\",\"columns\":[\"updated_by_id\"]}],\"foreignKeys\":[{\"name\":\"admin_users_created_by_id_fk\",\"columns\":[\"created_by_id\"],\"referencedTable\":\"admin_users\",\"referencedColumns\":[\"id\"],\"onDelete\":\"SET NULL\"},{\"name\":\"admin_users_updated_by_id_fk\",\"columns\":[\"updated_by_id\"],\"referencedTable\":\"admin_users\",\"referencedColumns\":[\"id\"],\"onDelete\":\"SET NULL\"}],\"columns\":[{\"name\":\"id\",\"type\":\"increments\",\"args\":[{\"primary\":true,\"primaryKey\":true}],\"defaultTo\":null,\"notNullable\":true,\"unsigned\":false},{\"name\":\"firstname\",\"type\":\"string\",\"args\":[],\"defaultTo\":null,\"notNullable\":false,\"unsigned\":false},{\"name\":\"lastname\",\"type\":\"string\",\"args\":[],\"defaultTo\":null,\"notNullable\":false,\"unsigned\":false},{\"name\":\"username\",\"type\":\"string\",\"args\":[],\"defaultTo\":null,\"notNullable\":false,\"unsigned\":false},{\"name\":\"email\",\"type\":\"string\",\"args\":[],\"defaultTo\":null,\"notNullable\":false,\"unsigned\":false},{\"name\":\"password\",\"type\":\"string\",\"args\":[],\"defaultTo\":null,\"notNullable\":false,\"unsigned\":false},{\"name\":\"reset_password_token\",\"type\":\"string\",\"args\":[],\"defaultTo\":null,\"notNullable\":false,\"unsigned\":false},{\"name\":\"registration_token\",\"type\":\"string\",\"args\":[],\"defaultTo\":null,\"notNullable\":false,\"unsigned\":false},{\"name\":\"is_active\",\"type\":\"boolean\",\"args\":[],\"defaultTo\":null,\"notNullable\":false,\"unsigned\":false},{\"name\":\"blocked\",\"type\":\"boolean\",\"args\":[],\"defaultTo\":null,\"notNullable\":false,\"unsigned\":false},{\"name\":\"prefered_language\",\"type\":\"string\",\"args\":[],\"defaultTo\":null,\"notNullable\":false,\"unsigned\":false},{\"name\":\"created_at\",\"type\":\"datetime\",\"args\":[{\"useTz\":false,\"precision\":6}],\"defaultTo\":null,\"notNullable\":false,\"unsigned\":false},{\"name\":\"updated_at\",\"type\":\"datetime\",\"args\":[{\"useTz\":false,\"precision\":6}],\"defaultTo\":null,\"notNullable\":false,\"unsigned\":false},{\"name\":\"created_by_id\",\"type\":\"integer\",\"args\":[],\"defaultTo\":null,\"notNullable\":false,\"unsigned\":true},{\"name\":\"updated_by_id\",\"type\":\"integer\",\"args\":[],\"defaultTo\":null,\"notNullable\":false,\"unsigned\":true}]},{\"name\":\"admin_roles\",\"indexes\":[{\"name\":\"admin_roles_created_by_id_fk\",\"columns\":[\"created_by_id\"]},{\"name\":\"admin_roles_updated_by_id_fk\",\"columns\":[\"updated_by_id\"]}],\"foreignKeys\":[{\"name\":\"admin_roles_created_by_id_fk\",\"columns\":[\"created_by_id\"],\"referencedTable\":\"admin_users\",\"referencedColumns\":[\"id\"],\"onDelete\":\"SET NULL\"},{\"name\":\"admin_roles_updated_by_id_fk\",\"columns\":[\"updated_by_id\"],\"referencedTable\":\"admin_users\",\"referencedColumns\":[\"id\"],\"onDelete\":\"SET NULL\"}],\"columns\":[{\"name\":\"id\",\"type\":\"increments\",\"args\":[{\"primary\":true,\"primaryKey\":true}],\"defaultTo\":null,\"notNullable\":true,\"unsigned\":false},{\"name\":\"name\",\"type\":\"string\",\"args\":[],\"defaultTo\":null,\"notNullable\":false,\"unsigned\":false},{\"name\":\"code\",\"type\":\"string\",\"args\":[],\"defaultTo\":null,\"notNullable\":false,\"unsigned\":false},{\"name\":\"description\",\"type\":\"string\",\"args\":[],\"defaultTo\":null,\"notNullable\":false,\"unsigned\":false},{\"name\":\"created_at\",\"type\":\"datetime\",\"args\":[{\"useTz\":false,\"precision\":6}],\"defaultTo\":null,\"notNullable\":false,\"unsigned\":false},{\"name\":\"updated_at\",\"type\":\"datetime\",\"args\":[{\"useTz\":false,\"precision\":6}],\"defaultTo\":null,\"notNullable\":false,\"unsigned\":false},{\"name\":\"created_by_id\",\"type\":\"integer\",\"args\":[],\"defaultTo\":null,\"notNullable\":false,\"unsigned\":true},{\"name\":\"updated_by_id\",\"type\":\"integer\",\"args\":[],\"defaultTo\":null,\"notNullable\":false,\"unsigned\":true}]},{\"name\":\"strapi_api_tokens\",\"indexes\":[{\"name\":\"strapi_api_tokens_created_by_id_fk\",\"columns\":[\"created_by_id\"]},{\"name\":\"strapi_api_tokens_updated_by_id_fk\",\"columns\":[\"updated_by_id\"]}],\"foreignKeys\":[{\"name\":\"strapi_api_tokens_created_by_id_fk\",\"columns\":[\"created_by_id\"],\"referencedTable\":\"admin_users\",\"referencedColumns\":[\"id\"],\"onDelete\":\"SET NULL\"},{\"name\":\"strapi_api_tokens_updated_by_id_fk\",\"columns\":[\"updated_by_id\"],\"referencedTable\":\"admin_users\",\"referencedColumns\":[\"id\"],\"onDelete\":\"SET NULL\"}],\"columns\":[{\"name\":\"id\",\"type\":\"increments\",\"args\":[{\"primary\":true,\"primaryKey\":true}],\"defaultTo\":null,\"notNullable\":true,\"unsigned\":false},{\"name\":\"name\",\"type\":\"string\",\"args\":[],\"defaultTo\":null,\"notNullable\":false,\"unsigned\":false},{\"name\":\"description\",\"type\":\"string\",\"args\":[],\"defaultTo\":null,\"notNullable\":false,\"unsigned\":false},{\"name\":\"type\",\"type\":\"string\",\"args\":[],\"defaultTo\":null,\"notNullable\":false,\"unsigned\":false},{\"name\":\"access_key\",\"type\":\"string\",\"args\":[],\"defaultTo\":null,\"notNullable\":false,\"unsigned\":false},{\"name\":\"last_used_at\",\"type\":\"datetime\",\"args\":[{\"useTz\":false,\"precision\":6}],\"defaultTo\":null,\"notNullable\":false,\"unsigned\":false},{\"name\":\"expires_at\",\"type\":\"datetime\",\"args\":[{\"useTz\":false,\"precision\":6}],\"defaultTo\":null,\"notNullable\":false,\"unsigned\":false},{\"name\":\"lifespan\",\"type\":\"bigInteger\",\"args\":[],\"defaultTo\":null,\"notNullable\":false,\"unsigned\":false},{\"name\":\"created_at\",\"type\":\"datetime\",\"args\":[{\"useTz\":false,\"precision\":6}],\"defaultTo\":null,\"notNullable\":false,\"unsigned\":false},{\"name\":\"updated_at\",\"type\":\"datetime\",\"args\":[{\"useTz\":false,\"precision\":6}],\"defaultTo\":null,\"notNullable\":false,\"unsigned\":false},{\"name\":\"created_by_id\",\"type\":\"integer\",\"args\":[],\"defaultTo\":null,\"notNullable\":false,\"unsigned\":true},{\"name\":\"updated_by_id\",\"type\":\"integer\",\"args\":[],\"defaultTo\":null,\"notNullable\":false,\"unsigned\":true}]},{\"name\":\"strapi_api_token_permissions\",\"indexes\":[{\"name\":\"strapi_api_token_permissions_created_by_id_fk\",\"columns\":[\"created_by_id\"]},{\"name\":\"strapi_api_token_permissions_updated_by_id_fk\",\"columns\":[\"updated_by_id\"]}],\"foreignKeys\":[{\"name\":\"strapi_api_token_permissions_created_by_id_fk\",\"columns\":[\"created_by_id\"],\"referencedTable\":\"admin_users\",\"referencedColumns\":[\"id\"],\"onDelete\":\"SET NULL\"},{\"name\":\"strapi_api_token_permissions_updated_by_id_fk\",\"columns\":[\"updated_by_id\"],\"referencedTable\":\"admin_users\",\"referencedColumns\":[\"id\"],\"onDelete\":\"SET NULL\"}],\"columns\":[{\"name\":\"id\",\"type\":\"increments\",\"args\":[{\"primary\":true,\"primaryKey\":true}],\"defaultTo\":null,\"notNullable\":true,\"unsigned\":false},{\"name\":\"action\",\"type\":\"string\",\"args\":[],\"defaultTo\":null,\"notNullable\":false,\"unsigned\":false},{\"name\":\"created_at\",\"type\":\"datetime\",\"args\":[{\"useTz\":false,\"precision\":6}],\"defaultTo\":null,\"notNullable\":false,\"unsigned\":false},{\"name\":\"updated_at\",\"type\":\"datetime\",\"args\":[{\"useTz\":false,\"precision\":6}],\"defaultTo\":null,\"notNullable\":false,\"unsigned\":false},{\"name\":\"created_by_id\",\"type\":\"integer\",\"args\":[],\"defaultTo\":null,\"notNullable\":false,\"unsigned\":true},{\"name\":\"updated_by_id\",\"type\":\"integer\",\"args\":[],\"defaultTo\":null,\"notNullable\":false,\"unsigned\":true}]},{\"name\":\"strapi_transfer_tokens\",\"indexes\":[{\"name\":\"strapi_transfer_tokens_created_by_id_fk\",\"columns\":[\"created_by_id\"]},{\"name\":\"strapi_transfer_tokens_updated_by_id_fk\",\"columns\":[\"updated_by_id\"]}],\"foreignKeys\":[{\"name\":\"strapi_transfer_tokens_created_by_id_fk\",\"columns\":[\"created_by_id\"],\"referencedTable\":\"admin_users\",\"referencedColumns\":[\"id\"],\"onDelete\":\"SET NULL\"},{\"name\":\"strapi_transfer_tokens_updated_by_id_fk\",\"columns\":[\"updated_by_id\"],\"referencedTable\":\"admin_users\",\"referencedColumns\":[\"id\"],\"onDelete\":\"SET NULL\"}],\"columns\":[{\"name\":\"id\",\"type\":\"increments\",\"args\":[{\"primary\":true,\"primaryKey\":true}],\"defaultTo\":null,\"notNullable\":true,\"unsigned\":false},{\"name\":\"name\",\"type\":\"string\",\"args\":[],\"defaultTo\":null,\"notNullable\":false,\"unsigned\":false},{\"name\":\"description\",\"type\":\"string\",\"args\":[],\"defaultTo\":null,\"notNullable\":false,\"unsigned\":false},{\"name\":\"access_key\",\"type\":\"string\",\"args\":[],\"defaultTo\":null,\"notNullable\":false,\"unsigned\":false},{\"name\":\"last_used_at\",\"type\":\"datetime\",\"args\":[{\"useTz\":false,\"precision\":6}],\"defaultTo\":null,\"notNullable\":false,\"unsigned\":false},{\"name\":\"expires_at\",\"type\":\"datetime\",\"args\":[{\"useTz\":false,\"precision\":6}],\"defaultTo\":null,\"notNullable\":false,\"unsigned\":false},{\"name\":\"lifespan\",\"type\":\"bigInteger\",\"args\":[],\"defaultTo\":null,\"notNullable\":false,\"unsigned\":false},{\"name\":\"created_at\",\"type\":\"datetime\",\"args\":[{\"useTz\":false,\"precision\":6}],\"defaultTo\":null,\"notNullable\":false,\"unsigned\":false},{\"name\":\"updated_at\",\"type\":\"datetime\",\"args\":[{\"useTz\":false,\"precision\":6}],\"defaultTo\":null,\"notNullable\":false,\"unsigned\":false},{\"name\":\"created_by_id\",\"type\":\"integer\",\"args\":[],\"defaultTo\":null,\"notNullable\":false,\"unsigned\":true},{\"name\":\"updated_by_id\",\"type\":\"integer\",\"args\":[],\"defaultTo\":null,\"notNullable\":false,\"unsigned\":true}]},{\"name\":\"strapi_transfer_token_permissions\",\"indexes\":[{\"name\":\"strapi_transfer_token_permissions_created_by_id_fk\",\"columns\":[\"created_by_id\"]},{\"name\":\"strapi_transfer_token_permissions_updated_by_id_fk\",\"columns\":[\"updated_by_id\"]}],\"foreignKeys\":[{\"name\":\"strapi_transfer_token_permissions_created_by_id_fk\",\"columns\":[\"created_by_id\"],\"referencedTable\":\"admin_users\",\"referencedColumns\":[\"id\"],\"onDelete\":\"SET NULL\"},{\"name\":\"strapi_transfer_token_permissions_updated_by_id_fk\",\"columns\":[\"updated_by_id\"],\"referencedTable\":\"admin_users\",\"referencedColumns\":[\"id\"],\"onDelete\":\"SET NULL\"}],\"columns\":[{\"name\":\"id\",\"type\":\"increments\",\"args\":[{\"primary\":true,\"primaryKey\":true}],\"defaultTo\":null,\"notNullable\":true,\"unsigned\":false},{\"name\":\"action\",\"type\":\"string\",\"args\":[],\"defaultTo\":null,\"notNullable\":false,\"unsigned\":false},{\"name\":\"created_at\",\"type\":\"datetime\",\"args\":[{\"useTz\":false,\"precision\":6}],\"defaultTo\":null,\"notNullable\":false,\"unsigned\":false},{\"name\":\"updated_at\",\"type\":\"datetime\",\"args\":[{\"useTz\":false,\"precision\":6}],\"defaultTo\":null,\"notNullable\":false,\"unsigned\":false},{\"name\":\"created_by_id\",\"type\":\"integer\",\"args\":[],\"defaultTo\":null,\"notNullable\":false,\"unsigned\":true},{\"name\":\"updated_by_id\",\"type\":\"integer\",\"args\":[],\"defaultTo\":null,\"notNullable\":false,\"unsigned\":true}]},{\"name\":\"files\",\"indexes\":[{\"name\":\"upload_files_folder_path_index\",\"columns\":[\"folder_path\"],\"type\":null},{\"name\":\"upload_files_created_at_index\",\"columns\":[\"created_at\"],\"type\":null},{\"name\":\"upload_files_updated_at_index\",\"columns\":[\"updated_at\"],\"type\":null},{\"name\":\"upload_files_name_index\",\"columns\":[\"name\"],\"type\":null},{\"name\":\"upload_files_size_index\",\"columns\":[\"size\"],\"type\":null},{\"name\":\"upload_files_ext_index\",\"columns\":[\"ext\"],\"type\":null},{\"name\":\"files_created_by_id_fk\",\"columns\":[\"created_by_id\"]},{\"name\":\"files_updated_by_id_fk\",\"columns\":[\"updated_by_id\"]}],\"foreignKeys\":[{\"name\":\"files_created_by_id_fk\",\"columns\":[\"created_by_id\"],\"referencedTable\":\"admin_users\",\"referencedColumns\":[\"id\"],\"onDelete\":\"SET NULL\"},{\"name\":\"files_updated_by_id_fk\",\"columns\":[\"updated_by_id\"],\"referencedTable\":\"admin_users\",\"referencedColumns\":[\"id\"],\"onDelete\":\"SET NULL\"}],\"columns\":[{\"name\":\"id\",\"type\":\"increments\",\"args\":[{\"primary\":true,\"primaryKey\":true}],\"defaultTo\":null,\"notNullable\":true,\"unsigned\":false},{\"name\":\"name\",\"type\":\"string\",\"args\":[],\"defaultTo\":null,\"notNullable\":false,\"unsigned\":false},{\"name\":\"alternative_text\",\"type\":\"string\",\"args\":[],\"defaultTo\":null,\"notNullable\":false,\"unsigned\":false},{\"name\":\"caption\",\"type\":\"string\",\"args\":[],\"defaultTo\":null,\"notNullable\":false,\"unsigned\":false},{\"name\":\"width\",\"type\":\"integer\",\"args\":[],\"defaultTo\":null,\"notNullable\":false,\"unsigned\":false},{\"name\":\"height\",\"type\":\"integer\",\"args\":[],\"defaultTo\":null,\"notNullable\":false,\"unsigned\":false},{\"name\":\"formats\",\"type\":\"jsonb\",\"args\":[],\"defaultTo\":null,\"notNullable\":false,\"unsigned\":false},{\"name\":\"hash\",\"type\":\"string\",\"args\":[],\"defaultTo\":null,\"notNullable\":false,\"unsigned\":false},{\"name\":\"ext\",\"type\":\"string\",\"args\":[],\"defaultTo\":null,\"notNullable\":false,\"unsigned\":false},{\"name\":\"mime\",\"type\":\"string\",\"args\":[],\"defaultTo\":null,\"notNullable\":false,\"unsigned\":false},{\"name\":\"size\",\"type\":\"decimal\",\"args\":[10,2],\"defaultTo\":null,\"notNullable\":false,\"unsigned\":false},{\"name\":\"url\",\"type\":\"string\",\"args\":[],\"defaultTo\":null,\"notNullable\":false,\"unsigned\":false},{\"name\":\"preview_url\",\"type\":\"string\",\"args\":[],\"defaultTo\":null,\"notNullable\":false,\"unsigned\":false},{\"name\":\"provider\",\"type\":\"string\",\"args\":[],\"defaultTo\":null,\"notNullable\":false,\"unsigned\":false},{\"name\":\"provider_metadata\",\"type\":\"jsonb\",\"args\":[],\"defaultTo\":null,\"notNullable\":false,\"unsigned\":false},{\"name\":\"folder_path\",\"type\":\"string\",\"args\":[],\"defaultTo\":null,\"notNullable\":false,\"unsigned\":false},{\"name\":\"created_at\",\"type\":\"datetime\",\"args\":[{\"useTz\":false,\"precision\":6}],\"defaultTo\":null,\"notNullable\":false,\"unsigned\":false},{\"name\":\"updated_at\",\"type\":\"datetime\",\"args\":[{\"useTz\":false,\"precision\":6}],\"defaultTo\":null,\"notNullable\":false,\"unsigned\":false},{\"name\":\"created_by_id\",\"type\":\"integer\",\"args\":[],\"defaultTo\":null,\"notNullable\":false,\"unsigned\":true},{\"name\":\"updated_by_id\",\"type\":\"integer\",\"args\":[],\"defaultTo\":null,\"notNullable\":false,\"unsigned\":true}]},{\"name\":\"upload_folders\",\"indexes\":[{\"name\":\"upload_folders_path_id_index\",\"columns\":[\"path_id\"],\"type\":\"unique\"},{\"name\":\"upload_folders_path_index\",\"columns\":[\"path\"],\"type\":\"unique\"},{\"name\":\"upload_folders_created_by_id_fk\",\"columns\":[\"created_by_id\"]},{\"name\":\"upload_folders_updated_by_id_fk\",\"columns\":[\"updated_by_id\"]}],\"foreignKeys\":[{\"name\":\"upload_folders_created_by_id_fk\",\"columns\":[\"created_by_id\"],\"referencedTable\":\"admin_users\",\"referencedColumns\":[\"id\"],\"onDelete\":\"SET NULL\"},{\"name\":\"upload_folders_updated_by_id_fk\",\"columns\":[\"updated_by_id\"],\"referencedTable\":\"admin_users\",\"referencedColumns\":[\"id\"],\"onDelete\":\"SET NULL\"}],\"columns\":[{\"name\":\"id\",\"type\":\"increments\",\"args\":[{\"primary\":true,\"primaryKey\":true}],\"defaultTo\":null,\"notNullable\":true,\"unsigned\":false},{\"name\":\"name\",\"type\":\"string\",\"args\":[],\"defaultTo\":null,\"notNullable\":false,\"unsigned\":false},{\"name\":\"path_id\",\"type\":\"integer\",\"args\":[],\"defaultTo\":null,\"notNullable\":false,\"unsigned\":false},{\"name\":\"path\",\"type\":\"string\",\"args\":[],\"defaultTo\":null,\"notNullable\":false,\"unsigned\":false},{\"name\":\"created_at\",\"type\":\"datetime\",\"args\":[{\"useTz\":false,\"precision\":6}],\"defaultTo\":null,\"notNullable\":false,\"unsigned\":false},{\"name\":\"updated_at\",\"type\":\"datetime\",\"args\":[{\"useTz\":false,\"precision\":6}],\"defaultTo\":null,\"notNullable\":false,\"unsigned\":false},{\"name\":\"created_by_id\",\"type\":\"integer\",\"args\":[],\"defaultTo\":null,\"notNullable\":false,\"unsigned\":true},{\"name\":\"updated_by_id\",\"type\":\"integer\",\"args\":[],\"defaultTo\":null,\"notNullable\":false,\"unsigned\":true}]},{\"name\":\"i18n_locale\",\"indexes\":[{\"name\":\"i18n_locale_created_by_id_fk\",\"columns\":[\"created_by_id\"]},{\"name\":\"i18n_locale_updated_by_id_fk\",\"columns\":[\"updated_by_id\"]}],\"foreignKeys\":[{\"name\":\"i18n_locale_created_by_id_fk\",\"columns\":[\"created_by_id\"],\"referencedTable\":\"admin_users\",\"referencedColumns\":[\"id\"],\"onDelete\":\"SET NULL\"},{\"name\":\"i18n_locale_updated_by_id_fk\",\"columns\":[\"updated_by_id\"],\"referencedTable\":\"admin_users\",\"referencedColumns\":[\"id\"],\"onDelete\":\"SET NULL\"}],\"columns\":[{\"name\":\"id\",\"type\":\"increments\",\"args\":[{\"primary\":true,\"primaryKey\":true}],\"defaultTo\":null,\"notNullable\":true,\"unsigned\":false},{\"name\":\"name\",\"type\":\"string\",\"args\":[],\"defaultTo\":null,\"notNullable\":false,\"unsigned\":false},{\"name\":\"code\",\"type\":\"string\",\"args\":[],\"defaultTo\":null,\"notNullable\":false,\"unsigned\":false},{\"name\":\"created_at\",\"type\":\"datetime\",\"args\":[{\"useTz\":false,\"precision\":6}],\"defaultTo\":null,\"notNullable\":false,\"unsigned\":false},{\"name\":\"updated_at\",\"type\":\"datetime\",\"args\":[{\"useTz\":false,\"precision\":6}],\"defaultTo\":null,\"notNullable\":false,\"unsigned\":false},{\"name\":\"created_by_id\",\"type\":\"integer\",\"args\":[],\"defaultTo\":null,\"notNullable\":false,\"unsigned\":true},{\"name\":\"updated_by_id\",\"type\":\"integer\",\"args\":[],\"defaultTo\":null,\"notNullable\":false,\"unsigned\":true}]},{\"name\":\"up_permissions\",\"indexes\":[{\"name\":\"up_permissions_created_by_id_fk\",\"columns\":[\"created_by_id\"]},{\"name\":\"up_permissions_updated_by_id_fk\",\"columns\":[\"updated_by_id\"]}],\"foreignKeys\":[{\"name\":\"up_permissions_created_by_id_fk\",\"columns\":[\"created_by_id\"],\"referencedTable\":\"admin_users\",\"referencedColumns\":[\"id\"],\"onDelete\":\"SET NULL\"},{\"name\":\"up_permissions_updated_by_id_fk\",\"columns\":[\"updated_by_id\"],\"referencedTable\":\"admin_users\",\"referencedColumns\":[\"id\"],\"onDelete\":\"SET NULL\"}],\"columns\":[{\"name\":\"id\",\"type\":\"increments\",\"args\":[{\"primary\":true,\"primaryKey\":true}],\"defaultTo\":null,\"notNullable\":true,\"unsigned\":false},{\"name\":\"action\",\"type\":\"string\",\"args\":[],\"defaultTo\":null,\"notNullable\":false,\"unsigned\":false},{\"name\":\"created_at\",\"type\":\"datetime\",\"args\":[{\"useTz\":false,\"precision\":6}],\"defaultTo\":null,\"notNullable\":false,\"unsigned\":false},{\"name\":\"updated_at\",\"type\":\"datetime\",\"args\":[{\"useTz\":false,\"precision\":6}],\"defaultTo\":null,\"notNullable\":false,\"unsigned\":false},{\"name\":\"created_by_id\",\"type\":\"integer\",\"args\":[],\"defaultTo\":null,\"notNullable\":false,\"unsigned\":true},{\"name\":\"updated_by_id\",\"type\":\"integer\",\"args\":[],\"defaultTo\":null,\"notNullable\":false,\"unsigned\":true}]},{\"name\":\"up_roles\",\"indexes\":[{\"name\":\"up_roles_created_by_id_fk\",\"columns\":[\"created_by_id\"]},{\"name\":\"up_roles_updated_by_id_fk\",\"columns\":[\"updated_by_id\"]}],\"foreignKeys\":[{\"name\":\"up_roles_created_by_id_fk\",\"columns\":[\"created_by_id\"],\"referencedTable\":\"admin_users\",\"referencedColumns\":[\"id\"],\"onDelete\":\"SET NULL\"},{\"name\":\"up_roles_updated_by_id_fk\",\"columns\":[\"updated_by_id\"],\"referencedTable\":\"admin_users\",\"referencedColumns\":[\"id\"],\"onDelete\":\"SET NULL\"}],\"columns\":[{\"name\":\"id\",\"type\":\"increments\",\"args\":[{\"primary\":true,\"primaryKey\":true}],\"defaultTo\":null,\"notNullable\":true,\"unsigned\":false},{\"name\":\"name\",\"type\":\"string\",\"args\":[],\"defaultTo\":null,\"notNullable\":false,\"unsigned\":false},{\"name\":\"description\",\"type\":\"string\",\"args\":[],\"defaultTo\":null,\"notNullable\":false,\"unsigned\":false},{\"name\":\"type\",\"type\":\"string\",\"args\":[],\"defaultTo\":null,\"notNullable\":false,\"unsigned\":false},{\"name\":\"created_at\",\"type\":\"datetime\",\"args\":[{\"useTz\":false,\"precision\":6}],\"defaultTo\":null,\"notNullable\":false,\"unsigned\":false},{\"name\":\"updated_at\",\"type\":\"datetime\",\"args\":[{\"useTz\":false,\"precision\":6}],\"defaultTo\":null,\"notNullable\":false,\"unsigned\":false},{\"name\":\"created_by_id\",\"type\":\"integer\",\"args\":[],\"defaultTo\":null,\"notNullable\":false,\"unsigned\":true},{\"name\":\"updated_by_id\",\"type\":\"integer\",\"args\":[],\"defaultTo\":null,\"notNullable\":false,\"unsigned\":true}]},{\"name\":\"up_users\",\"indexes\":[{\"name\":\"up_users_created_by_id_fk\",\"columns\":[\"created_by_id\"]},{\"name\":\"up_users_updated_by_id_fk\",\"columns\":[\"updated_by_id\"]}],\"foreignKeys\":[{\"name\":\"up_users_created_by_id_fk\",\"columns\":[\"created_by_id\"],\"referencedTable\":\"admin_users\",\"referencedColumns\":[\"id\"],\"onDelete\":\"SET NULL\"},{\"name\":\"up_users_updated_by_id_fk\",\"columns\":[\"updated_by_id\"],\"referencedTable\":\"admin_users\",\"referencedColumns\":[\"id\"],\"onDelete\":\"SET NULL\"}],\"columns\":[{\"name\":\"id\",\"type\":\"increments\",\"args\":[{\"primary\":true,\"primaryKey\":true}],\"defaultTo\":null,\"notNullable\":true,\"unsigned\":false},{\"name\":\"username\",\"type\":\"string\",\"args\":[],\"defaultTo\":null,\"notNullable\":false,\"unsigned\":false},{\"name\":\"email\",\"type\":\"string\",\"args\":[],\"defaultTo\":null,\"notNullable\":false,\"unsigned\":false},{\"name\":\"provider\",\"type\":\"string\",\"args\":[],\"defaultTo\":null,\"notNullable\":false,\"unsigned\":false},{\"name\":\"password\",\"type\":\"string\",\"args\":[],\"defaultTo\":null,\"notNullable\":false,\"unsigned\":false},{\"name\":\"reset_password_token\",\"type\":\"string\",\"args\":[],\"defaultTo\":null,\"notNullable\":false,\"unsigned\":false},{\"name\":\"confirmation_token\",\"type\":\"string\",\"args\":[],\"defaultTo\":null,\"notNullable\":false,\"unsigned\":false},{\"name\":\"confirmed\",\"type\":\"boolean\",\"args\":[],\"defaultTo\":null,\"notNullable\":false,\"unsigned\":false},{\"name\":\"blocked\",\"type\":\"boolean\",\"args\":[],\"defaultTo\":null,\"notNullable\":false,\"unsigned\":false},{\"name\":\"user_role\",\"type\":\"string\",\"args\":[],\"defaultTo\":null,\"notNullable\":false,\"unsigned\":false},{\"name\":\"phone\",\"type\":\"string\",\"args\":[],\"defaultTo\":null,\"notNullable\":false,\"unsigned\":false},{\"name\":\"address\",\"type\":\"string\",\"args\":[],\"defaultTo\":null,\"notNullable\":false,\"unsigned\":false},{\"name\":\"created_at\",\"type\":\"datetime\",\"args\":[{\"useTz\":false,\"precision\":6}],\"defaultTo\":null,\"notNullable\":false,\"unsigned\":false},{\"name\":\"updated_at\",\"type\":\"datetime\",\"args\":[{\"useTz\":false,\"precision\":6}],\"defaultTo\":null,\"notNullable\":false,\"unsigned\":false},{\"name\":\"created_by_id\",\"type\":\"integer\",\"args\":[],\"defaultTo\":null,\"notNullable\":false,\"unsigned\":true},{\"name\":\"updated_by_id\",\"type\":\"integer\",\"args\":[],\"defaultTo\":null,\"notNullable\":false,\"unsigned\":true}]},{\"name\":\"addresses\",\"indexes\":[{\"name\":\"addresses_created_by_id_fk\",\"columns\":[\"created_by_id\"]},{\"name\":\"addresses_updated_by_id_fk\",\"columns\":[\"updated_by_id\"]}],\"foreignKeys\":[{\"name\":\"addresses_created_by_id_fk\",\"columns\":[\"created_by_id\"],\"referencedTable\":\"admin_users\",\"referencedColumns\":[\"id\"],\"onDelete\":\"SET NULL\"},{\"name\":\"addresses_updated_by_id_fk\",\"columns\":[\"updated_by_id\"],\"referencedTable\":\"admin_users\",\"referencedColumns\":[\"id\"],\"onDelete\":\"SET NULL\"}],\"columns\":[{\"name\":\"id\",\"type\":\"increments\",\"args\":[{\"primary\":true,\"primaryKey\":true}],\"defaultTo\":null,\"notNullable\":true,\"unsigned\":false},{\"name\":\"user_id\",\"type\":\"string\",\"args\":[],\"defaultTo\":null,\"notNullable\":false,\"unsigned\":false},{\"name\":\"address\",\"type\":\"text\",\"args\":[\"longtext\"],\"defaultTo\":null,\"notNullable\":false,\"unsigned\":false},{\"name\":\"created_at\",\"type\":\"datetime\",\"args\":[{\"useTz\":false,\"precision\":6}],\"defaultTo\":null,\"notNullable\":false,\"unsigned\":false},{\"name\":\"updated_at\",\"type\":\"datetime\",\"args\":[{\"useTz\":false,\"precision\":6}],\"defaultTo\":null,\"notNullable\":false,\"unsigned\":false},{\"name\":\"published_at\",\"type\":\"datetime\",\"args\":[{\"useTz\":false,\"precision\":6}],\"defaultTo\":null,\"notNullable\":false,\"unsigned\":false},{\"name\":\"created_by_id\",\"type\":\"integer\",\"args\":[],\"defaultTo\":null,\"notNullable\":false,\"unsigned\":true},{\"name\":\"updated_by_id\",\"type\":\"integer\",\"args\":[],\"defaultTo\":null,\"notNullable\":false,\"unsigned\":true}]},{\"name\":\"cards\",\"indexes\":[{\"name\":\"cards_created_by_id_fk\",\"columns\":[\"created_by_id\"]},{\"name\":\"cards_updated_by_id_fk\",\"columns\":[\"updated_by_id\"]}],\"foreignKeys\":[{\"name\":\"cards_created_by_id_fk\",\"columns\":[\"created_by_id\"],\"referencedTable\":\"admin_users\",\"referencedColumns\":[\"id\"],\"onDelete\":\"SET NULL\"},{\"name\":\"cards_updated_by_id_fk\",\"columns\":[\"updated_by_id\"],\"referencedTable\":\"admin_users\",\"referencedColumns\":[\"id\"],\"onDelete\":\"SET NULL\"}],\"columns\":[{\"name\":\"id\",\"type\":\"increments\",\"args\":[{\"primary\":true,\"primaryKey\":true}],\"defaultTo\":null,\"notNullable\":true,\"unsigned\":false},{\"name\":\"product_id\",\"type\":\"string\",\"args\":[],\"defaultTo\":null,\"notNullable\":false,\"unsigned\":false},{\"name\":\"size\",\"type\":\"string\",\"args\":[],\"defaultTo\":null,\"notNullable\":false,\"unsigned\":false},{\"name\":\"stock\",\"type\":\"string\",\"args\":[],\"defaultTo\":null,\"notNullable\":false,\"unsigned\":false},{\"name\":\"user_id\",\"type\":\"string\",\"args\":[],\"defaultTo\":null,\"notNullable\":false,\"unsigned\":false},{\"name\":\"one_quantity_price\",\"type\":\"string\",\"args\":[],\"defaultTo\":null,\"notNullable\":false,\"unsigned\":false},{\"name\":\"created_at\",\"type\":\"datetime\",\"args\":[{\"useTz\":false,\"precision\":6}],\"defaultTo\":null,\"notNullable\":false,\"unsigned\":false},{\"name\":\"updated_at\",\"type\":\"datetime\",\"args\":[{\"useTz\":false,\"precision\":6}],\"defaultTo\":null,\"notNullable\":false,\"unsigned\":false},{\"name\":\"created_by_id\",\"type\":\"integer\",\"args\":[],\"defaultTo\":null,\"notNullable\":false,\"unsigned\":true},{\"name\":\"updated_by_id\",\"type\":\"integer\",\"args\":[],\"defaultTo\":null,\"notNullable\":false,\"unsigned\":true}]},{\"name\":\"categories\",\"indexes\":[{\"type\":\"unique\",\"name\":\"categories_slug_unique\",\"columns\":[\"slug\"]},{\"name\":\"categories_created_by_id_fk\",\"columns\":[\"created_by_id\"]},{\"name\":\"categories_updated_by_id_fk\",\"columns\":[\"updated_by_id\"]}],\"foreignKeys\":[{\"name\":\"categories_created_by_id_fk\",\"columns\":[\"created_by_id\"],\"referencedTable\":\"admin_users\",\"referencedColumns\":[\"id\"],\"onDelete\":\"SET NULL\"},{\"name\":\"categories_updated_by_id_fk\",\"columns\":[\"updated_by_id\"],\"referencedTable\":\"admin_users\",\"referencedColumns\":[\"id\"],\"onDelete\":\"SET NULL\"}],\"columns\":[{\"name\":\"id\",\"type\":\"increments\",\"args\":[{\"primary\":true,\"primaryKey\":true}],\"defaultTo\":null,\"notNullable\":true,\"unsigned\":false},{\"name\":\"name\",\"type\":\"string\",\"args\":[],\"defaultTo\":null,\"notNullable\":false,\"unsigned\":false},{\"name\":\"slug\",\"type\":\"string\",\"args\":[],\"defaultTo\":null,\"notNullable\":false,\"unsigned\":false,\"unique\":true},{\"name\":\"created_at\",\"type\":\"datetime\",\"args\":[{\"useTz\":false,\"precision\":6}],\"defaultTo\":null,\"notNullable\":false,\"unsigned\":false},{\"name\":\"updated_at\",\"type\":\"datetime\",\"args\":[{\"useTz\":false,\"precision\":6}],\"defaultTo\":null,\"notNullable\":false,\"unsigned\":false},{\"name\":\"published_at\",\"type\":\"datetime\",\"args\":[{\"useTz\":false,\"precision\":6}],\"defaultTo\":null,\"notNullable\":false,\"unsigned\":false},{\"name\":\"created_by_id\",\"type\":\"integer\",\"args\":[],\"defaultTo\":null,\"notNullable\":false,\"unsigned\":true},{\"name\":\"updated_by_id\",\"type\":\"integer\",\"args\":[],\"defaultTo\":null,\"notNullable\":false,\"unsigned\":true}]},{\"name\":\"comments\",\"indexes\":[{\"name\":\"comments_created_by_id_fk\",\"columns\":[\"created_by_id\"]},{\"name\":\"comments_updated_by_id_fk\",\"columns\":[\"updated_by_id\"]}],\"foreignKeys\":[{\"name\":\"comments_created_by_id_fk\",\"columns\":[\"created_by_id\"],\"referencedTable\":\"admin_users\",\"referencedColumns\":[\"id\"],\"onDelete\":\"SET NULL\"},{\"name\":\"comments_updated_by_id_fk\",\"columns\":[\"updated_by_id\"],\"referencedTable\":\"admin_users\",\"referencedColumns\":[\"id\"],\"onDelete\":\"SET NULL\"}],\"columns\":[{\"name\":\"id\",\"type\":\"increments\",\"args\":[{\"primary\":true,\"primaryKey\":true}],\"defaultTo\":null,\"notNullable\":true,\"unsigned\":false},{\"name\":\"product_id\",\"type\":\"string\",\"args\":[],\"defaultTo\":null,\"notNullable\":false,\"unsigned\":false},{\"name\":\"user_id\",\"type\":\"string\",\"args\":[],\"defaultTo\":null,\"notNullable\":false,\"unsigned\":false},{\"name\":\"comment\",\"type\":\"text\",\"args\":[\"longtext\"],\"defaultTo\":null,\"notNullable\":false,\"unsigned\":false},{\"name\":\"created_at\",\"type\":\"datetime\",\"args\":[{\"useTz\":false,\"precision\":6}],\"defaultTo\":null,\"notNullable\":false,\"unsigned\":false},{\"name\":\"updated_at\",\"type\":\"datetime\",\"args\":[{\"useTz\":false,\"precision\":6}],\"defaultTo\":null,\"notNullable\":false,\"unsigned\":false},{\"name\":\"published_at\",\"type\":\"datetime\",\"args\":[{\"useTz\":false,\"precision\":6}],\"defaultTo\":null,\"notNullable\":false,\"unsigned\":false},{\"name\":\"created_by_id\",\"type\":\"integer\",\"args\":[],\"defaultTo\":null,\"notNullable\":false,\"unsigned\":true},{\"name\":\"updated_by_id\",\"type\":\"integer\",\"args\":[],\"defaultTo\":null,\"notNullable\":false,\"unsigned\":true}]},{\"name\":\"favorite_products\",\"indexes\":[{\"name\":\"favorite_products_created_by_id_fk\",\"columns\":[\"created_by_id\"]},{\"name\":\"favorite_products_updated_by_id_fk\",\"columns\":[\"updated_by_id\"]}],\"foreignKeys\":[{\"name\":\"favorite_products_created_by_id_fk\",\"columns\":[\"created_by_id\"],\"referencedTable\":\"admin_users\",\"referencedColumns\":[\"id\"],\"onDelete\":\"SET NULL\"},{\"name\":\"favorite_products_updated_by_id_fk\",\"columns\":[\"updated_by_id\"],\"referencedTable\":\"admin_users\",\"referencedColumns\":[\"id\"],\"onDelete\":\"SET NULL\"}],\"columns\":[{\"name\":\"id\",\"type\":\"increments\",\"args\":[{\"primary\":true,\"primaryKey\":true}],\"defaultTo\":null,\"notNullable\":true,\"unsigned\":false},{\"name\":\"user_id\",\"type\":\"string\",\"args\":[],\"defaultTo\":null,\"notNullable\":false,\"unsigned\":false},{\"name\":\"product_id\",\"type\":\"string\",\"args\":[],\"defaultTo\":null,\"notNullable\":false,\"unsigned\":false},{\"name\":\"created_at\",\"type\":\"datetime\",\"args\":[{\"useTz\":false,\"precision\":6}],\"defaultTo\":null,\"notNullable\":false,\"unsigned\":false},{\"name\":\"updated_at\",\"type\":\"datetime\",\"args\":[{\"useTz\":false,\"precision\":6}],\"defaultTo\":null,\"notNullable\":false,\"unsigned\":false},{\"name\":\"created_by_id\",\"type\":\"integer\",\"args\":[],\"defaultTo\":null,\"notNullable\":false,\"unsigned\":true},{\"name\":\"updated_by_id\",\"type\":\"integer\",\"args\":[],\"defaultTo\":null,\"notNullable\":false,\"unsigned\":true}]},{\"name\":\"orders\",\"indexes\":[{\"name\":\"orders_created_by_id_fk\",\"columns\":[\"created_by_id\"]},{\"name\":\"orders_updated_by_id_fk\",\"columns\":[\"updated_by_id\"]}],\"foreignKeys\":[{\"name\":\"orders_created_by_id_fk\",\"columns\":[\"created_by_id\"],\"referencedTable\":\"admin_users\",\"referencedColumns\":[\"id\"],\"onDelete\":\"SET NULL\"},{\"name\":\"orders_updated_by_id_fk\",\"columns\":[\"updated_by_id\"],\"referencedTable\":\"admin_users\",\"referencedColumns\":[\"id\"],\"onDelete\":\"SET NULL\"}],\"columns\":[{\"name\":\"id\",\"type\":\"increments\",\"args\":[{\"primary\":true,\"primaryKey\":true}],\"defaultTo\":null,\"notNullable\":true,\"unsigned\":false},{\"name\":\"total_price\",\"type\":\"decimal\",\"args\":[10,2],\"defaultTo\":null,\"notNullable\":false,\"unsigned\":false},{\"name\":\"address\",\"type\":\"string\",\"args\":[],\"defaultTo\":null,\"notNullable\":false,\"unsigned\":false},{\"name\":\"payment_method\",\"type\":\"string\",\"args\":[],\"defaultTo\":null,\"notNullable\":false,\"unsigned\":false},{\"name\":\"status\",\"type\":\"string\",\"args\":[],\"defaultTo\":null,\"notNullable\":false,\"unsigned\":false},{\"name\":\"list_products\",\"type\":\"jsonb\",\"args\":[],\"defaultTo\":null,\"notNullable\":false,\"unsigned\":false},{\"name\":\"name\",\"type\":\"string\",\"args\":[],\"defaultTo\":null,\"notNullable\":false,\"unsigned\":false},{\"name\":\"email\",\"type\":\"string\",\"args\":[],\"defaultTo\":null,\"notNullable\":false,\"unsigned\":false},{\"name\":\"phone\",\"type\":\"string\",\"args\":[],\"defaultTo\":null,\"notNullable\":false,\"unsigned\":false},{\"name\":\"order_id\",\"type\":\"string\",\"args\":[],\"defaultTo\":null,\"notNullable\":false,\"unsigned\":false},{\"name\":\"user_id\",\"type\":\"string\",\"args\":[],\"defaultTo\":null,\"notNullable\":false,\"unsigned\":false},{\"name\":\"created_at\",\"type\":\"datetime\",\"args\":[{\"useTz\":false,\"precision\":6}],\"defaultTo\":null,\"notNullable\":false,\"unsigned\":false},{\"name\":\"updated_at\",\"type\":\"datetime\",\"args\":[{\"useTz\":false,\"precision\":6}],\"defaultTo\":null,\"notNullable\":false,\"unsigned\":false},{\"name\":\"published_at\",\"type\":\"datetime\",\"args\":[{\"useTz\":false,\"precision\":6}],\"defaultTo\":null,\"notNullable\":false,\"unsigned\":false},{\"name\":\"created_by_id\",\"type\":\"integer\",\"args\":[],\"defaultTo\":null,\"notNullable\":false,\"unsigned\":true},{\"name\":\"updated_by_id\",\"type\":\"integer\",\"args\":[],\"defaultTo\":null,\"notNullable\":false,\"unsigned\":true}]},{\"name\":\"products\",\"indexes\":[{\"type\":\"unique\",\"name\":\"products_slug_unique\",\"columns\":[\"slug\"]},{\"name\":\"products_created_by_id_fk\",\"columns\":[\"created_by_id\"]},{\"name\":\"products_updated_by_id_fk\",\"columns\":[\"updated_by_id\"]}],\"foreignKeys\":[{\"name\":\"products_created_by_id_fk\",\"columns\":[\"created_by_id\"],\"referencedTable\":\"admin_users\",\"referencedColumns\":[\"id\"],\"onDelete\":\"SET NULL\"},{\"name\":\"products_updated_by_id_fk\",\"columns\":[\"updated_by_id\"],\"referencedTable\":\"admin_users\",\"referencedColumns\":[\"id\"],\"onDelete\":\"SET NULL\"}],\"columns\":[{\"name\":\"id\",\"type\":\"increments\",\"args\":[{\"primary\":true,\"primaryKey\":true}],\"defaultTo\":null,\"notNullable\":true,\"unsigned\":false},{\"name\":\"name\",\"type\":\"string\",\"args\":[],\"defaultTo\":null,\"notNullable\":false,\"unsigned\":false},{\"name\":\"subtitle\",\"type\":\"string\",\"args\":[],\"defaultTo\":null,\"notNullable\":false,\"unsigned\":false},{\"name\":\"price\",\"type\":\"decimal\",\"args\":[10,2],\"defaultTo\":null,\"notNullable\":false,\"unsigned\":false},{\"name\":\"description\",\"type\":\"text\",\"args\":[\"longtext\"],\"defaultTo\":null,\"notNullable\":false,\"unsigned\":false},{\"name\":\"original_price\",\"type\":\"decimal\",\"args\":[10,2],\"defaultTo\":null,\"notNullable\":false,\"unsigned\":false},{\"name\":\"slug\",\"type\":\"string\",\"args\":[],\"defaultTo\":null,\"notNullable\":false,\"unsigned\":false,\"unique\":true},{\"name\":\"created_at\",\"type\":\"datetime\",\"args\":[{\"useTz\":false,\"precision\":6}],\"defaultTo\":null,\"notNullable\":false,\"unsigned\":false},{\"name\":\"updated_at\",\"type\":\"datetime\",\"args\":[{\"useTz\":false,\"precision\":6}],\"defaultTo\":null,\"notNullable\":false,\"unsigned\":false},{\"name\":\"published_at\",\"type\":\"datetime\",\"args\":[{\"useTz\":false,\"precision\":6}],\"defaultTo\":null,\"notNullable\":false,\"unsigned\":false},{\"name\":\"created_by_id\",\"type\":\"integer\",\"args\":[],\"defaultTo\":null,\"notNullable\":false,\"unsigned\":true},{\"name\":\"updated_by_id\",\"type\":\"integer\",\"args\":[],\"defaultTo\":null,\"notNullable\":false,\"unsigned\":true}]},{\"name\":\"components_cart_data_cart_data\",\"indexes\":[],\"foreignKeys\":[],\"columns\":[{\"name\":\"id\",\"type\":\"increments\",\"args\":[{\"primary\":true,\"primaryKey\":true}],\"defaultTo\":null,\"notNullable\":true,\"unsigned\":false},{\"name\":\"product_id\",\"type\":\"string\",\"args\":[],\"defaultTo\":null,\"notNullable\":false,\"unsigned\":false}]},{\"name\":\"components_cart_product_cart_products\",\"indexes\":[],\"foreignKeys\":[],\"columns\":[{\"name\":\"id\",\"type\":\"increments\",\"args\":[{\"primary\":true,\"primaryKey\":true}],\"defaultTo\":null,\"notNullable\":true,\"unsigned\":false}]},{\"name\":\"components_product_list_products\",\"indexes\":[],\"foreignKeys\":[],\"columns\":[{\"name\":\"id\",\"type\":\"increments\",\"args\":[{\"primary\":true,\"primaryKey\":true}],\"defaultTo\":null,\"notNullable\":true,\"unsigned\":false},{\"name\":\"count\",\"type\":\"integer\",\"args\":[],\"defaultTo\":null,\"notNullable\":false,\"unsigned\":false},{\"name\":\"price\",\"type\":\"decimal\",\"args\":[10,2],\"defaultTo\":null,\"notNullable\":false,\"unsigned\":false}]},{\"name\":\"components_size_sizes\",\"indexes\":[],\"foreignKeys\":[],\"columns\":[{\"name\":\"id\",\"type\":\"increments\",\"args\":[{\"primary\":true,\"primaryKey\":true}],\"defaultTo\":null,\"notNullable\":true,\"unsigned\":false},{\"name\":\"name\",\"type\":\"string\",\"args\":[],\"defaultTo\":null,\"notNullable\":false,\"unsigned\":false},{\"name\":\"stock\",\"type\":\"integer\",\"args\":[],\"defaultTo\":null,\"notNullable\":false,\"unsigned\":false}]},{\"name\":\"admin_permissions_role_links\",\"indexes\":[{\"name\":\"admin_permissions_role_links_fk\",\"columns\":[\"permission_id\"]},{\"name\":\"admin_permissions_role_links_inv_fk\",\"columns\":[\"role_id\"]},{\"name\":\"admin_permissions_role_links_unique\",\"columns\":[\"permission_id\",\"role_id\"],\"type\":\"unique\"},{\"name\":\"admin_permissions_role_links_order_inv_fk\",\"columns\":[\"permission_order\"]}],\"foreignKeys\":[{\"name\":\"admin_permissions_role_links_fk\",\"columns\":[\"permission_id\"],\"referencedColumns\":[\"id\"],\"referencedTable\":\"admin_permissions\",\"onDelete\":\"CASCADE\"},{\"name\":\"admin_permissions_role_links_inv_fk\",\"columns\":[\"role_id\"],\"referencedColumns\":[\"id\"],\"referencedTable\":\"admin_roles\",\"onDelete\":\"CASCADE\"}],\"columns\":[{\"name\":\"id\",\"type\":\"increments\",\"args\":[{\"primary\":true,\"primaryKey\":true}],\"defaultTo\":null,\"notNullable\":true,\"unsigned\":false},{\"name\":\"permission_id\",\"type\":\"integer\",\"args\":[],\"defaultTo\":null,\"notNullable\":false,\"unsigned\":true},{\"name\":\"role_id\",\"type\":\"integer\",\"args\":[],\"defaultTo\":null,\"notNullable\":false,\"unsigned\":true},{\"name\":\"permission_order\",\"type\":\"double\",\"args\":[],\"defaultTo\":null,\"notNullable\":false,\"unsigned\":true}]},{\"name\":\"admin_users_roles_links\",\"indexes\":[{\"name\":\"admin_users_roles_links_fk\",\"columns\":[\"user_id\"]},{\"name\":\"admin_users_roles_links_inv_fk\",\"columns\":[\"role_id\"]},{\"name\":\"admin_users_roles_links_unique\",\"columns\":[\"user_id\",\"role_id\"],\"type\":\"unique\"},{\"name\":\"admin_users_roles_links_order_fk\",\"columns\":[\"role_order\"]},{\"name\":\"admin_users_roles_links_order_inv_fk\",\"columns\":[\"user_order\"]}],\"foreignKeys\":[{\"name\":\"admin_users_roles_links_fk\",\"columns\":[\"user_id\"],\"referencedColumns\":[\"id\"],\"referencedTable\":\"admin_users\",\"onDelete\":\"CASCADE\"},{\"name\":\"admin_users_roles_links_inv_fk\",\"columns\":[\"role_id\"],\"referencedColumns\":[\"id\"],\"referencedTable\":\"admin_roles\",\"onDelete\":\"CASCADE\"}],\"columns\":[{\"name\":\"id\",\"type\":\"increments\",\"args\":[{\"primary\":true,\"primaryKey\":true}],\"defaultTo\":null,\"notNullable\":true,\"unsigned\":false},{\"name\":\"user_id\",\"type\":\"integer\",\"args\":[],\"defaultTo\":null,\"notNullable\":false,\"unsigned\":true},{\"name\":\"role_id\",\"type\":\"integer\",\"args\":[],\"defaultTo\":null,\"notNullable\":false,\"unsigned\":true},{\"name\":\"role_order\",\"type\":\"double\",\"args\":[],\"defaultTo\":null,\"notNullable\":false,\"unsigned\":true},{\"name\":\"user_order\",\"type\":\"double\",\"args\":[],\"defaultTo\":null,\"notNullable\":false,\"unsigned\":true}]},{\"name\":\"strapi_api_token_permissions_token_links\",\"indexes\":[{\"name\":\"strapi_api_token_permissions_token_links_fk\",\"columns\":[\"api_token_permission_id\"]},{\"name\":\"strapi_api_token_permissions_token_links_inv_fk\",\"columns\":[\"api_token_id\"]},{\"name\":\"strapi_api_token_permissions_token_links_unique\",\"columns\":[\"api_token_permission_id\",\"api_token_id\"],\"type\":\"unique\"},{\"name\":\"strapi_api_token_permissions_token_links_order_inv_fk\",\"columns\":[\"api_token_permission_order\"]}],\"foreignKeys\":[{\"name\":\"strapi_api_token_permissions_token_links_fk\",\"columns\":[\"api_token_permission_id\"],\"referencedColumns\":[\"id\"],\"referencedTable\":\"strapi_api_token_permissions\",\"onDelete\":\"CASCADE\"},{\"name\":\"strapi_api_token_permissions_token_links_inv_fk\",\"columns\":[\"api_token_id\"],\"referencedColumns\":[\"id\"],\"referencedTable\":\"strapi_api_tokens\",\"onDelete\":\"CASCADE\"}],\"columns\":[{\"name\":\"id\",\"type\":\"increments\",\"args\":[{\"primary\":true,\"primaryKey\":true}],\"defaultTo\":null,\"notNullable\":true,\"unsigned\":false},{\"name\":\"api_token_permission_id\",\"type\":\"integer\",\"args\":[],\"defaultTo\":null,\"notNullable\":false,\"unsigned\":true},{\"name\":\"api_token_id\",\"type\":\"integer\",\"args\":[],\"defaultTo\":null,\"notNullable\":false,\"unsigned\":true},{\"name\":\"api_token_permission_order\",\"type\":\"double\",\"args\":[],\"defaultTo\":null,\"notNullable\":false,\"unsigned\":true}]},{\"name\":\"strapi_transfer_token_permissions_token_links\",\"indexes\":[{\"name\":\"strapi_transfer_token_permissions_token_links_fk\",\"columns\":[\"transfer_token_permission_id\"]},{\"name\":\"strapi_transfer_token_permissions_token_links_inv_fk\",\"columns\":[\"transfer_token_id\"]},{\"name\":\"strapi_transfer_token_permissions_token_links_unique\",\"columns\":[\"transfer_token_permission_id\",\"transfer_token_id\"],\"type\":\"unique\"},{\"name\":\"strapi_transfer_token_permissions_token_links_order_inv_fk\",\"columns\":[\"transfer_token_permission_order\"]}],\"foreignKeys\":[{\"name\":\"strapi_transfer_token_permissions_token_links_fk\",\"columns\":[\"transfer_token_permission_id\"],\"referencedColumns\":[\"id\"],\"referencedTable\":\"strapi_transfer_token_permissions\",\"onDelete\":\"CASCADE\"},{\"name\":\"strapi_transfer_token_permissions_token_links_inv_fk\",\"columns\":[\"transfer_token_id\"],\"referencedColumns\":[\"id\"],\"referencedTable\":\"strapi_transfer_tokens\",\"onDelete\":\"CASCADE\"}],\"columns\":[{\"name\":\"id\",\"type\":\"increments\",\"args\":[{\"primary\":true,\"primaryKey\":true}],\"defaultTo\":null,\"notNullable\":true,\"unsigned\":false},{\"name\":\"transfer_token_permission_id\",\"type\":\"integer\",\"args\":[],\"defaultTo\":null,\"notNullable\":false,\"unsigned\":true},{\"name\":\"transfer_token_id\",\"type\":\"integer\",\"args\":[],\"defaultTo\":null,\"notNullable\":false,\"unsigned\":true},{\"name\":\"transfer_token_permission_order\",\"type\":\"double\",\"args\":[],\"defaultTo\":null,\"notNullable\":false,\"unsigned\":true}]},{\"name\":\"files_related_morphs\",\"indexes\":[{\"name\":\"files_related_morphs_fk\",\"columns\":[\"file_id\"]}],\"foreignKeys\":[{\"name\":\"files_related_morphs_fk\",\"columns\":[\"file_id\"],\"referencedColumns\":[\"id\"],\"referencedTable\":\"files\",\"onDelete\":\"CASCADE\"}],\"columns\":[{\"name\":\"id\",\"type\":\"increments\",\"args\":[{\"primary\":true,\"primaryKey\":true}],\"defaultTo\":null,\"notNullable\":true,\"unsigned\":false},{\"name\":\"file_id\",\"type\":\"integer\",\"args\":[],\"defaultTo\":null,\"notNullable\":false,\"unsigned\":true},{\"name\":\"related_id\",\"type\":\"integer\",\"args\":[],\"defaultTo\":null,\"notNullable\":false,\"unsigned\":true},{\"name\":\"related_type\",\"type\":\"string\",\"args\":[],\"defaultTo\":null,\"notNullable\":false,\"unsigned\":false},{\"name\":\"field\",\"type\":\"string\",\"args\":[],\"defaultTo\":null,\"notNullable\":false,\"unsigned\":false},{\"name\":\"order\",\"type\":\"double\",\"args\":[],\"defaultTo\":null,\"notNullable\":false,\"unsigned\":true}]},{\"name\":\"files_folder_links\",\"indexes\":[{\"name\":\"files_folder_links_fk\",\"columns\":[\"file_id\"]},{\"name\":\"files_folder_links_inv_fk\",\"columns\":[\"folder_id\"]},{\"name\":\"files_folder_links_unique\",\"columns\":[\"file_id\",\"folder_id\"],\"type\":\"unique\"},{\"name\":\"files_folder_links_order_inv_fk\",\"columns\":[\"file_order\"]}],\"foreignKeys\":[{\"name\":\"files_folder_links_fk\",\"columns\":[\"file_id\"],\"referencedColumns\":[\"id\"],\"referencedTable\":\"files\",\"onDelete\":\"CASCADE\"},{\"name\":\"files_folder_links_inv_fk\",\"columns\":[\"folder_id\"],\"referencedColumns\":[\"id\"],\"referencedTable\":\"upload_folders\",\"onDelete\":\"CASCADE\"}],\"columns\":[{\"name\":\"id\",\"type\":\"increments\",\"args\":[{\"primary\":true,\"primaryKey\":true}],\"defaultTo\":null,\"notNullable\":true,\"unsigned\":false},{\"name\":\"file_id\",\"type\":\"integer\",\"args\":[],\"defaultTo\":null,\"notNullable\":false,\"unsigned\":true},{\"name\":\"folder_id\",\"type\":\"integer\",\"args\":[],\"defaultTo\":null,\"notNullable\":false,\"unsigned\":true},{\"name\":\"file_order\",\"type\":\"double\",\"args\":[],\"defaultTo\":null,\"notNullable\":false,\"unsigned\":true}]},{\"name\":\"upload_folders_parent_links\",\"indexes\":[{\"name\":\"upload_folders_parent_links_fk\",\"columns\":[\"folder_id\"]},{\"name\":\"upload_folders_parent_links_inv_fk\",\"columns\":[\"inv_folder_id\"]},{\"name\":\"upload_folders_parent_links_unique\",\"columns\":[\"folder_id\",\"inv_folder_id\"],\"type\":\"unique\"},{\"name\":\"upload_folders_parent_links_order_inv_fk\",\"columns\":[\"folder_order\"]}],\"foreignKeys\":[{\"name\":\"upload_folders_parent_links_fk\",\"columns\":[\"folder_id\"],\"referencedColumns\":[\"id\"],\"referencedTable\":\"upload_folders\",\"onDelete\":\"CASCADE\"},{\"name\":\"upload_folders_parent_links_inv_fk\",\"columns\":[\"inv_folder_id\"],\"referencedColumns\":[\"id\"],\"referencedTable\":\"upload_folders\",\"onDelete\":\"CASCADE\"}],\"columns\":[{\"name\":\"id\",\"type\":\"increments\",\"args\":[{\"primary\":true,\"primaryKey\":true}],\"defaultTo\":null,\"notNullable\":true,\"unsigned\":false},{\"name\":\"folder_id\",\"type\":\"integer\",\"args\":[],\"defaultTo\":null,\"notNullable\":false,\"unsigned\":true},{\"name\":\"inv_folder_id\",\"type\":\"integer\",\"args\":[],\"defaultTo\":null,\"notNullable\":false,\"unsigned\":true},{\"name\":\"folder_order\",\"type\":\"double\",\"args\":[],\"defaultTo\":null,\"notNullable\":false,\"unsigned\":true}]},{\"name\":\"up_permissions_role_links\",\"indexes\":[{\"name\":\"up_permissions_role_links_fk\",\"columns\":[\"permission_id\"]},{\"name\":\"up_permissions_role_links_inv_fk\",\"columns\":[\"role_id\"]},{\"name\":\"up_permissions_role_links_unique\",\"columns\":[\"permission_id\",\"role_id\"],\"type\":\"unique\"},{\"name\":\"up_permissions_role_links_order_inv_fk\",\"columns\":[\"permission_order\"]}],\"foreignKeys\":[{\"name\":\"up_permissions_role_links_fk\",\"columns\":[\"permission_id\"],\"referencedColumns\":[\"id\"],\"referencedTable\":\"up_permissions\",\"onDelete\":\"CASCADE\"},{\"name\":\"up_permissions_role_links_inv_fk\",\"columns\":[\"role_id\"],\"referencedColumns\":[\"id\"],\"referencedTable\":\"up_roles\",\"onDelete\":\"CASCADE\"}],\"columns\":[{\"name\":\"id\",\"type\":\"increments\",\"args\":[{\"primary\":true,\"primaryKey\":true}],\"defaultTo\":null,\"notNullable\":true,\"unsigned\":false},{\"name\":\"permission_id\",\"type\":\"integer\",\"args\":[],\"defaultTo\":null,\"notNullable\":false,\"unsigned\":true},{\"name\":\"role_id\",\"type\":\"integer\",\"args\":[],\"defaultTo\":null,\"notNullable\":false,\"unsigned\":true},{\"name\":\"permission_order\",\"type\":\"double\",\"args\":[],\"defaultTo\":null,\"notNullable\":false,\"unsigned\":true}]},{\"name\":\"up_users_role_links\",\"indexes\":[{\"name\":\"up_users_role_links_fk\",\"columns\":[\"user_id\"]},{\"name\":\"up_users_role_links_inv_fk\",\"columns\":[\"role_id\"]},{\"name\":\"up_users_role_links_unique\",\"columns\":[\"user_id\",\"role_id\"],\"type\":\"unique\"},{\"name\":\"up_users_role_links_order_inv_fk\",\"columns\":[\"user_order\"]}],\"foreignKeys\":[{\"name\":\"up_users_role_links_fk\",\"columns\":[\"user_id\"],\"referencedColumns\":[\"id\"],\"referencedTable\":\"up_users\",\"onDelete\":\"CASCADE\"},{\"name\":\"up_users_role_links_inv_fk\",\"columns\":[\"role_id\"],\"referencedColumns\":[\"id\"],\"referencedTable\":\"up_roles\",\"onDelete\":\"CASCADE\"}],\"columns\":[{\"name\":\"id\",\"type\":\"increments\",\"args\":[{\"primary\":true,\"primaryKey\":true}],\"defaultTo\":null,\"notNullable\":true,\"unsigned\":false},{\"name\":\"user_id\",\"type\":\"integer\",\"args\":[],\"defaultTo\":null,\"notNullable\":false,\"unsigned\":true},{\"name\":\"role_id\",\"type\":\"integer\",\"args\":[],\"defaultTo\":null,\"notNullable\":false,\"unsigned\":true},{\"name\":\"user_order\",\"type\":\"double\",\"args\":[],\"defaultTo\":null,\"notNullable\":false,\"unsigned\":true}]},{\"name\":\"cards_components\",\"indexes\":[{\"name\":\"cards_field_index\",\"columns\":[\"field\"],\"type\":null},{\"name\":\"cards_component_type_index\",\"columns\":[\"component_type\"],\"type\":null},{\"name\":\"cards_entity_fk\",\"columns\":[\"entity_id\"]},{\"name\":\"cards_unique\",\"columns\":[\"entity_id\",\"component_id\",\"field\",\"component_type\"],\"type\":\"unique\"}],\"foreignKeys\":[{\"name\":\"cards_entity_fk\",\"columns\":[\"entity_id\"],\"referencedColumns\":[\"id\"],\"referencedTable\":\"cards\",\"onDelete\":\"CASCADE\"}],\"columns\":[{\"name\":\"id\",\"type\":\"increments\",\"args\":[{\"primary\":true,\"primaryKey\":true}],\"defaultTo\":null,\"notNullable\":true,\"unsigned\":false},{\"name\":\"entity_id\",\"type\":\"integer\",\"args\":[],\"defaultTo\":null,\"notNullable\":false,\"unsigned\":true},{\"name\":\"component_id\",\"type\":\"integer\",\"args\":[],\"defaultTo\":null,\"notNullable\":false,\"unsigned\":true},{\"name\":\"component_type\",\"type\":\"string\",\"args\":[],\"defaultTo\":null,\"notNullable\":false,\"unsigned\":false},{\"name\":\"field\",\"type\":\"string\",\"args\":[],\"defaultTo\":null,\"notNullable\":false,\"unsigned\":false},{\"name\":\"order\",\"type\":\"double\",\"args\":[],\"defaultTo\":null,\"notNullable\":false,\"unsigned\":true}]},{\"name\":\"cards_products_links\",\"indexes\":[{\"name\":\"cards_products_links_fk\",\"columns\":[\"card_id\"]},{\"name\":\"cards_products_links_inv_fk\",\"columns\":[\"product_id\"]},{\"name\":\"cards_products_links_unique\",\"columns\":[\"card_id\",\"product_id\"],\"type\":\"unique\"},{\"name\":\"cards_products_links_order_fk\",\"columns\":[\"product_order\"]},{\"name\":\"cards_products_links_order_inv_fk\",\"columns\":[\"card_order\"]}],\"foreignKeys\":[{\"name\":\"cards_products_links_fk\",\"columns\":[\"card_id\"],\"referencedColumns\":[\"id\"],\"referencedTable\":\"cards\",\"onDelete\":\"CASCADE\"},{\"name\":\"cards_products_links_inv_fk\",\"columns\":[\"product_id\"],\"referencedColumns\":[\"id\"],\"referencedTable\":\"products\",\"onDelete\":\"CASCADE\"}],\"columns\":[{\"name\":\"id\",\"type\":\"increments\",\"args\":[{\"primary\":true,\"primaryKey\":true}],\"defaultTo\":null,\"notNullable\":true,\"unsigned\":false},{\"name\":\"card_id\",\"type\":\"integer\",\"args\":[],\"defaultTo\":null,\"notNullable\":false,\"unsigned\":true},{\"name\":\"product_id\",\"type\":\"integer\",\"args\":[],\"defaultTo\":null,\"notNullable\":false,\"unsigned\":true},{\"name\":\"product_order\",\"type\":\"double\",\"args\":[],\"defaultTo\":null,\"notNullable\":false,\"unsigned\":true},{\"name\":\"card_order\",\"type\":\"double\",\"args\":[],\"defaultTo\":null,\"notNullable\":false,\"unsigned\":true}]},{\"name\":\"cards_users_permissions_user_links\",\"indexes\":[{\"name\":\"cards_users_permissions_user_links_fk\",\"columns\":[\"card_id\"]},{\"name\":\"cards_users_permissions_user_links_inv_fk\",\"columns\":[\"user_id\"]},{\"name\":\"cards_users_permissions_user_links_unique\",\"columns\":[\"card_id\",\"user_id\"],\"type\":\"unique\"}],\"foreignKeys\":[{\"name\":\"cards_users_permissions_user_links_fk\",\"columns\":[\"card_id\"],\"referencedColumns\":[\"id\"],\"referencedTable\":\"cards\",\"onDelete\":\"CASCADE\"},{\"name\":\"cards_users_permissions_user_links_inv_fk\",\"columns\":[\"user_id\"],\"referencedColumns\":[\"id\"],\"referencedTable\":\"up_users\",\"onDelete\":\"CASCADE\"}],\"columns\":[{\"name\":\"id\",\"type\":\"increments\",\"args\":[{\"primary\":true,\"primaryKey\":true}],\"defaultTo\":null,\"notNullable\":true,\"unsigned\":false},{\"name\":\"card_id\",\"type\":\"integer\",\"args\":[],\"defaultTo\":null,\"notNullable\":false,\"unsigned\":true},{\"name\":\"user_id\",\"type\":\"integer\",\"args\":[],\"defaultTo\":null,\"notNullable\":false,\"unsigned\":true}]},{\"name\":\"comments_users_permissions_user_links\",\"indexes\":[{\"name\":\"comments_users_permissions_user_links_fk\",\"columns\":[\"comment_id\"]},{\"name\":\"comments_users_permissions_user_links_inv_fk\",\"columns\":[\"user_id\"]},{\"name\":\"comments_users_permissions_user_links_unique\",\"columns\":[\"comment_id\",\"user_id\"],\"type\":\"unique\"}],\"foreignKeys\":[{\"name\":\"comments_users_permissions_user_links_fk\",\"columns\":[\"comment_id\"],\"referencedColumns\":[\"id\"],\"referencedTable\":\"comments\",\"onDelete\":\"CASCADE\"},{\"name\":\"comments_users_permissions_user_links_inv_fk\",\"columns\":[\"user_id\"],\"referencedColumns\":[\"id\"],\"referencedTable\":\"up_users\",\"onDelete\":\"CASCADE\"}],\"columns\":[{\"name\":\"id\",\"type\":\"increments\",\"args\":[{\"primary\":true,\"primaryKey\":true}],\"defaultTo\":null,\"notNullable\":true,\"unsigned\":false},{\"name\":\"comment_id\",\"type\":\"integer\",\"args\":[],\"defaultTo\":null,\"notNullable\":false,\"unsigned\":true},{\"name\":\"user_id\",\"type\":\"integer\",\"args\":[],\"defaultTo\":null,\"notNullable\":false,\"unsigned\":true}]},{\"name\":\"orders_components\",\"indexes\":[{\"name\":\"orders_field_index\",\"columns\":[\"field\"],\"type\":null},{\"name\":\"orders_component_type_index\",\"columns\":[\"component_type\"],\"type\":null},{\"name\":\"orders_entity_fk\",\"columns\":[\"entity_id\"]},{\"name\":\"orders_unique\",\"columns\":[\"entity_id\",\"component_id\",\"field\",\"component_type\"],\"type\":\"unique\"}],\"foreignKeys\":[{\"name\":\"orders_entity_fk\",\"columns\":[\"entity_id\"],\"referencedColumns\":[\"id\"],\"referencedTable\":\"orders\",\"onDelete\":\"CASCADE\"}],\"columns\":[{\"name\":\"id\",\"type\":\"increments\",\"args\":[{\"primary\":true,\"primaryKey\":true}],\"defaultTo\":null,\"notNullable\":true,\"unsigned\":false},{\"name\":\"entity_id\",\"type\":\"integer\",\"args\":[],\"defaultTo\":null,\"notNullable\":false,\"unsigned\":true},{\"name\":\"component_id\",\"type\":\"integer\",\"args\":[],\"defaultTo\":null,\"notNullable\":false,\"unsigned\":true},{\"name\":\"component_type\",\"type\":\"string\",\"args\":[],\"defaultTo\":null,\"notNullable\":false,\"unsigned\":false},{\"name\":\"field\",\"type\":\"string\",\"args\":[],\"defaultTo\":null,\"notNullable\":false,\"unsigned\":false},{\"name\":\"order\",\"type\":\"double\",\"args\":[],\"defaultTo\":null,\"notNullable\":false,\"unsigned\":true}]},{\"name\":\"orders_user_links\",\"indexes\":[{\"name\":\"orders_user_links_fk\",\"columns\":[\"order_id\"]},{\"name\":\"orders_user_links_inv_fk\",\"columns\":[\"user_id\"]},{\"name\":\"orders_user_links_unique\",\"columns\":[\"order_id\",\"user_id\"],\"type\":\"unique\"}],\"foreignKeys\":[{\"name\":\"orders_user_links_fk\",\"columns\":[\"order_id\"],\"referencedColumns\":[\"id\"],\"referencedTable\":\"orders\",\"onDelete\":\"CASCADE\"},{\"name\":\"orders_user_links_inv_fk\",\"columns\":[\"user_id\"],\"referencedColumns\":[\"id\"],\"referencedTable\":\"up_users\",\"onDelete\":\"CASCADE\"}],\"columns\":[{\"name\":\"id\",\"type\":\"increments\",\"args\":[{\"primary\":true,\"primaryKey\":true}],\"defaultTo\":null,\"notNullable\":true,\"unsigned\":false},{\"name\":\"order_id\",\"type\":\"integer\",\"args\":[],\"defaultTo\":null,\"notNullable\":false,\"unsigned\":true},{\"name\":\"user_id\",\"type\":\"integer\",\"args\":[],\"defaultTo\":null,\"notNullable\":false,\"unsigned\":true}]},{\"name\":\"products_components\",\"indexes\":[{\"name\":\"products_field_index\",\"columns\":[\"field\"],\"type\":null},{\"name\":\"products_component_type_index\",\"columns\":[\"component_type\"],\"type\":null},{\"name\":\"products_entity_fk\",\"columns\":[\"entity_id\"]},{\"name\":\"products_unique\",\"columns\":[\"entity_id\",\"component_id\",\"field\",\"component_type\"],\"type\":\"unique\"}],\"foreignKeys\":[{\"name\":\"products_entity_fk\",\"columns\":[\"entity_id\"],\"referencedColumns\":[\"id\"],\"referencedTable\":\"products\",\"onDelete\":\"CASCADE\"}],\"columns\":[{\"name\":\"id\",\"type\":\"increments\",\"args\":[{\"primary\":true,\"primaryKey\":true}],\"defaultTo\":null,\"notNullable\":true,\"unsigned\":false},{\"name\":\"entity_id\",\"type\":\"integer\",\"args\":[],\"defaultTo\":null,\"notNullable\":false,\"unsigned\":true},{\"name\":\"component_id\",\"type\":\"integer\",\"args\":[],\"defaultTo\":null,\"notNullable\":false,\"unsigned\":true},{\"name\":\"component_type\",\"type\":\"string\",\"args\":[],\"defaultTo\":null,\"notNullable\":false,\"unsigned\":false},{\"name\":\"field\",\"type\":\"string\",\"args\":[],\"defaultTo\":null,\"notNullable\":false,\"unsigned\":false},{\"name\":\"order\",\"type\":\"double\",\"args\":[],\"defaultTo\":null,\"notNullable\":false,\"unsigned\":true}]},{\"name\":\"products_categories_links\",\"indexes\":[{\"name\":\"products_categories_links_fk\",\"columns\":[\"product_id\"]},{\"name\":\"products_categories_links_inv_fk\",\"columns\":[\"category_id\"]},{\"name\":\"products_categories_links_unique\",\"columns\":[\"product_id\",\"category_id\"],\"type\":\"unique\"},{\"name\":\"products_categories_links_order_fk\",\"columns\":[\"category_order\"]},{\"name\":\"products_categories_links_order_inv_fk\",\"columns\":[\"product_order\"]}],\"foreignKeys\":[{\"name\":\"products_categories_links_fk\",\"columns\":[\"product_id\"],\"referencedColumns\":[\"id\"],\"referencedTable\":\"products\",\"onDelete\":\"CASCADE\"},{\"name\":\"products_categories_links_inv_fk\",\"columns\":[\"category_id\"],\"referencedColumns\":[\"id\"],\"referencedTable\":\"categories\",\"onDelete\":\"CASCADE\"}],\"columns\":[{\"name\":\"id\",\"type\":\"increments\",\"args\":[{\"primary\":true,\"primaryKey\":true}],\"defaultTo\":null,\"notNullable\":true,\"unsigned\":false},{\"name\":\"product_id\",\"type\":\"integer\",\"args\":[],\"defaultTo\":null,\"notNullable\":false,\"unsigned\":true},{\"name\":\"category_id\",\"type\":\"integer\",\"args\":[],\"defaultTo\":null,\"notNullable\":false,\"unsigned\":true},{\"name\":\"category_order\",\"type\":\"double\",\"args\":[],\"defaultTo\":null,\"notNullable\":false,\"unsigned\":true},{\"name\":\"product_order\",\"type\":\"double\",\"args\":[],\"defaultTo\":null,\"notNullable\":false,\"unsigned\":true}]},{\"name\":\"components_cart_data_cart_data_components\",\"indexes\":[{\"name\":\"components_cart_data_cart_data_field_index\",\"columns\":[\"field\"],\"type\":null},{\"name\":\"components_cart_data_cart_data_component_type_index\",\"columns\":[\"component_type\"],\"type\":null},{\"name\":\"components_cart_data_cart_data_entity_fk\",\"columns\":[\"entity_id\"]},{\"name\":\"components_cart_data_cart_data_unique\",\"columns\":[\"entity_id\",\"component_id\",\"field\",\"component_type\"],\"type\":\"unique\"}],\"foreignKeys\":[{\"name\":\"components_cart_data_cart_data_entity_fk\",\"columns\":[\"entity_id\"],\"referencedColumns\":[\"id\"],\"referencedTable\":\"components_cart_data_cart_data\",\"onDelete\":\"CASCADE\"}],\"columns\":[{\"name\":\"id\",\"type\":\"increments\",\"args\":[{\"primary\":true,\"primaryKey\":true}],\"defaultTo\":null,\"notNullable\":true,\"unsigned\":false},{\"name\":\"entity_id\",\"type\":\"integer\",\"args\":[],\"defaultTo\":null,\"notNullable\":false,\"unsigned\":true},{\"name\":\"component_id\",\"type\":\"integer\",\"args\":[],\"defaultTo\":null,\"notNullable\":false,\"unsigned\":true},{\"name\":\"component_type\",\"type\":\"string\",\"args\":[],\"defaultTo\":null,\"notNullable\":false,\"unsigned\":false},{\"name\":\"field\",\"type\":\"string\",\"args\":[],\"defaultTo\":null,\"notNullable\":false,\"unsigned\":false},{\"name\":\"order\",\"type\":\"double\",\"args\":[],\"defaultTo\":null,\"notNullable\":false,\"unsigned\":true}]},{\"name\":\"components_cart_product_cart_products_components\",\"indexes\":[{\"name\":\"components_cart_product_cart_products_field_index\",\"columns\":[\"field\"],\"type\":null},{\"name\":\"components_cart_product_cart_products_component_type_index\",\"columns\":[\"component_type\"],\"type\":null},{\"name\":\"components_cart_product_cart_products_entity_fk\",\"columns\":[\"entity_id\"]},{\"name\":\"components_cart_product_cart_products_unique\",\"columns\":[\"entity_id\",\"component_id\",\"field\",\"component_type\"],\"type\":\"unique\"}],\"foreignKeys\":[{\"name\":\"components_cart_product_cart_products_entity_fk\",\"columns\":[\"entity_id\"],\"referencedColumns\":[\"id\"],\"referencedTable\":\"components_cart_product_cart_products\",\"onDelete\":\"CASCADE\"}],\"columns\":[{\"name\":\"id\",\"type\":\"increments\",\"args\":[{\"primary\":true,\"primaryKey\":true}],\"defaultTo\":null,\"notNullable\":true,\"unsigned\":false},{\"name\":\"entity_id\",\"type\":\"integer\",\"args\":[],\"defaultTo\":null,\"notNullable\":false,\"unsigned\":true},{\"name\":\"component_id\",\"type\":\"integer\",\"args\":[],\"defaultTo\":null,\"notNullable\":false,\"unsigned\":true},{\"name\":\"component_type\",\"type\":\"string\",\"args\":[],\"defaultTo\":null,\"notNullable\":false,\"unsigned\":false},{\"name\":\"field\",\"type\":\"string\",\"args\":[],\"defaultTo\":null,\"notNullable\":false,\"unsigned\":false},{\"name\":\"order\",\"type\":\"double\",\"args\":[],\"defaultTo\":null,\"notNullable\":false,\"unsigned\":true}]},{\"name\":\"components_cart_product_cart_products_products_links\",\"indexes\":[{\"name\":\"components_cart_product_cart_products_products_links_fk\",\"columns\":[\"cart_product_id\"]},{\"name\":\"components_cart_product_cart_products_products_links_inv_fk\",\"columns\":[\"product_id\"]},{\"name\":\"components_cart_product_cart_products_products_links_unique\",\"columns\":[\"cart_product_id\",\"product_id\"],\"type\":\"unique\"},{\"name\":\"components_cart_product_cart_products_products_links_order_fk\",\"columns\":[\"product_order\"]}],\"foreignKeys\":[{\"name\":\"components_cart_product_cart_products_products_links_fk\",\"columns\":[\"cart_product_id\"],\"referencedColumns\":[\"id\"],\"referencedTable\":\"components_cart_product_cart_products\",\"onDelete\":\"CASCADE\"},{\"name\":\"components_cart_product_cart_products_products_links_inv_fk\",\"columns\":[\"product_id\"],\"referencedColumns\":[\"id\"],\"referencedTable\":\"products\",\"onDelete\":\"CASCADE\"}],\"columns\":[{\"name\":\"id\",\"type\":\"increments\",\"args\":[{\"primary\":true,\"primaryKey\":true}],\"defaultTo\":null,\"notNullable\":true,\"unsigned\":false},{\"name\":\"cart_product_id\",\"type\":\"integer\",\"args\":[],\"defaultTo\":null,\"notNullable\":false,\"unsigned\":true},{\"name\":\"product_id\",\"type\":\"integer\",\"args\":[],\"defaultTo\":null,\"notNullable\":false,\"unsigned\":true},{\"name\":\"product_order\",\"type\":\"double\",\"args\":[],\"defaultTo\":null,\"notNullable\":false,\"unsigned\":true}]},{\"name\":\"components_product_list_products_product_links\",\"indexes\":[{\"name\":\"components_product_list_products_product_links_fk\",\"columns\":[\"list_products_id\"]},{\"name\":\"components_product_list_products_product_links_inv_fk\",\"columns\":[\"product_id\"]},{\"name\":\"components_product_list_products_product_links_unique\",\"columns\":[\"list_products_id\",\"product_id\"],\"type\":\"unique\"}],\"foreignKeys\":[{\"name\":\"components_product_list_products_product_links_fk\",\"columns\":[\"list_products_id\"],\"referencedColumns\":[\"id\"],\"referencedTable\":\"components_product_list_products\",\"onDelete\":\"CASCADE\"},{\"name\":\"components_product_list_products_product_links_inv_fk\",\"columns\":[\"product_id\"],\"referencedColumns\":[\"id\"],\"referencedTable\":\"products\",\"onDelete\":\"CASCADE\"}],\"columns\":[{\"name\":\"id\",\"type\":\"increments\",\"args\":[{\"primary\":true,\"primaryKey\":true}],\"defaultTo\":null,\"notNullable\":true,\"unsigned\":false},{\"name\":\"list_products_id\",\"type\":\"integer\",\"args\":[],\"defaultTo\":null,\"notNullable\":false,\"unsigned\":true},{\"name\":\"product_id\",\"type\":\"integer\",\"args\":[],\"defaultTo\":null,\"notNullable\":false,\"unsigned\":true}]}]}', '2023-05-11 22:14:57', 'ecab52b9913d3ace750cfd17e7340997');

-- --------------------------------------------------------

--
-- Table structure for table `strapi_migrations`
--

CREATE TABLE `strapi_migrations` (
  `id` int(10) UNSIGNED NOT NULL,
  `name` varchar(255) DEFAULT NULL,
  `time` datetime DEFAULT NULL
) ENGINE=InnoDB DEFAULT CHARSET=utf8mb4;

-- --------------------------------------------------------

--
-- Table structure for table `strapi_transfer_tokens`
--

CREATE TABLE `strapi_transfer_tokens` (
  `id` int(10) UNSIGNED NOT NULL,
  `name` varchar(255) DEFAULT NULL,
  `description` varchar(255) DEFAULT NULL,
  `access_key` varchar(255) DEFAULT NULL,
  `last_used_at` datetime(6) DEFAULT NULL,
  `expires_at` datetime(6) DEFAULT NULL,
  `lifespan` bigint(20) DEFAULT NULL,
  `created_at` datetime(6) DEFAULT NULL,
  `updated_at` datetime(6) DEFAULT NULL,
  `created_by_id` int(10) UNSIGNED DEFAULT NULL,
  `updated_by_id` int(10) UNSIGNED DEFAULT NULL
) ENGINE=InnoDB DEFAULT CHARSET=utf8mb4;

-- --------------------------------------------------------

--
-- Table structure for table `strapi_transfer_token_permissions`
--

CREATE TABLE `strapi_transfer_token_permissions` (
  `id` int(10) UNSIGNED NOT NULL,
  `action` varchar(255) DEFAULT NULL,
  `created_at` datetime(6) DEFAULT NULL,
  `updated_at` datetime(6) DEFAULT NULL,
  `created_by_id` int(10) UNSIGNED DEFAULT NULL,
  `updated_by_id` int(10) UNSIGNED DEFAULT NULL
) ENGINE=InnoDB DEFAULT CHARSET=utf8mb4;

-- --------------------------------------------------------

--
-- Table structure for table `strapi_transfer_token_permissions_token_links`
--

CREATE TABLE `strapi_transfer_token_permissions_token_links` (
  `id` int(10) UNSIGNED NOT NULL,
  `transfer_token_permission_id` int(10) UNSIGNED DEFAULT NULL,
  `transfer_token_id` int(10) UNSIGNED DEFAULT NULL,
  `transfer_token_permission_order` double UNSIGNED DEFAULT NULL
) ENGINE=InnoDB DEFAULT CHARSET=utf8mb4;

-- --------------------------------------------------------

--
-- Table structure for table `strapi_webhooks`
--

CREATE TABLE `strapi_webhooks` (
  `id` int(10) UNSIGNED NOT NULL,
  `name` varchar(255) DEFAULT NULL,
  `url` longtext DEFAULT NULL,
  `headers` longtext CHARACTER SET utf8mb4 COLLATE utf8mb4_bin DEFAULT NULL CHECK (json_valid(`headers`)),
  `events` longtext CHARACTER SET utf8mb4 COLLATE utf8mb4_bin DEFAULT NULL CHECK (json_valid(`events`)),
  `enabled` tinyint(1) DEFAULT NULL
) ENGINE=InnoDB DEFAULT CHARSET=utf8mb4;

-- --------------------------------------------------------

--
-- Table structure for table `upload_folders`
--

CREATE TABLE `upload_folders` (
  `id` int(10) UNSIGNED NOT NULL,
  `name` varchar(255) DEFAULT NULL,
  `path_id` int(11) DEFAULT NULL,
  `path` varchar(255) DEFAULT NULL,
  `created_at` datetime(6) DEFAULT NULL,
  `updated_at` datetime(6) DEFAULT NULL,
  `created_by_id` int(10) UNSIGNED DEFAULT NULL,
  `updated_by_id` int(10) UNSIGNED DEFAULT NULL
) ENGINE=InnoDB DEFAULT CHARSET=utf8mb4;

--
-- Dumping data for table `upload_folders`
--

INSERT INTO `upload_folders` (`id`, `name`, `path_id`, `path`, `created_at`, `updated_at`, `created_by_id`, `updated_by_id`) VALUES
(1, 'API Uploads', 1, '/1', '2023-04-15 00:38:21.172000', '2023-04-15 00:38:21.172000', NULL, NULL);

-- --------------------------------------------------------

--
-- Table structure for table `upload_folders_parent_links`
--

CREATE TABLE `upload_folders_parent_links` (
  `id` int(10) UNSIGNED NOT NULL,
  `folder_id` int(10) UNSIGNED DEFAULT NULL,
  `inv_folder_id` int(10) UNSIGNED DEFAULT NULL,
  `folder_order` double UNSIGNED DEFAULT NULL
) ENGINE=InnoDB DEFAULT CHARSET=utf8mb4;

-- --------------------------------------------------------

--
-- Table structure for table `up_permissions`
--

CREATE TABLE `up_permissions` (
  `id` int(10) UNSIGNED NOT NULL,
  `action` varchar(255) DEFAULT NULL,
  `created_at` datetime(6) DEFAULT NULL,
  `updated_at` datetime(6) DEFAULT NULL,
  `created_by_id` int(10) UNSIGNED DEFAULT NULL,
  `updated_by_id` int(10) UNSIGNED DEFAULT NULL
) ENGINE=InnoDB DEFAULT CHARSET=utf8mb4;

--
-- Dumping data for table `up_permissions`
--

INSERT INTO `up_permissions` (`id`, `action`, `created_at`, `updated_at`, `created_by_id`, `updated_by_id`) VALUES
(1, 'plugin::users-permissions.user.me', '2023-04-10 22:14:43.060000', '2023-04-10 22:14:43.060000', NULL, NULL),
(2, 'plugin::users-permissions.auth.changePassword', '2023-04-10 22:14:43.060000', '2023-04-10 22:14:43.060000', NULL, NULL),
(3, 'plugin::users-permissions.auth.callback', '2023-04-10 22:14:43.074000', '2023-04-10 22:14:43.074000', NULL, NULL),
(4, 'plugin::users-permissions.auth.connect', '2023-04-10 22:14:43.074000', '2023-04-10 22:14:43.074000', NULL, NULL),
(5, 'plugin::users-permissions.auth.forgotPassword', '2023-04-10 22:14:43.074000', '2023-04-10 22:14:43.074000', NULL, NULL),
(6, 'plugin::users-permissions.auth.resetPassword', '2023-04-10 22:14:43.074000', '2023-04-10 22:14:43.074000', NULL, NULL),
(7, 'plugin::users-permissions.auth.register', '2023-04-10 22:14:43.074000', '2023-04-10 22:14:43.074000', NULL, NULL),
(8, 'plugin::users-permissions.auth.emailConfirmation', '2023-04-10 22:14:43.074000', '2023-04-10 22:14:43.074000', NULL, NULL),
(9, 'plugin::users-permissions.auth.sendEmailConfirmation', '2023-04-10 22:14:43.074000', '2023-04-10 22:14:43.074000', NULL, NULL),
(10, 'api::category.category.find', '2023-04-10 22:49:03.577000', '2023-04-10 22:49:03.577000', NULL, NULL),
(11, 'api::category.category.findOne', '2023-04-10 22:49:03.577000', '2023-04-10 22:49:03.577000', NULL, NULL),
(12, 'api::product.product.find', '2023-04-10 22:49:03.577000', '2023-04-10 22:49:03.577000', NULL, NULL),
(13, 'api::product.product.findOne', '2023-04-10 22:49:03.577000', '2023-04-10 22:49:03.577000', NULL, NULL),
(14, 'api::order.order.find', '2023-04-12 19:46:43.978000', '2023-04-12 19:46:43.978000', NULL, NULL),
(15, 'api::order.order.findOne', '2023-04-12 19:46:43.978000', '2023-04-12 19:46:43.978000', NULL, NULL),
(16, 'api::order.order.create', '2023-04-12 19:46:43.978000', '2023-04-12 19:46:43.978000', NULL, NULL),
(17, 'api::order.order.update', '2023-04-12 19:46:43.978000', '2023-04-12 19:46:43.978000', NULL, NULL),
(18, 'api::order.order.delete', '2023-04-12 19:46:43.978000', '2023-04-12 19:46:43.978000', NULL, NULL),
(19, 'plugin::content-type-builder.components.getComponents', '2023-04-13 00:15:05.940000', '2023-04-13 00:15:05.940000', NULL, NULL),
(20, 'plugin::content-type-builder.components.getComponent', '2023-04-13 00:15:05.940000', '2023-04-13 00:15:05.940000', NULL, NULL),
(21, 'plugin::content-type-builder.content-types.getContentTypes', '2023-04-13 00:15:05.940000', '2023-04-13 00:15:05.940000', NULL, NULL),
(22, 'plugin::content-type-builder.content-types.getContentType', '2023-04-13 00:15:05.940000', '2023-04-13 00:15:05.940000', NULL, NULL),
(23, 'api::product.product.find', '2023-04-14 00:52:37.097000', '2023-04-14 00:52:37.097000', NULL, NULL),
(24, 'api::product.product.create', '2023-04-14 00:52:37.097000', '2023-04-14 00:52:37.097000', NULL, NULL),
(25, 'api::product.product.update', '2023-04-14 00:52:37.097000', '2023-04-14 00:52:37.097000', NULL, NULL),
(26, 'api::product.product.findOne', '2023-04-14 00:52:37.097000', '2023-04-14 00:52:37.097000', NULL, NULL),
(27, 'api::product.product.delete', '2023-04-14 00:52:37.097000', '2023-04-14 00:52:37.097000', NULL, NULL),
(28, 'plugin::upload.content-api.find', '2023-04-15 00:15:28.000000', '2023-04-15 00:15:28.000000', NULL, NULL),
(29, 'plugin::upload.content-api.findOne', '2023-04-15 00:15:28.000000', '2023-04-15 00:15:28.000000', NULL, NULL),
(30, 'plugin::upload.content-api.destroy', '2023-04-15 00:15:28.000000', '2023-04-15 00:15:28.000000', NULL, NULL),
(31, 'plugin::upload.content-api.upload', '2023-04-15 00:15:28.000000', '2023-04-15 00:15:28.000000', NULL, NULL),
(32, 'plugin::upload.content-api.find', '2023-04-15 00:25:30.036000', '2023-04-15 00:25:30.036000', NULL, NULL),
(33, 'plugin::upload.content-api.findOne', '2023-04-15 00:25:30.036000', '2023-04-15 00:25:30.036000', NULL, NULL),
(34, 'plugin::upload.content-api.destroy', '2023-04-15 00:25:30.036000', '2023-04-15 00:25:30.036000', NULL, NULL),
(35, 'plugin::upload.content-api.upload', '2023-04-15 00:25:30.036000', '2023-04-15 00:25:30.036000', NULL, NULL),
(41, 'api::card.card.create', '2023-04-16 04:30:49.116000', '2023-04-16 04:30:49.116000', NULL, NULL),
(42, 'api::card.card.delete', '2023-04-16 04:30:49.116000', '2023-04-16 04:30:49.116000', NULL, NULL),
(43, 'api::card.card.update', '2023-04-16 04:30:49.116000', '2023-04-16 04:30:49.116000', NULL, NULL),
(46, 'api::card.card.findByUser', '2023-04-16 21:53:49.513000', '2023-04-16 21:53:49.513000', NULL, NULL),
(47, 'api::card.card.findByUser', '2023-04-16 22:10:31.042000', '2023-04-16 22:10:31.042000', NULL, NULL),
(48, 'api::card.card.find', '2023-04-16 22:20:27.340000', '2023-04-16 22:20:27.340000', NULL, NULL),
(49, 'api::card.card.findOne', '2023-04-16 22:20:27.340000', '2023-04-16 22:20:27.340000', NULL, NULL),
(50, 'api::card.card.updateByUser', '2023-04-17 23:36:33.419000', '2023-04-17 23:36:33.419000', NULL, NULL),
(51, 'api::card.card.deleteByUser', '2023-04-18 02:03:05.418000', '2023-04-18 02:03:05.418000', NULL, NULL),
(52, 'api::card.card.deleteByUser', '2023-04-18 02:10:58.330000', '2023-04-18 02:10:58.330000', NULL, NULL),
(53, 'api::address.address.find', '2023-04-23 20:06:26.846000', '2023-04-23 20:06:26.846000', NULL, NULL),
(54, 'api::address.address.findOne', '2023-04-23 20:06:26.846000', '2023-04-23 20:06:26.846000', NULL, NULL),
(55, 'api::address.address.create', '2023-04-23 20:06:26.846000', '2023-04-23 20:06:26.846000', NULL, NULL),
(56, 'api::address.address.update', '2023-04-23 20:06:26.846000', '2023-04-23 20:06:26.846000', NULL, NULL),
(57, 'api::address.address.delete', '2023-04-23 20:06:26.846000', '2023-04-23 20:06:26.846000', NULL, NULL),
(58, 'api::order.order.getByDate', '2023-04-24 20:47:36.763000', '2023-04-24 20:47:36.763000', NULL, NULL),
(59, 'api::order.order.getByCurrentDate', '2023-04-24 22:31:45.864000', '2023-04-24 22:31:45.864000', NULL, NULL),
(60, 'plugin::users-permissions.user.create', '2023-04-28 00:08:37.173000', '2023-04-28 00:08:37.173000', NULL, NULL),
(61, 'plugin::users-permissions.user.update', '2023-04-28 00:08:37.174000', '2023-04-28 00:08:37.174000', NULL, NULL),
(62, 'plugin::users-permissions.user.find', '2023-04-28 00:08:37.174000', '2023-04-28 00:08:37.174000', NULL, NULL),
(63, 'plugin::users-permissions.user.findOne', '2023-04-28 00:08:37.174000', '2023-04-28 00:08:37.174000', NULL, NULL),
(64, 'plugin::users-permissions.user.count', '2023-04-28 00:08:37.174000', '2023-04-28 00:08:37.174000', NULL, NULL),
(65, 'plugin::users-permissions.user.destroy', '2023-04-28 00:08:37.174000', '2023-04-28 00:08:37.174000', NULL, NULL),
(66, 'api::favorite-product.favorite-product.find', '2023-05-04 14:14:11.940000', '2023-05-04 14:14:11.940000', NULL, NULL),
(67, 'api::favorite-product.favorite-product.findOne', '2023-05-04 14:14:11.940000', '2023-05-04 14:14:11.940000', NULL, NULL),
(68, 'api::favorite-product.favorite-product.create', '2023-05-04 14:14:11.940000', '2023-05-04 14:14:11.940000', NULL, NULL),
(69, 'api::favorite-product.favorite-product.update', '2023-05-04 14:14:11.940000', '2023-05-04 14:14:11.940000', NULL, NULL),
(70, 'api::favorite-product.favorite-product.delete', '2023-05-04 14:14:11.940000', '2023-05-04 14:14:11.940000', NULL, NULL),
(72, 'api::favorite-product.favorite-product.updateByUserAndProduct', '2023-05-05 00:18:24.490000', '2023-05-05 00:18:24.490000', NULL, NULL),
(73, 'api::comment.comment.find', '2023-05-10 23:01:44.292000', '2023-05-10 23:01:44.292000', NULL, NULL),
(74, 'api::comment.comment.findOne', '2023-05-10 23:01:44.292000', '2023-05-10 23:01:44.292000', NULL, NULL),
(83, 'api::comment.comment.create', '2023-05-12 03:28:17.943000', '2023-05-12 03:28:17.943000', NULL, NULL),
(84, 'api::comment.comment.update', '2023-05-12 03:28:17.943000', '2023-05-12 03:28:17.943000', NULL, NULL),
(85, 'api::comment.comment.delete', '2023-05-12 03:28:17.943000', '2023-05-12 03:28:17.943000', NULL, NULL),
(86, 'api::comment.comment.find', '2023-05-12 03:28:29.159000', '2023-05-12 03:28:29.159000', NULL, NULL),
(87, 'api::comment.comment.findOne', '2023-05-12 03:28:29.159000', '2023-05-12 03:28:29.159000', NULL, NULL),
(88, 'api::product.product.updateSize', '2023-05-13 19:35:23.566000', '2023-05-13 19:35:23.566000', NULL, NULL);

-- --------------------------------------------------------

--
-- Table structure for table `up_permissions_role_links`
--

CREATE TABLE `up_permissions_role_links` (
  `id` int(10) UNSIGNED NOT NULL,
  `permission_id` int(10) UNSIGNED DEFAULT NULL,
  `role_id` int(10) UNSIGNED DEFAULT NULL,
  `permission_order` double UNSIGNED DEFAULT NULL
) ENGINE=InnoDB DEFAULT CHARSET=utf8mb4;

--
-- Dumping data for table `up_permissions_role_links`
--

INSERT INTO `up_permissions_role_links` (`id`, `permission_id`, `role_id`, `permission_order`) VALUES
(1, 1, 1, 1),
(2, 2, 1, 1),
(3, 3, 2, 1),
(4, 4, 2, 1),
(5, 8, 2, 1),
(6, 5, 2, 1),
(7, 6, 2, 1),
(8, 9, 2, 1),
(9, 7, 2, 2),
(10, 10, 2, 3),
(11, 12, 2, 3),
(12, 11, 2, 4),
(13, 13, 2, 5),
(14, 14, 1, 2),
(15, 16, 1, 2),
(16, 15, 1, 2),
(17, 18, 1, 3),
(18, 17, 1, 3),
(19, 21, 1, 4),
(20, 19, 1, 4),
(21, 20, 1, 4),
(22, 22, 1, 4),
(23, 24, 1, 5),
(24, 23, 1, 5),
(25, 26, 1, 5),
(26, 25, 1, 5),
(27, 27, 1, 5),
(28, 29, 1, 6),
(29, 28, 1, 6),
(30, 31, 1, 6),
(31, 30, 1, 7),
(32, 32, 2, 6),
(33, 33, 2, 6),
(34, 35, 2, 7),
(35, 34, 2, 7),
(41, 42, 1, 10),
(42, 41, 1, 10),
(43, 43, 1, 11),
(46, 46, 1, 12),
(47, 47, 2, 8),
(48, 48, 1, 13),
(49, 49, 1, 14),
(50, 50, 1, 15),
(51, 51, 1, 16),
(52, 52, 2, 9),
(53, 53, 1, 17),
(54, 55, 1, 18),
(55, 57, 1, 18),
(56, 54, 1, 19),
(57, 56, 1, 18),
(58, 58, 1, 20),
(59, 59, 1, 21),
(60, 61, 1, 22),
(61, 65, 1, 22),
(62, 64, 1, 22),
(63, 60, 1, 22),
(64, 62, 1, 22),
(65, 63, 1, 22),
(66, 66, 1, 23),
(67, 68, 1, 23),
(68, 69, 1, 23),
(69, 70, 1, 23),
(70, 67, 1, 23),
(72, 72, 1, 24),
(73, 73, 1, 25),
(76, 74, 1, 25),
(83, 83, 1, 26),
(84, 84, 1, 26),
(85, 85, 1, 26),
(86, 86, 2, 10),
(87, 87, 2, 11),
(88, 88, 1, 27);

-- --------------------------------------------------------

--
-- Table structure for table `up_roles`
--

CREATE TABLE `up_roles` (
  `id` int(10) UNSIGNED NOT NULL,
  `name` varchar(255) DEFAULT NULL,
  `description` varchar(255) DEFAULT NULL,
  `type` varchar(255) DEFAULT NULL,
  `created_at` datetime(6) DEFAULT NULL,
  `updated_at` datetime(6) DEFAULT NULL,
  `created_by_id` int(10) UNSIGNED DEFAULT NULL,
  `updated_by_id` int(10) UNSIGNED DEFAULT NULL
) ENGINE=InnoDB DEFAULT CHARSET=utf8mb4;

--
-- Dumping data for table `up_roles`
--

INSERT INTO `up_roles` (`id`, `name`, `description`, `type`, `created_at`, `updated_at`, `created_by_id`, `updated_by_id`) VALUES
(1, 'Authenticated', 'Default role given to authenticated user.', 'authenticated', '2023-04-10 22:14:43.046000', '2023-05-13 19:37:29.849000', NULL, NULL),
(2, 'Public', 'Default role given to unauthenticated user.', 'public', '2023-04-10 22:14:43.051000', '2023-05-12 03:28:29.147000', NULL, NULL);

-- --------------------------------------------------------

--
-- Table structure for table `up_users`
--

CREATE TABLE `up_users` (
  `id` int(10) UNSIGNED NOT NULL,
  `username` varchar(255) DEFAULT NULL,
  `email` varchar(255) DEFAULT NULL,
  `provider` varchar(255) DEFAULT NULL,
  `password` varchar(255) DEFAULT NULL,
  `reset_password_token` varchar(255) DEFAULT NULL,
  `confirmation_token` varchar(255) DEFAULT NULL,
  `confirmed` tinyint(1) DEFAULT NULL,
  `blocked` tinyint(1) DEFAULT NULL,
  `created_at` datetime(6) DEFAULT NULL,
  `updated_at` datetime(6) DEFAULT NULL,
  `created_by_id` int(10) UNSIGNED DEFAULT NULL,
  `updated_by_id` int(10) UNSIGNED DEFAULT NULL,
  `user_role` varchar(255) DEFAULT NULL,
  `phone` varchar(255) DEFAULT NULL,
  `address` varchar(255) DEFAULT NULL
) ENGINE=InnoDB DEFAULT CHARSET=utf8mb4;

--
-- Dumping data for table `up_users`
--

INSERT INTO `up_users` (`id`, `username`, `email`, `provider`, `password`, `reset_password_token`, `confirmation_token`, `confirmed`, `blocked`, `created_at`, `updated_at`, `created_by_id`, `updated_by_id`, `user_role`, `phone`, `address`) VALUES
(1, 'user1', 'user@gmail.com', 'local', '$2a$10$EMuaNxlmq8jglZogVMACs.J8inVEgHhev9iYZlBimZx/y/RH2RlHO', NULL, NULL, 0, 0, '2023-04-11 22:13:26.785000', '2023-04-11 22:13:26.785000', 1, 1, NULL, NULL, NULL),
(3, 'seller1', 'selle1r@gmail.com', 'local', '$2a$10$D.CmU7sfv44I15g/HJ3oE.veQo30C6ubRTJ9zpA5HGRIfZ3j8ER0q', NULL, NULL, 1, 0, '2023-04-11 23:42:08.691000', '2023-04-11 23:42:08.691000', NULL, NULL, NULL, NULL, NULL),
(4, 'nbtuan', 'fsdsd@gmail.com', 'local', '$2a$10$0POIfpj.YZVogAV/XuIR6.AdUaP2HGVOHnELOMPiUvwZiGXAuQ6nS', NULL, NULL, 1, 0, '2023-04-11 23:43:35.861000', '2023-04-11 23:43:35.861000', NULL, NULL, NULL, NULL, NULL),
(5, 'admin', 'admin@gmail.com', 'local', '$2a$10$7R861hFC9EUVHol3eKiLEu5/3yPJnhEYNklDpO09vzf2kV2rqwh/6', NULL, NULL, 0, 0, '2023-04-20 14:56:49.072000', '2023-05-04 16:49:20.235000', 1, 1, 'admin', '123412412', 'test address'),
(6, 'tesst', 'tessttt@gmail.com', 'local', '$2a$10$3EeDjoa2ZAwQGlnSBZDzHO51rsAtZNVGqMrBIjXECxXFiZWCpDO8C', NULL, NULL, 1, 0, '2023-04-20 15:08:10.496000', '2023-04-20 15:08:10.496000', NULL, NULL, 'user', NULL, NULL),
(7, 'Tun', 'nbtuan@gmail.com', 'local', '$2a$10$fB16jBLqBdAmu8N/6qb8c.2TtmSdOPMAMM.MmAAX5ws76qK7PLZLa', NULL, NULL, 1, 0, '2023-05-04 16:05:33.268000', '2023-05-04 16:30:02.804000', NULL, NULL, 'user', '123123123', 'a ch 1'),
(8, 'tuan nguyen', 'tuannguyen@gmail.com', 'local', '$2a$10$iPFxBb4r/CYudvW025cTz.mi/FTTKkJel9sGz/OxHIYMd5aEmF5jq', NULL, NULL, 1, 0, '2023-05-14 01:00:05.797000', '2023-05-14 01:00:05.797000', NULL, NULL, 'user', NULL, NULL),
(9, 'Nguyn B Tun', 'tuannb@gmail.com', 'local', '$2a$10$XEPD94M5WpeNedK9v2p5Nu.Uiv7f5mrQjUb94QRLUGyCZzj8T7MGe', NULL, NULL, 1, 0, '2023-05-14 01:03:40.475000', '2023-05-14 01:03:40.475000', NULL, NULL, 'user', NULL, NULL),
(10, 'sangbui', 'sang@gmail.com', 'local', '$2a$10$RG9YJaUVnyXm.rDxzBV/Xe2Iwp3O8BbWLYgKP/gQs3znwjXcJH6Ee', NULL, NULL, 1, 0, '2023-05-14 06:52:51.786000', '2023-05-14 06:52:51.786000', NULL, NULL, 'user', NULL, NULL);

-- --------------------------------------------------------

--
-- Table structure for table `up_users_role_links`
--

CREATE TABLE `up_users_role_links` (
  `id` int(10) UNSIGNED NOT NULL,
  `user_id` int(10) UNSIGNED DEFAULT NULL,
  `role_id` int(10) UNSIGNED DEFAULT NULL,
  `user_order` double UNSIGNED DEFAULT NULL
) ENGINE=InnoDB DEFAULT CHARSET=utf8mb4;

--
-- Dumping data for table `up_users_role_links`
--

INSERT INTO `up_users_role_links` (`id`, `user_id`, `role_id`, `user_order`) VALUES
(1, 1, 1, 1),
(3, 3, 1, 3),
(4, 4, 1, 4),
(5, 5, 1, 5),
(6, 6, 1, 6),
(7, 7, 1, 7),
(8, 8, 1, 8),
(9, 9, 1, 9),
(10, 10, 1, 10);

--
-- Indexes for dumped tables
--

--
-- Indexes for table `admin_permissions`
--
ALTER TABLE `admin_permissions`
  ADD PRIMARY KEY (`id`),
  ADD KEY `admin_permissions_created_by_id_fk` (`created_by_id`),
  ADD KEY `admin_permissions_updated_by_id_fk` (`updated_by_id`);

--
-- Indexes for table `admin_permissions_role_links`
--
ALTER TABLE `admin_permissions_role_links`
  ADD PRIMARY KEY (`id`),
  ADD UNIQUE KEY `admin_permissions_role_links_unique` (`permission_id`,`role_id`),
  ADD KEY `admin_permissions_role_links_fk` (`permission_id`),
  ADD KEY `admin_permissions_role_links_inv_fk` (`role_id`),
  ADD KEY `admin_permissions_role_links_order_inv_fk` (`permission_order`);

--
-- Indexes for table `admin_roles`
--
ALTER TABLE `admin_roles`
  ADD PRIMARY KEY (`id`),
  ADD KEY `admin_roles_created_by_id_fk` (`created_by_id`),
  ADD KEY `admin_roles_updated_by_id_fk` (`updated_by_id`);

--
-- Indexes for table `admin_users`
--
ALTER TABLE `admin_users`
  ADD PRIMARY KEY (`id`),
  ADD KEY `admin_users_created_by_id_fk` (`created_by_id`),
  ADD KEY `admin_users_updated_by_id_fk` (`updated_by_id`);

--
-- Indexes for table `admin_users_roles_links`
--
ALTER TABLE `admin_users_roles_links`
  ADD PRIMARY KEY (`id`),
  ADD UNIQUE KEY `admin_users_roles_links_unique` (`user_id`,`role_id`),
  ADD KEY `admin_users_roles_links_fk` (`user_id`),
  ADD KEY `admin_users_roles_links_inv_fk` (`role_id`),
  ADD KEY `admin_users_roles_links_order_fk` (`role_order`),
  ADD KEY `admin_users_roles_links_order_inv_fk` (`user_order`);

--
-- Indexes for table `cards`
--
ALTER TABLE `cards`
  ADD PRIMARY KEY (`id`),
  ADD KEY `cards_created_by_id_fk` (`created_by_id`),
  ADD KEY `cards_updated_by_id_fk` (`updated_by_id`);

--
-- Indexes for table `cards_components`
--
ALTER TABLE `cards_components`
  ADD PRIMARY KEY (`id`),
  ADD UNIQUE KEY `cards_unique` (`entity_id`,`component_id`,`field`,`component_type`),
  ADD KEY `cards_field_index` (`field`),
  ADD KEY `cards_component_type_index` (`component_type`),
  ADD KEY `cards_entity_fk` (`entity_id`);

--
-- Indexes for table `cards_products_links`
--
ALTER TABLE `cards_products_links`
  ADD PRIMARY KEY (`id`),
  ADD UNIQUE KEY `cards_products_links_unique` (`card_id`,`product_id`),
  ADD KEY `cards_products_links_fk` (`card_id`),
  ADD KEY `cards_products_links_inv_fk` (`product_id`),
  ADD KEY `cards_products_links_order_fk` (`product_order`),
  ADD KEY `cards_products_links_order_inv_fk` (`card_order`);

--
-- Indexes for table `cards_users_permissions_user_links`
--
ALTER TABLE `cards_users_permissions_user_links`
  ADD PRIMARY KEY (`id`),
  ADD UNIQUE KEY `cards_users_permissions_user_links_unique` (`card_id`,`user_id`),
  ADD KEY `cards_users_permissions_user_links_fk` (`card_id`),
  ADD KEY `cards_users_permissions_user_links_inv_fk` (`user_id`);

--
-- Indexes for table `categories`
--
ALTER TABLE `categories`
  ADD PRIMARY KEY (`id`),
  ADD UNIQUE KEY `categories_slug_unique` (`slug`),
  ADD KEY `categories_created_by_id_fk` (`created_by_id`),
  ADD KEY `categories_updated_by_id_fk` (`updated_by_id`);

--
-- Indexes for table `components_cart_data_cart_data`
--
ALTER TABLE `components_cart_data_cart_data`
  ADD PRIMARY KEY (`id`);

--
-- Indexes for table `components_cart_data_cart_data_components`
--
ALTER TABLE `components_cart_data_cart_data_components`
  ADD PRIMARY KEY (`id`),
  ADD UNIQUE KEY `components_cart_data_cart_data_unique` (`entity_id`,`component_id`,`field`,`component_type`),
  ADD KEY `components_cart_data_cart_data_field_index` (`field`),
  ADD KEY `components_cart_data_cart_data_component_type_index` (`component_type`),
  ADD KEY `components_cart_data_cart_data_entity_fk` (`entity_id`);

--
-- Indexes for table `components_cart_product_cart_products`
--
ALTER TABLE `components_cart_product_cart_products`
  ADD PRIMARY KEY (`id`);

--
-- Indexes for table `components_cart_product_cart_products_components`
--
ALTER TABLE `components_cart_product_cart_products_components`
  ADD PRIMARY KEY (`id`),
  ADD UNIQUE KEY `components_cart_product_cart_products_unique` (`entity_id`,`component_id`,`field`,`component_type`),
  ADD KEY `components_cart_product_cart_products_field_index` (`field`),
  ADD KEY `components_cart_product_cart_products_component_type_index` (`component_type`),
  ADD KEY `components_cart_product_cart_products_entity_fk` (`entity_id`);

--
-- Indexes for table `components_cart_product_cart_products_products_links`
--
ALTER TABLE `components_cart_product_cart_products_products_links`
  ADD PRIMARY KEY (`id`),
  ADD UNIQUE KEY `components_cart_product_cart_products_products_links_unique` (`cart_product_id`,`product_id`),
  ADD KEY `components_cart_product_cart_products_products_links_fk` (`cart_product_id`),
  ADD KEY `components_cart_product_cart_products_products_links_inv_fk` (`product_id`),
  ADD KEY `components_cart_product_cart_products_products_links_order_fk` (`product_order`);

--
-- Indexes for table `components_product_list_products`
--
ALTER TABLE `components_product_list_products`
  ADD PRIMARY KEY (`id`);

--
-- Indexes for table `components_product_list_products_product_links`
--
ALTER TABLE `components_product_list_products_product_links`
  ADD PRIMARY KEY (`id`),
  ADD UNIQUE KEY `components_product_list_products_product_links_unique` (`list_products_id`,`product_id`),
  ADD KEY `components_product_list_products_product_links_fk` (`list_products_id`),
  ADD KEY `components_product_list_products_product_links_inv_fk` (`product_id`);

--
-- Indexes for table `components_size_sizes`
--
ALTER TABLE `components_size_sizes`
  ADD PRIMARY KEY (`id`);

--
-- Indexes for table `files`
--
ALTER TABLE `files`
  ADD PRIMARY KEY (`id`),
  ADD KEY `upload_files_folder_path_index` (`folder_path`),
  ADD KEY `upload_files_created_at_index` (`created_at`),
  ADD KEY `upload_files_updated_at_index` (`updated_at`),
  ADD KEY `upload_files_name_index` (`name`),
  ADD KEY `upload_files_size_index` (`size`),
  ADD KEY `upload_files_ext_index` (`ext`),
  ADD KEY `files_created_by_id_fk` (`created_by_id`),
  ADD KEY `files_updated_by_id_fk` (`updated_by_id`);

--
-- Indexes for table `files_folder_links`
--
ALTER TABLE `files_folder_links`
  ADD PRIMARY KEY (`id`),
  ADD UNIQUE KEY `files_folder_links_unique` (`file_id`,`folder_id`),
  ADD KEY `files_folder_links_fk` (`file_id`),
  ADD KEY `files_folder_links_inv_fk` (`folder_id`),
  ADD KEY `files_folder_links_order_inv_fk` (`file_order`);

--
-- Indexes for table `files_related_morphs`
--
ALTER TABLE `files_related_morphs`
  ADD PRIMARY KEY (`id`),
  ADD KEY `files_related_morphs_fk` (`file_id`);

--
-- Indexes for table `i18n_locale`
--
ALTER TABLE `i18n_locale`
  ADD PRIMARY KEY (`id`),
  ADD KEY `i18n_locale_created_by_id_fk` (`created_by_id`),
  ADD KEY `i18n_locale_updated_by_id_fk` (`updated_by_id`);

--
-- Indexes for table `orders`
--
ALTER TABLE `orders`
  ADD PRIMARY KEY (`id`),
  ADD KEY `orders_created_by_id_fk` (`created_by_id`),
  ADD KEY `orders_updated_by_id_fk` (`updated_by_id`);

--
-- Indexes for table `orders_components`
--
ALTER TABLE `orders_components`
  ADD PRIMARY KEY (`id`),
  ADD UNIQUE KEY `orders_unique` (`entity_id`,`component_id`,`field`,`component_type`),
  ADD KEY `orders_field_index` (`field`),
  ADD KEY `orders_component_type_index` (`component_type`),
  ADD KEY `orders_entity_fk` (`entity_id`);

--
-- Indexes for table `orders_user_links`
--
ALTER TABLE `orders_user_links`
  ADD PRIMARY KEY (`id`),
  ADD UNIQUE KEY `orders_user_links_unique` (`order_id`,`user_id`),
  ADD KEY `orders_user_links_fk` (`order_id`),
  ADD KEY `orders_user_links_inv_fk` (`user_id`);

--
-- Indexes for table `products`
--
ALTER TABLE `products`
  ADD PRIMARY KEY (`id`),
  ADD UNIQUE KEY `products_slug_unique` (`slug`),
  ADD KEY `products_created_by_id_fk` (`created_by_id`),
  ADD KEY `products_updated_by_id_fk` (`updated_by_id`);

--
-- Indexes for table `products_categories_links`
--
ALTER TABLE `products_categories_links`
  ADD PRIMARY KEY (`id`),
  ADD UNIQUE KEY `products_categories_links_unique` (`product_id`,`category_id`),
  ADD KEY `products_categories_links_fk` (`product_id`),
  ADD KEY `products_categories_links_inv_fk` (`category_id`),
  ADD KEY `products_categories_links_order_fk` (`category_order`),
  ADD KEY `products_categories_links_order_inv_fk` (`product_order`);

--
-- Indexes for table `products_components`
--
ALTER TABLE `products_components`
  ADD PRIMARY KEY (`id`),
  ADD UNIQUE KEY `products_unique` (`entity_id`,`component_id`,`field`,`component_type`),
  ADD KEY `products_field_index` (`field`),
  ADD KEY `products_component_type_index` (`component_type`),
  ADD KEY `products_entity_fk` (`entity_id`);

--
-- Indexes for table `strapi_api_tokens`
--
ALTER TABLE `strapi_api_tokens`
  ADD PRIMARY KEY (`id`),
  ADD KEY `strapi_api_tokens_created_by_id_fk` (`created_by_id`),
  ADD KEY `strapi_api_tokens_updated_by_id_fk` (`updated_by_id`);

--
-- Indexes for table `strapi_api_token_permissions`
--
ALTER TABLE `strapi_api_token_permissions`
  ADD PRIMARY KEY (`id`),
  ADD KEY `strapi_api_token_permissions_created_by_id_fk` (`created_by_id`),
  ADD KEY `strapi_api_token_permissions_updated_by_id_fk` (`updated_by_id`);

--
-- Indexes for table `strapi_api_token_permissions_token_links`
--
ALTER TABLE `strapi_api_token_permissions_token_links`
  ADD PRIMARY KEY (`id`),
  ADD UNIQUE KEY `strapi_api_token_permissions_token_links_unique` (`api_token_permission_id`,`api_token_id`),
  ADD KEY `strapi_api_token_permissions_token_links_fk` (`api_token_permission_id`),
  ADD KEY `strapi_api_token_permissions_token_links_inv_fk` (`api_token_id`),
  ADD KEY `strapi_api_token_permissions_token_links_order_inv_fk` (`api_token_permission_order`);

--
-- Indexes for table `strapi_core_store_settings`
--
ALTER TABLE `strapi_core_store_settings`
  ADD PRIMARY KEY (`id`);

--
-- Indexes for table `strapi_database_schema`
--
ALTER TABLE `strapi_database_schema`
  ADD PRIMARY KEY (`id`);

--
-- Indexes for table `strapi_migrations`
--
ALTER TABLE `strapi_migrations`
  ADD PRIMARY KEY (`id`);

--
-- Indexes for table `strapi_transfer_tokens`
--
ALTER TABLE `strapi_transfer_tokens`
  ADD PRIMARY KEY (`id`),
  ADD KEY `strapi_transfer_tokens_created_by_id_fk` (`created_by_id`),
  ADD KEY `strapi_transfer_tokens_updated_by_id_fk` (`updated_by_id`);

--
-- Indexes for table `strapi_transfer_token_permissions`
--
ALTER TABLE `strapi_transfer_token_permissions`
  ADD PRIMARY KEY (`id`),
  ADD KEY `strapi_transfer_token_permissions_created_by_id_fk` (`created_by_id`),
  ADD KEY `strapi_transfer_token_permissions_updated_by_id_fk` (`updated_by_id`);

--
-- Indexes for table `strapi_transfer_token_permissions_token_links`
--
ALTER TABLE `strapi_transfer_token_permissions_token_links`
  ADD PRIMARY KEY (`id`),
  ADD UNIQUE KEY `strapi_transfer_token_permissions_token_links_unique` (`transfer_token_permission_id`,`transfer_token_id`),
  ADD KEY `strapi_transfer_token_permissions_token_links_fk` (`transfer_token_permission_id`),
  ADD KEY `strapi_transfer_token_permissions_token_links_inv_fk` (`transfer_token_id`),
  ADD KEY `strapi_transfer_token_permissions_token_links_order_inv_fk` (`transfer_token_permission_order`);

--
-- Indexes for table `strapi_webhooks`
--
ALTER TABLE `strapi_webhooks`
  ADD PRIMARY KEY (`id`);

--
-- Indexes for table `upload_folders`
--
ALTER TABLE `upload_folders`
  ADD PRIMARY KEY (`id`),
  ADD UNIQUE KEY `upload_folders_path_id_index` (`path_id`),
  ADD UNIQUE KEY `upload_folders_path_index` (`path`),
  ADD KEY `upload_folders_created_by_id_fk` (`created_by_id`),
  ADD KEY `upload_folders_updated_by_id_fk` (`updated_by_id`);

--
-- Indexes for table `upload_folders_parent_links`
--
ALTER TABLE `upload_folders_parent_links`
  ADD PRIMARY KEY (`id`),
  ADD UNIQUE KEY `upload_folders_parent_links_unique` (`folder_id`,`inv_folder_id`),
  ADD KEY `upload_folders_parent_links_fk` (`folder_id`),
  ADD KEY `upload_folders_parent_links_inv_fk` (`inv_folder_id`),
  ADD KEY `upload_folders_parent_links_order_inv_fk` (`folder_order`);

--
-- Indexes for table `up_permissions`
--
ALTER TABLE `up_permissions`
  ADD PRIMARY KEY (`id`),
  ADD KEY `up_permissions_created_by_id_fk` (`created_by_id`),
  ADD KEY `up_permissions_updated_by_id_fk` (`updated_by_id`);

--
-- Indexes for table `up_permissions_role_links`
--
ALTER TABLE `up_permissions_role_links`
  ADD PRIMARY KEY (`id`),
  ADD UNIQUE KEY `up_permissions_role_links_unique` (`permission_id`,`role_id`),
  ADD KEY `up_permissions_role_links_fk` (`permission_id`),
  ADD KEY `up_permissions_role_links_inv_fk` (`role_id`),
  ADD KEY `up_permissions_role_links_order_inv_fk` (`permission_order`);

--
-- Indexes for table `up_roles`
--
ALTER TABLE `up_roles`
  ADD PRIMARY KEY (`id`),
  ADD KEY `up_roles_created_by_id_fk` (`created_by_id`),
  ADD KEY `up_roles_updated_by_id_fk` (`updated_by_id`);

--
-- Indexes for table `up_users`
--
ALTER TABLE `up_users`
  ADD PRIMARY KEY (`id`),
  ADD KEY `up_users_created_by_id_fk` (`created_by_id`),
  ADD KEY `up_users_updated_by_id_fk` (`updated_by_id`);

--
-- Indexes for table `up_users_role_links`
--
ALTER TABLE `up_users_role_links`
  ADD PRIMARY KEY (`id`),
  ADD UNIQUE KEY `up_users_role_links_unique` (`user_id`,`role_id`),
  ADD KEY `up_users_role_links_fk` (`user_id`),
  ADD KEY `up_users_role_links_inv_fk` (`role_id`),
  ADD KEY `up_users_role_links_order_inv_fk` (`user_order`);

--
-- AUTO_INCREMENT for dumped tables
--

--
-- AUTO_INCREMENT for table `admin_permissions`
--
ALTER TABLE `admin_permissions`
  MODIFY `id` int(10) UNSIGNED NOT NULL AUTO_INCREMENT, AUTO_INCREMENT=217;

--
-- AUTO_INCREMENT for table `admin_permissions_role_links`
--
ALTER TABLE `admin_permissions_role_links`
  MODIFY `id` int(10) UNSIGNED NOT NULL AUTO_INCREMENT, AUTO_INCREMENT=217;

--
-- AUTO_INCREMENT for table `admin_roles`
--
ALTER TABLE `admin_roles`
  MODIFY `id` int(10) UNSIGNED NOT NULL AUTO_INCREMENT, AUTO_INCREMENT=4;

--
-- AUTO_INCREMENT for table `admin_users`
--
ALTER TABLE `admin_users`
  MODIFY `id` int(10) UNSIGNED NOT NULL AUTO_INCREMENT, AUTO_INCREMENT=2;

--
-- AUTO_INCREMENT for table `admin_users_roles_links`
--
ALTER TABLE `admin_users_roles_links`
  MODIFY `id` int(10) UNSIGNED NOT NULL AUTO_INCREMENT, AUTO_INCREMENT=2;

--
-- AUTO_INCREMENT for table `cards`
--
ALTER TABLE `cards`
  MODIFY `id` int(10) UNSIGNED NOT NULL AUTO_INCREMENT, AUTO_INCREMENT=207;

--
-- AUTO_INCREMENT for table `cards_components`
--
ALTER TABLE `cards_components`
  MODIFY `id` int(10) UNSIGNED NOT NULL AUTO_INCREMENT, AUTO_INCREMENT=33;

--
-- AUTO_INCREMENT for table `cards_products_links`
--
ALTER TABLE `cards_products_links`
  MODIFY `id` int(10) UNSIGNED NOT NULL AUTO_INCREMENT, AUTO_INCREMENT=9;

--
-- AUTO_INCREMENT for table `cards_users_permissions_user_links`
--
ALTER TABLE `cards_users_permissions_user_links`
  MODIFY `id` int(10) UNSIGNED NOT NULL AUTO_INCREMENT, AUTO_INCREMENT=2;

--
-- AUTO_INCREMENT for table `categories`
--
ALTER TABLE `categories`
  MODIFY `id` int(10) UNSIGNED NOT NULL AUTO_INCREMENT, AUTO_INCREMENT=6;

--
-- AUTO_INCREMENT for table `components_cart_data_cart_data`
--
ALTER TABLE `components_cart_data_cart_data`
  MODIFY `id` int(10) UNSIGNED NOT NULL AUTO_INCREMENT, AUTO_INCREMENT=2;

--
-- AUTO_INCREMENT for table `components_cart_data_cart_data_components`
--
ALTER TABLE `components_cart_data_cart_data_components`
  MODIFY `id` int(10) UNSIGNED NOT NULL AUTO_INCREMENT, AUTO_INCREMENT=2;

--
-- AUTO_INCREMENT for table `components_cart_product_cart_products`
--
ALTER TABLE `components_cart_product_cart_products`
  MODIFY `id` int(10) UNSIGNED NOT NULL AUTO_INCREMENT, AUTO_INCREMENT=11;

--
-- AUTO_INCREMENT for table `components_cart_product_cart_products_components`
--
ALTER TABLE `components_cart_product_cart_products_components`
  MODIFY `id` int(10) UNSIGNED NOT NULL AUTO_INCREMENT, AUTO_INCREMENT=68;

--
-- AUTO_INCREMENT for table `components_cart_product_cart_products_products_links`
--
ALTER TABLE `components_cart_product_cart_products_products_links`
  MODIFY `id` int(10) UNSIGNED NOT NULL AUTO_INCREMENT, AUTO_INCREMENT=3;

--
-- AUTO_INCREMENT for table `components_product_list_products`
--
ALTER TABLE `components_product_list_products`
  MODIFY `id` int(10) UNSIGNED NOT NULL AUTO_INCREMENT, AUTO_INCREMENT=11;

--
-- AUTO_INCREMENT for table `components_product_list_products_product_links`
--
ALTER TABLE `components_product_list_products_product_links`
  MODIFY `id` int(10) UNSIGNED NOT NULL AUTO_INCREMENT, AUTO_INCREMENT=5;

--
-- AUTO_INCREMENT for table `components_size_sizes`
--
ALTER TABLE `components_size_sizes`
  MODIFY `id` int(10) UNSIGNED NOT NULL AUTO_INCREMENT, AUTO_INCREMENT=120;

--
-- AUTO_INCREMENT for table `files`
--
ALTER TABLE `files`
  MODIFY `id` int(10) UNSIGNED NOT NULL AUTO_INCREMENT, AUTO_INCREMENT=48;

--
-- AUTO_INCREMENT for table `files_folder_links`
--
ALTER TABLE `files_folder_links`
  MODIFY `id` int(10) UNSIGNED NOT NULL AUTO_INCREMENT, AUTO_INCREMENT=42;

--
-- AUTO_INCREMENT for table `files_related_morphs`
--
ALTER TABLE `files_related_morphs`
  MODIFY `id` int(10) UNSIGNED NOT NULL AUTO_INCREMENT, AUTO_INCREMENT=110;

--
-- AUTO_INCREMENT for table `i18n_locale`
--
ALTER TABLE `i18n_locale`
  MODIFY `id` int(10) UNSIGNED NOT NULL AUTO_INCREMENT, AUTO_INCREMENT=3;

--
-- AUTO_INCREMENT for table `orders`
--
ALTER TABLE `orders`
  MODIFY `id` int(10) UNSIGNED NOT NULL AUTO_INCREMENT, AUTO_INCREMENT=37;

--
-- AUTO_INCREMENT for table `orders_components`
--
ALTER TABLE `orders_components`
  MODIFY `id` int(10) UNSIGNED NOT NULL AUTO_INCREMENT, AUTO_INCREMENT=23;

--
-- AUTO_INCREMENT for table `orders_user_links`
--
ALTER TABLE `orders_user_links`
  MODIFY `id` int(10) UNSIGNED NOT NULL AUTO_INCREMENT, AUTO_INCREMENT=2;

--
-- AUTO_INCREMENT for table `products`
--
ALTER TABLE `products`
  MODIFY `id` int(10) UNSIGNED NOT NULL AUTO_INCREMENT, AUTO_INCREMENT=43;

--
-- AUTO_INCREMENT for table `products_categories_links`
--
ALTER TABLE `products_categories_links`
  MODIFY `id` int(10) UNSIGNED NOT NULL AUTO_INCREMENT, AUTO_INCREMENT=52;

--
-- AUTO_INCREMENT for table `products_components`
--
ALTER TABLE `products_components`
  MODIFY `id` int(10) UNSIGNED NOT NULL AUTO_INCREMENT, AUTO_INCREMENT=133;

--
-- AUTO_INCREMENT for table `strapi_api_tokens`
--
ALTER TABLE `strapi_api_tokens`
  MODIFY `id` int(10) UNSIGNED NOT NULL AUTO_INCREMENT, AUTO_INCREMENT=2;

--
-- AUTO_INCREMENT for table `strapi_api_token_permissions`
--
ALTER TABLE `strapi_api_token_permissions`
  MODIFY `id` int(10) UNSIGNED NOT NULL AUTO_INCREMENT;

--
-- AUTO_INCREMENT for table `strapi_api_token_permissions_token_links`
--
ALTER TABLE `strapi_api_token_permissions_token_links`
  MODIFY `id` int(10) UNSIGNED NOT NULL AUTO_INCREMENT;

--
-- AUTO_INCREMENT for table `strapi_core_store_settings`
--
ALTER TABLE `strapi_core_store_settings`
  MODIFY `id` int(10) UNSIGNED NOT NULL AUTO_INCREMENT, AUTO_INCREMENT=37;

--
-- AUTO_INCREMENT for table `strapi_database_schema`
--
ALTER TABLE `strapi_database_schema`
  MODIFY `id` int(10) UNSIGNED NOT NULL AUTO_INCREMENT, AUTO_INCREMENT=115;

--
-- AUTO_INCREMENT for table `strapi_migrations`
--
ALTER TABLE `strapi_migrations`
  MODIFY `id` int(10) UNSIGNED NOT NULL AUTO_INCREMENT;

--
-- AUTO_INCREMENT for table `strapi_transfer_tokens`
--
ALTER TABLE `strapi_transfer_tokens`
  MODIFY `id` int(10) UNSIGNED NOT NULL AUTO_INCREMENT;

--
-- AUTO_INCREMENT for table `strapi_transfer_token_permissions`
--
ALTER TABLE `strapi_transfer_token_permissions`
  MODIFY `id` int(10) UNSIGNED NOT NULL AUTO_INCREMENT;

--
-- AUTO_INCREMENT for table `strapi_transfer_token_permissions_token_links`
--
ALTER TABLE `strapi_transfer_token_permissions_token_links`
  MODIFY `id` int(10) UNSIGNED NOT NULL AUTO_INCREMENT;

--
-- AUTO_INCREMENT for table `strapi_webhooks`
--
ALTER TABLE `strapi_webhooks`
  MODIFY `id` int(10) UNSIGNED NOT NULL AUTO_INCREMENT;

--
-- AUTO_INCREMENT for table `upload_folders`
--
ALTER TABLE `upload_folders`
  MODIFY `id` int(10) UNSIGNED NOT NULL AUTO_INCREMENT, AUTO_INCREMENT=2;

--
-- AUTO_INCREMENT for table `upload_folders_parent_links`
--
ALTER TABLE `upload_folders_parent_links`
  MODIFY `id` int(10) UNSIGNED NOT NULL AUTO_INCREMENT;

--
-- AUTO_INCREMENT for table `up_permissions`
--
ALTER TABLE `up_permissions`
  MODIFY `id` int(10) UNSIGNED NOT NULL AUTO_INCREMENT, AUTO_INCREMENT=89;

--
-- AUTO_INCREMENT for table `up_permissions_role_links`
--
ALTER TABLE `up_permissions_role_links`
  MODIFY `id` int(10) UNSIGNED NOT NULL AUTO_INCREMENT, AUTO_INCREMENT=89;

--
-- AUTO_INCREMENT for table `up_roles`
--
ALTER TABLE `up_roles`
  MODIFY `id` int(10) UNSIGNED NOT NULL AUTO_INCREMENT, AUTO_INCREMENT=3;

--
-- AUTO_INCREMENT for table `up_users`
--
ALTER TABLE `up_users`
  MODIFY `id` int(10) UNSIGNED NOT NULL AUTO_INCREMENT, AUTO_INCREMENT=11;

--
-- AUTO_INCREMENT for table `up_users_role_links`
--
ALTER TABLE `up_users_role_links`
  MODIFY `id` int(10) UNSIGNED NOT NULL AUTO_INCREMENT, AUTO_INCREMENT=11;

--
-- Constraints for dumped tables
--

--
-- Constraints for table `admin_permissions`
--
ALTER TABLE `admin_permissions`
  ADD CONSTRAINT `admin_permissions_created_by_id_fk` FOREIGN KEY (`created_by_id`) REFERENCES `admin_users` (`id`) ON DELETE SET NULL,
  ADD CONSTRAINT `admin_permissions_updated_by_id_fk` FOREIGN KEY (`updated_by_id`) REFERENCES `admin_users` (`id`) ON DELETE SET NULL;

--
-- Constraints for table `admin_permissions_role_links`
--
ALTER TABLE `admin_permissions_role_links`
  ADD CONSTRAINT `admin_permissions_role_links_fk` FOREIGN KEY (`permission_id`) REFERENCES `admin_permissions` (`id`) ON DELETE CASCADE,
  ADD CONSTRAINT `admin_permissions_role_links_inv_fk` FOREIGN KEY (`role_id`) REFERENCES `admin_roles` (`id`) ON DELETE CASCADE;

--
-- Constraints for table `admin_roles`
--
ALTER TABLE `admin_roles`
  ADD CONSTRAINT `admin_roles_created_by_id_fk` FOREIGN KEY (`created_by_id`) REFERENCES `admin_users` (`id`) ON DELETE SET NULL,
  ADD CONSTRAINT `admin_roles_updated_by_id_fk` FOREIGN KEY (`updated_by_id`) REFERENCES `admin_users` (`id`) ON DELETE SET NULL;

--
-- Constraints for table `admin_users`
--
ALTER TABLE `admin_users`
  ADD CONSTRAINT `admin_users_created_by_id_fk` FOREIGN KEY (`created_by_id`) REFERENCES `admin_users` (`id`) ON DELETE SET NULL,
  ADD CONSTRAINT `admin_users_updated_by_id_fk` FOREIGN KEY (`updated_by_id`) REFERENCES `admin_users` (`id`) ON DELETE SET NULL;

--
-- Constraints for table `admin_users_roles_links`
--
ALTER TABLE `admin_users_roles_links`
  ADD CONSTRAINT `admin_users_roles_links_fk` FOREIGN KEY (`user_id`) REFERENCES `admin_users` (`id`) ON DELETE CASCADE,
  ADD CONSTRAINT `admin_users_roles_links_inv_fk` FOREIGN KEY (`role_id`) REFERENCES `admin_roles` (`id`) ON DELETE CASCADE;

--
-- Constraints for table `cards`
--
ALTER TABLE `cards`
  ADD CONSTRAINT `cards_created_by_id_fk` FOREIGN KEY (`created_by_id`) REFERENCES `admin_users` (`id`) ON DELETE SET NULL,
  ADD CONSTRAINT `cards_updated_by_id_fk` FOREIGN KEY (`updated_by_id`) REFERENCES `admin_users` (`id`) ON DELETE SET NULL;

--
-- Constraints for table `cards_components`
--
ALTER TABLE `cards_components`
  ADD CONSTRAINT `cards_entity_fk` FOREIGN KEY (`entity_id`) REFERENCES `cards` (`id`) ON DELETE CASCADE;

--
-- Constraints for table `cards_products_links`
--
ALTER TABLE `cards_products_links`
  ADD CONSTRAINT `cards_products_links_fk` FOREIGN KEY (`card_id`) REFERENCES `cards` (`id`) ON DELETE CASCADE,
  ADD CONSTRAINT `cards_products_links_inv_fk` FOREIGN KEY (`product_id`) REFERENCES `products` (`id`) ON DELETE CASCADE;

--
-- Constraints for table `cards_users_permissions_user_links`
--
ALTER TABLE `cards_users_permissions_user_links`
  ADD CONSTRAINT `cards_users_permissions_user_links_fk` FOREIGN KEY (`card_id`) REFERENCES `cards` (`id`) ON DELETE CASCADE,
  ADD CONSTRAINT `cards_users_permissions_user_links_inv_fk` FOREIGN KEY (`user_id`) REFERENCES `up_users` (`id`) ON DELETE CASCADE;

--
-- Constraints for table `categories`
--
ALTER TABLE `categories`
  ADD CONSTRAINT `categories_created_by_id_fk` FOREIGN KEY (`created_by_id`) REFERENCES `admin_users` (`id`) ON DELETE SET NULL,
  ADD CONSTRAINT `categories_updated_by_id_fk` FOREIGN KEY (`updated_by_id`) REFERENCES `admin_users` (`id`) ON DELETE SET NULL;

--
-- Constraints for table `components_cart_data_cart_data_components`
--
ALTER TABLE `components_cart_data_cart_data_components`
  ADD CONSTRAINT `components_cart_data_cart_data_entity_fk` FOREIGN KEY (`entity_id`) REFERENCES `components_cart_data_cart_data` (`id`) ON DELETE CASCADE;

--
-- Constraints for table `components_cart_product_cart_products_components`
--
ALTER TABLE `components_cart_product_cart_products_components`
  ADD CONSTRAINT `components_cart_product_cart_products_entity_fk` FOREIGN KEY (`entity_id`) REFERENCES `components_cart_product_cart_products` (`id`) ON DELETE CASCADE;

--
-- Constraints for table `components_cart_product_cart_products_products_links`
--
ALTER TABLE `components_cart_product_cart_products_products_links`
  ADD CONSTRAINT `components_cart_product_cart_products_products_links_fk` FOREIGN KEY (`cart_product_id`) REFERENCES `components_cart_product_cart_products` (`id`) ON DELETE CASCADE,
  ADD CONSTRAINT `components_cart_product_cart_products_products_links_inv_fk` FOREIGN KEY (`product_id`) REFERENCES `products` (`id`) ON DELETE CASCADE;

--
-- Constraints for table `components_product_list_products_product_links`
--
ALTER TABLE `components_product_list_products_product_links`
  ADD CONSTRAINT `components_product_list_products_product_links_fk` FOREIGN KEY (`list_products_id`) REFERENCES `components_product_list_products` (`id`) ON DELETE CASCADE,
  ADD CONSTRAINT `components_product_list_products_product_links_inv_fk` FOREIGN KEY (`product_id`) REFERENCES `products` (`id`) ON DELETE CASCADE;

--
-- Constraints for table `files`
--
ALTER TABLE `files`
  ADD CONSTRAINT `files_created_by_id_fk` FOREIGN KEY (`created_by_id`) REFERENCES `admin_users` (`id`) ON DELETE SET NULL,
  ADD CONSTRAINT `files_updated_by_id_fk` FOREIGN KEY (`updated_by_id`) REFERENCES `admin_users` (`id`) ON DELETE SET NULL;

--
-- Constraints for table `files_folder_links`
--
ALTER TABLE `files_folder_links`
  ADD CONSTRAINT `files_folder_links_fk` FOREIGN KEY (`file_id`) REFERENCES `files` (`id`) ON DELETE CASCADE,
  ADD CONSTRAINT `files_folder_links_inv_fk` FOREIGN KEY (`folder_id`) REFERENCES `upload_folders` (`id`) ON DELETE CASCADE;

--
-- Constraints for table `files_related_morphs`
--
ALTER TABLE `files_related_morphs`
  ADD CONSTRAINT `files_related_morphs_fk` FOREIGN KEY (`file_id`) REFERENCES `files` (`id`) ON DELETE CASCADE;

--
-- Constraints for table `i18n_locale`
--
ALTER TABLE `i18n_locale`
  ADD CONSTRAINT `i18n_locale_created_by_id_fk` FOREIGN KEY (`created_by_id`) REFERENCES `admin_users` (`id`) ON DELETE SET NULL,
  ADD CONSTRAINT `i18n_locale_updated_by_id_fk` FOREIGN KEY (`updated_by_id`) REFERENCES `admin_users` (`id`) ON DELETE SET NULL;

--
-- Constraints for table `orders`
--
ALTER TABLE `orders`
  ADD CONSTRAINT `orders_created_by_id_fk` FOREIGN KEY (`created_by_id`) REFERENCES `admin_users` (`id`) ON DELETE SET NULL,
  ADD CONSTRAINT `orders_updated_by_id_fk` FOREIGN KEY (`updated_by_id`) REFERENCES `admin_users` (`id`) ON DELETE SET NULL;

--
-- Constraints for table `orders_components`
--
ALTER TABLE `orders_components`
  ADD CONSTRAINT `orders_entity_fk` FOREIGN KEY (`entity_id`) REFERENCES `orders` (`id`) ON DELETE CASCADE;

--
-- Constraints for table `orders_user_links`
--
ALTER TABLE `orders_user_links`
  ADD CONSTRAINT `orders_user_links_fk` FOREIGN KEY (`order_id`) REFERENCES `orders` (`id`) ON DELETE CASCADE,
  ADD CONSTRAINT `orders_user_links_inv_fk` FOREIGN KEY (`user_id`) REFERENCES `up_users` (`id`) ON DELETE CASCADE;

--
-- Constraints for table `products`
--
ALTER TABLE `products`
  ADD CONSTRAINT `products_created_by_id_fk` FOREIGN KEY (`created_by_id`) REFERENCES `admin_users` (`id`) ON DELETE SET NULL,
  ADD CONSTRAINT `products_updated_by_id_fk` FOREIGN KEY (`updated_by_id`) REFERENCES `admin_users` (`id`) ON DELETE SET NULL;

--
-- Constraints for table `products_categories_links`
--
ALTER TABLE `products_categories_links`
  ADD CONSTRAINT `products_categories_links_fk` FOREIGN KEY (`product_id`) REFERENCES `products` (`id`) ON DELETE CASCADE,
  ADD CONSTRAINT `products_categories_links_inv_fk` FOREIGN KEY (`category_id`) REFERENCES `categories` (`id`) ON DELETE CASCADE;

--
-- Constraints for table `products_components`
--
ALTER TABLE `products_components`
  ADD CONSTRAINT `products_entity_fk` FOREIGN KEY (`entity_id`) REFERENCES `products` (`id`) ON DELETE CASCADE;

--
-- Constraints for table `strapi_api_tokens`
--
ALTER TABLE `strapi_api_tokens`
  ADD CONSTRAINT `strapi_api_tokens_created_by_id_fk` FOREIGN KEY (`created_by_id`) REFERENCES `admin_users` (`id`) ON DELETE SET NULL,
  ADD CONSTRAINT `strapi_api_tokens_updated_by_id_fk` FOREIGN KEY (`updated_by_id`) REFERENCES `admin_users` (`id`) ON DELETE SET NULL;

--
-- Constraints for table `strapi_api_token_permissions`
--
ALTER TABLE `strapi_api_token_permissions`
  ADD CONSTRAINT `strapi_api_token_permissions_created_by_id_fk` FOREIGN KEY (`created_by_id`) REFERENCES `admin_users` (`id`) ON DELETE SET NULL,
  ADD CONSTRAINT `strapi_api_token_permissions_updated_by_id_fk` FOREIGN KEY (`updated_by_id`) REFERENCES `admin_users` (`id`) ON DELETE SET NULL;

--
-- Constraints for table `strapi_api_token_permissions_token_links`
--
ALTER TABLE `strapi_api_token_permissions_token_links`
  ADD CONSTRAINT `strapi_api_token_permissions_token_links_fk` FOREIGN KEY (`api_token_permission_id`) REFERENCES `strapi_api_token_permissions` (`id`) ON DELETE CASCADE,
  ADD CONSTRAINT `strapi_api_token_permissions_token_links_inv_fk` FOREIGN KEY (`api_token_id`) REFERENCES `strapi_api_tokens` (`id`) ON DELETE CASCADE;

--
-- Constraints for table `strapi_transfer_tokens`
--
ALTER TABLE `strapi_transfer_tokens`
  ADD CONSTRAINT `strapi_transfer_tokens_created_by_id_fk` FOREIGN KEY (`created_by_id`) REFERENCES `admin_users` (`id`) ON DELETE SET NULL,
  ADD CONSTRAINT `strapi_transfer_tokens_updated_by_id_fk` FOREIGN KEY (`updated_by_id`) REFERENCES `admin_users` (`id`) ON DELETE SET NULL;

--
-- Constraints for table `strapi_transfer_token_permissions`
--
ALTER TABLE `strapi_transfer_token_permissions`
  ADD CONSTRAINT `strapi_transfer_token_permissions_created_by_id_fk` FOREIGN KEY (`created_by_id`) REFERENCES `admin_users` (`id`) ON DELETE SET NULL,
  ADD CONSTRAINT `strapi_transfer_token_permissions_updated_by_id_fk` FOREIGN KEY (`updated_by_id`) REFERENCES `admin_users` (`id`) ON DELETE SET NULL;

--
-- Constraints for table `strapi_transfer_token_permissions_token_links`
--
ALTER TABLE `strapi_transfer_token_permissions_token_links`
  ADD CONSTRAINT `strapi_transfer_token_permissions_token_links_fk` FOREIGN KEY (`transfer_token_permission_id`) REFERENCES `strapi_transfer_token_permissions` (`id`) ON DELETE CASCADE,
  ADD CONSTRAINT `strapi_transfer_token_permissions_token_links_inv_fk` FOREIGN KEY (`transfer_token_id`) REFERENCES `strapi_transfer_tokens` (`id`) ON DELETE CASCADE;

--
-- Constraints for table `upload_folders`
--
ALTER TABLE `upload_folders`
  ADD CONSTRAINT `upload_folders_created_by_id_fk` FOREIGN KEY (`created_by_id`) REFERENCES `admin_users` (`id`) ON DELETE SET NULL,
  ADD CONSTRAINT `upload_folders_updated_by_id_fk` FOREIGN KEY (`updated_by_id`) REFERENCES `admin_users` (`id`) ON DELETE SET NULL;

--
-- Constraints for table `upload_folders_parent_links`
--
ALTER TABLE `upload_folders_parent_links`
  ADD CONSTRAINT `upload_folders_parent_links_fk` FOREIGN KEY (`folder_id`) REFERENCES `upload_folders` (`id`) ON DELETE CASCADE,
  ADD CONSTRAINT `upload_folders_parent_links_inv_fk` FOREIGN KEY (`inv_folder_id`) REFERENCES `upload_folders` (`id`) ON DELETE CASCADE;

--
-- Constraints for table `up_permissions`
--
ALTER TABLE `up_permissions`
  ADD CONSTRAINT `up_permissions_created_by_id_fk` FOREIGN KEY (`created_by_id`) REFERENCES `admin_users` (`id`) ON DELETE SET NULL,
  ADD CONSTRAINT `up_permissions_updated_by_id_fk` FOREIGN KEY (`updated_by_id`) REFERENCES `admin_users` (`id`) ON DELETE SET NULL;

--
-- Constraints for table `up_permissions_role_links`
--
ALTER TABLE `up_permissions_role_links`
  ADD CONSTRAINT `up_permissions_role_links_fk` FOREIGN KEY (`permission_id`) REFERENCES `up_permissions` (`id`) ON DELETE CASCADE,
  ADD CONSTRAINT `up_permissions_role_links_inv_fk` FOREIGN KEY (`role_id`) REFERENCES `up_roles` (`id`) ON DELETE CASCADE;

--
-- Constraints for table `up_roles`
--
ALTER TABLE `up_roles`
  ADD CONSTRAINT `up_roles_created_by_id_fk` FOREIGN KEY (`created_by_id`) REFERENCES `admin_users` (`id`) ON DELETE SET NULL,
  ADD CONSTRAINT `up_roles_updated_by_id_fk` FOREIGN KEY (`updated_by_id`) REFERENCES `admin_users` (`id`) ON DELETE SET NULL;

--
-- Constraints for table `up_users`
--
ALTER TABLE `up_users`
  ADD CONSTRAINT `up_users_created_by_id_fk` FOREIGN KEY (`created_by_id`) REFERENCES `admin_users` (`id`) ON DELETE SET NULL,
  ADD CONSTRAINT `up_users_updated_by_id_fk` FOREIGN KEY (`updated_by_id`) REFERENCES `admin_users` (`id`) ON DELETE SET NULL;

--
-- Constraints for table `up_users_role_links`
--
ALTER TABLE `up_users_role_links`
  ADD CONSTRAINT `up_users_role_links_fk` FOREIGN KEY (`user_id`) REFERENCES `up_users` (`id`) ON DELETE CASCADE,
  ADD CONSTRAINT `up_users_role_links_inv_fk` FOREIGN KEY (`role_id`) REFERENCES `up_roles` (`id`) ON DELETE CASCADE;
COMMIT;

/*!40101 SET CHARACTER_SET_CLIENT=@OLD_CHARACTER_SET_CLIENT */;
/*!40101 SET CHARACTER_SET_RESULTS=@OLD_CHARACTER_SET_RESULTS */;
/*!40101 SET COLLATION_CONNECTION=@OLD_COLLATION_CONNECTION */;
